method,sample_id,seed,class,coverage_target,coverage,occlusion_ratio,lpips,psnr,ssim,roi_status,scoring_mode,selected_for_contact_sheet
flux2_prompt,emblem_x_banner_cov50_0,0,emblem_x_banner,0.5,cov50,0.497214,0.22170136868953705,14.521356509830984,0.8118879705831397,ok,located,true
flux2_prompt,emblem_x_banner_cov50_0,1,emblem_x_banner,0.5,cov50,0.497214,0.2239048033952713,14.597970261655535,0.8052335441658247,ok,located,false
flux2_prompt,emblem_x_banner_cov50_0,2,emblem_x_banner,0.5,cov50,0.497214,0.22312328219413757,14.695565309947076,0.810521723835388,ok,located,false
flux2_prompt,emblem_x_banner_cov50_0,3,emblem_x_banner,0.5,cov50,0.497214,0.21964000165462494,14.7357106850062,0.8170310747320139,ok,located,false
flux2_prompt,emblem_x_banner_cov50_0,4,emblem_x_banner,0.5,cov50,0.497214,0.21813829243183136,14.654910908877131,0.8190159479924706,ok,located,false
flux2_prompt,emblem_x_banner_cov50_1,0,emblem_x_banner,0.5,cov50,0.486007,0.18797945976257324,14.56318239738443,0.8400093199359547,ok,located,true
flux2_prompt,emblem_x_banner_cov50_1,1,emblem_x_banner,0.5,cov50,0.486007,0.18717071413993835,14.741868526575532,0.8395900503060437,ok,located,false
flux2_prompt,emblem_x_banner_cov50_1,2,emblem_x_banner,0.5,cov50,0.486007,0.18799203634262085,14.709947568942068,0.8392787618356752,ok,located,false
flux2_prompt,emblem_x_banner_cov50_1,3,emblem_x_banner,0.5,cov50,0.486007,0.1878310739994049,14.616224487441984,0.8401920024851025,ok,located,false
flux2_prompt,emblem_x_banner_cov50_1,4,emblem_x_banner,0.5,cov50,0.486007,0.18871331214904785,14.631223868640038,0.839401542102456,ok,located,false
flux2_prompt,emblem_x_banner_cov50_2,0,emblem_x_banner,0.5,cov50,0.505033,0.3020353615283966,12.435614013759906,0.7424164286930423,ok,located,false
flux2_prompt,emblem_x_banner_cov50_2,1,emblem_x_banner,0.5,cov50,0.505033,0.2926442325115204,12.701157071832858,0.7632166486126669,ok,located,false
flux2_prompt,emblem_x_banner_cov50_2,2,emblem_x_banner,0.5,cov50,0.505033,0.29684191942214966,12.609346185763242,0.7533414133377413,ok,located,true
flux2_prompt,emblem_x_banner_cov50_2,3,emblem_x_banner,0.5,cov50,0.505033,0.2947697043418884,12.548257808214508,0.7553443612080688,ok,located,false
flux2_prompt,emblem_x_banner_cov50_2,4,emblem_x_banner,0.5,cov50,0.505033,0.30198732018470764,12.440106663369644,0.7425729435934242,ok,located,false
flux2_prompt,food_x_plate_cov70_0,0,food_x_plate,0.7,cov70,0.713963,0.5596624612808228,6.42117541541114,0.41308112251927387,ok,located,false
flux2_prompt,food_x_plate_cov70_0,1,food_x_plate,0.7,cov70,0.713963,0.029442204162478447,29.031785097163088,0.9667557453156945,ok,located,false
flux2_prompt,food_x_plate_cov70_0,2,food_x_plate,0.7,cov70,0.713963,0.5603532195091248,6.417337995257856,0.4138390603826134,ok,located,true
flux2_prompt,food_x_plate_cov70_0,3,food_x_plate,0.7,cov70,0.713963,0.5609204173088074,6.48806495949203,0.4052210794338195,ok,located,false
flux2_prompt,food_x_plate_cov70_0,4,food_x_plate,0.7,cov70,0.713963,0.5612583160400391,6.403950604877588,0.41446751815258526,ok,located,false
flux2_prompt,food_x_plate_cov70_1,0,food_x_plate,0.7,cov70,0.695275,0.4795703589916229,8.5066222442648,0.589462850759443,ok,located,false
flux2_prompt,food_x_plate_cov70_1,1,food_x_plate,0.7,cov70,0.695275,0.4294400215148926,9.248977844518265,0.6518501912050083,ok,located,true
flux2_prompt,food_x_plate_cov70_1,2,food_x_plate,0.7,cov70,0.695275,0.42484697699546814,9.089385783659422,0.6340995895128675,ok,located,false
flux2_prompt,food_x_plate_cov70_1,3,food_x_plate,0.7,cov70,0.695275,0.47940194606781006,8.610437127784005,0.595424965741084,ok,located,false
flux2_prompt,food_x_plate_cov70_1,4,food_x_plate,0.7,cov70,0.695275,0.42571359872817993,9.182502481278028,0.6412347979082652,ok,located,false
flux2_prompt,food_x_plate_cov70_2,0,food_x_plate,0.7,cov70,0.695829,0.5338893532752991,7.119038844353765,0.4610805725177716,ok,located,false
flux2_prompt,food_x_plate_cov70_2,1,food_x_plate,0.7,cov70,0.695829,0.011032120324671268,28.9978799564777,0.9770164974949705,ok,located,false
flux2_prompt,food_x_plate_cov70_2,2,food_x_plate,0.7,cov70,0.695829,0.5351380109786987,7.19100380909336,0.46586244728120946,ok,located,false
flux2_prompt,food_x_plate_cov70_2,3,food_x_plate,0.7,cov70,0.695829,0.016080308705568314,26.01906906182956,0.9561139238061864,ok,located,false
flux2_prompt,food_x_plate_cov70_2,4,food_x_plate,0.7,cov70,0.695829,0.48685452342033386,7.9185290631428735,0.5166461317228779,ok,located,true
flux2_prompt,coin_x_chest_cov70_0,0,coin_x_chest,0.7,cov70,0.7127,0.496155709028244,11.650301333118623,0.47166197152904665,ok,located,false
flux2_prompt,coin_x_chest_cov70_0,1,coin_x_chest,0.7,cov70,0.7127,0.49529993534088135,11.664637987325621,0.46956355122559423,ok,located,false
flux2_prompt,coin_x_chest_cov70_0,2,coin_x_chest,0.7,cov70,0.7127,0.4965980350971222,11.596621089036779,0.46500307350624753,ok,located,true
flux2_prompt,coin_x_chest_cov70_0,3,coin_x_chest,0.7,cov70,0.7127,0.49848639965057373,11.42726763788545,0.45045195460257265,ok,located,false
flux2_prompt,coin_x_chest_cov70_0,4,coin_x_chest,0.7,cov70,0.7127,0.5004043579101562,11.489386037750439,0.46350234090194514,ok,located,false
flux2_prompt,coin_x_chest_cov70_1,0,coin_x_chest,0.7,cov70,0.709374,0.45329749584198,11.694051971071657,0.5429149698316437,ok,located,false
flux2_prompt,coin_x_chest_cov70_1,1,coin_x_chest,0.7,cov70,0.709374,0.4506297707557678,11.784475392612048,0.5414054364288327,ok,located,false
flux2_prompt,coin_x_chest_cov70_1,2,coin_x_chest,0.7,cov70,0.709374,0.4523772895336151,11.805670101244816,0.5426253070019394,ok,located,true
flux2_prompt,coin_x_chest_cov70_1,3,coin_x_chest,0.7,cov70,0.709374,0.4529535174369812,11.735768215828859,0.5374358701351659,ok,located,false
flux2_prompt,coin_x_chest_cov70_1,4,coin_x_chest,0.7,cov70,0.709374,0.4507167339324951,11.60424139879816,0.5444855694923457,ok,located,false
flux2_prompt,coin_x_chest_cov70_2,0,coin_x_chest,0.7,cov70,0.707081,0.529395580291748,11.628048576160833,0.4933714404719514,ok,located,true
flux2_prompt,coin_x_chest_cov70_2,1,coin_x_chest,0.7,cov70,0.707081,0.5294638872146606,11.668973339962466,0.49479049412304327,ok,located,false
flux2_prompt,coin_x_chest_cov70_2,2,coin_x_chest,0.7,cov70,0.707081,0.5269514322280884,11.637124585233057,0.5155798410408461,ok,located,false
flux2_prompt,coin_x_chest_cov70_2,3,coin_x_chest,0.7,cov70,0.707081,0.5344124436378479,11.499695324924774,0.4969680051035839,ok,located,false
flux2_prompt,coin_x_chest_cov70_2,4,coin_x_chest,0.7,cov70,0.707081,0.17095427215099335,17.74919439538437,0.6469339480603308,ok,located,false
flux2_prompt,key_x_lock_cov50_0,0,key_x_lock,0.5,cov50,0.485743,0.4465060234069824,9.890897398462998,0.5503071313640859,ok,located,false
flux2_prompt,key_x_lock_cov50_0,1,key_x_lock,0.5,cov50,0.485743,0.10894978046417236,20.239086916525054,0.946423146372657,ok,located,false
flux2_prompt,key_x_lock_cov50_0,2,key_x_lock,0.5,cov50,0.485743,0.44649678468704224,9.919838975229855,0.5496406525043465,ok,located,false
flux2_prompt,key_x_lock_cov50_0,3,key_x_lock,0.5,cov50,0.485743,0.44553670287132263,9.829307692777551,0.5498152160898054,ok,located,true
flux2_prompt,key_x_lock_cov50_0,4,key_x_lock,0.5,cov50,0.485743,0.11146478354930878,20.468921116752167,0.9404204702717185,ok,located,false
flux2_prompt,key_x_lock_cov50_1,0,key_x_lock,0.5,cov50,0.498359,0.5218390822410583,8.666300414220245,0.4697525969432598,ok,located,false
flux2_prompt,key_x_lock_cov50_1,1,key_x_lock,0.5,cov50,0.498359,0.10690261423587799,22.308182738877434,0.91356407873289,ok,located,false
flux2_prompt,key_x_lock_cov50_1,2,key_x_lock,0.5,cov50,0.498359,0.5204737782478333,8.694096815720869,0.47058277901112183,ok,located,false
flux2_prompt,key_x_lock_cov50_1,3,key_x_lock,0.5,cov50,0.498359,0.5209895968437195,8.678637817404425,0.47058082598057477,ok,located,true
flux2_prompt,key_x_lock_cov50_1,4,key_x_lock,0.5,cov50,0.498359,0.5221066474914551,8.73736994205963,0.4704767414110256,ok,located,false
flux2_prompt,key_x_lock_cov50_2,0,key_x_lock,0.5,cov50,0.511836,0.5349686741828918,8.184894661026165,0.44764066184236845,ok,located,false
flux2_prompt,key_x_lock_cov50_2,1,key_x_lock,0.5,cov50,0.511836,0.0980171263217926,21.522692897602095,0.953703828311927,ok,located,false
flux2_prompt,key_x_lock_cov50_2,2,key_x_lock,0.5,cov50,0.511836,0.5355479717254639,8.20417447520003,0.44932586848372713,ok,located,true
flux2_prompt,key_x_lock_cov50_2,3,key_x_lock,0.5,cov50,0.511836,0.5388191938400269,8.143806183182608,0.44789788918177714,ok,located,false
flux2_prompt,key_x_lock_cov50_2,4,key_x_lock,0.5,cov50,0.511836,0.5397937297821045,8.142794452878611,0.44828058090451756,ok,located,false
flux2_prompt,potion_x_crate_cov50_0,0,potion_x_crate,0.5,cov50,0.518319,0.039718158543109894,26.442781121774786,0.9043857289037683,ok,located,false
flux2_prompt,potion_x_crate_cov50_0,1,potion_x_crate,0.5,cov50,0.518319,0.04765083268284798,25.321741243471443,0.8794943637706037,ok,located,false
flux2_prompt,potion_x_crate_cov50_0,2,potion_x_crate,0.5,cov50,0.518319,0.038749851286411285,26.71472147146732,0.9020580301731705,ok,located,true
flux2_prompt,potion_x_crate_cov50_0,3,potion_x_crate,0.5,cov50,0.518319,0.03787316381931305,26.620903205683145,0.9027606162183083,ok,located,false
flux2_prompt,potion_x_crate_cov50_0,4,potion_x_crate,0.5,cov50,0.518319,0.0385265126824379,26.626788226561857,0.901646060644198,ok,located,false
flux2_prompt,potion_x_crate_cov50_1,0,potion_x_crate,0.5,cov50,0.505658,0.026437092572450638,29.44854871784395,0.9285070380518391,ok,located,false
flux2_prompt,potion_x_crate_cov50_1,1,potion_x_crate,0.5,cov50,0.505658,0.01574189029633999,32.64809360344935,0.9470299012468929,ok,located,false
flux2_prompt,potion_x_crate_cov50_1,2,potion_x_crate,0.5,cov50,0.505658,0.015186822041869164,32.70614664714395,0.948854668407631,ok,located,true
flux2_prompt,potion_x_crate_cov50_1,3,potion_x_crate,0.5,cov50,0.505658,0.0147450752556324,33.851270507096075,0.9555723887965525,ok,located,false
flux2_prompt,potion_x_crate_cov50_1,4,potion_x_crate,0.5,cov50,0.505658,0.013361257500946522,33.00420556720098,0.9555974930607724,ok,located,false
flux2_prompt,potion_x_crate_cov50_2,0,potion_x_crate,0.5,cov50,0.514935,0.032508451491594315,27.608477073157257,0.9270955757800774,ok,located,true
flux2_prompt,potion_x_crate_cov50_2,1,potion_x_crate,0.5,cov50,0.514935,0.5155875086784363,11.035694972595596,0.41151838513054706,ok,located,false
flux2_prompt,potion_x_crate_cov50_2,2,potion_x_crate,0.5,cov50,0.514935,0.01713372953236103,32.35588058468825,0.951084641944543,ok,located,false
flux2_prompt,potion_x_crate_cov50_2,3,potion_x_crate,0.5,cov50,0.514935,0.04218566417694092,25.837126160174098,0.8959783406703726,ok,located,false
flux2_prompt,potion_x_crate_cov50_2,4,potion_x_crate,0.5,cov50,0.514935,0.03132077306509018,27.803427968241095,0.928633053859509,ok,located,false
flux2_prompt,gem_x_ring_cov30_0,0,gem_x_ring,0.3,cov30,0.299812,0.46667730808258057,7.002134409684475,0.3868579785239177,ok,located,false
flux2_prompt,gem_x_ring_cov30_0,1,gem_x_ring,0.3,cov30,0.299812,0.545782208442688,5.7995121514399255,0.2968000527403723,ok,located,false
flux2_prompt,gem_x_ring_cov30_0,2,gem_x_ring,0.3,cov30,0.299812,0.5013161897659302,6.584715591173831,0.3142773005209261,ok,located,false
flux2_prompt,gem_x_ring_cov30_0,3,gem_x_ring,0.3,cov30,0.299812,0.3325679898262024,6.824025581262822,0.3642917791943025,ok,located,false
flux2_prompt,gem_x_ring_cov30_0,4,gem_x_ring,0.3,cov30,0.299812,0.4671931564807892,7.0005502111987745,0.38680375509952586,ok,located,true
flux2_prompt,gem_x_ring_cov30_1,0,gem_x_ring,0.3,cov30,0.287595,0.4902873933315277,6.110193597697414,0.3624993120786197,ok,located,false
flux2_prompt,gem_x_ring_cov30_1,1,gem_x_ring,0.3,cov30,0.287595,0.49169376492500305,6.15182379306324,0.3621731615170763,ok,located,false
flux2_prompt,gem_x_ring_cov30_1,2,gem_x_ring,0.3,cov30,0.287595,0.4814542531967163,5.323465939581753,0.2953314514895197,ok,located,false
flux2_prompt,gem_x_ring_cov30_1,3,gem_x_ring,0.3,cov30,0.287595,0.4904818832874298,6.098462104454185,0.3623529183907324,ok,located,true
flux2_prompt,gem_x_ring_cov30_1,4,gem_x_ring,0.3,cov30,0.287595,0.4905361831188202,6.153954338985286,0.3636214185525057,ok,located,false
flux2_prompt,gem_x_ring_cov30_2,0,gem_x_ring,0.3,cov30,0.290504,0.5264443159103394,5.948882053666821,0.3777464613999981,ok,located,true
flux2_prompt,gem_x_ring_cov30_2,1,gem_x_ring,0.3,cov30,0.290504,0.5266333818435669,6.009807825382294,0.37647669066335626,ok,located,false
flux2_prompt,gem_x_ring_cov30_2,2,gem_x_ring,0.3,cov30,0.290504,0.5261858105659485,6.018898008976654,0.37768988582211677,ok,located,false
flux2_prompt,gem_x_ring_cov30_2,3,gem_x_ring,0.3,cov30,0.290504,0.46397751569747925,5.076204064876699,0.2968583571777283,ok,located,false
flux2_prompt,gem_x_ring_cov30_2,4,gem_x_ring,0.3,cov30,0.290504,0.5270331501960754,5.981849628163662,0.37813370650586914,ok,located,false
flux2_prompt,pen_x_book_cov30_0,0,pen_x_book,0.3,cov30,0.310811,0.03719121962785721,26.28033018550509,0.9344406074482556,ok,located,false
flux2_prompt,pen_x_book_cov30_0,1,pen_x_book,0.3,cov30,0.310811,0.030428629368543625,26.513904607959475,0.9472979872868974,ok,located,false
flux2_prompt,pen_x_book_cov30_0,2,pen_x_book,0.3,cov30,0.310811,0.03566546365618706,28.70432818588998,0.9468284673827134,ok,located,false
flux2_prompt,pen_x_book_cov30_0,3,pen_x_book,0.3,cov30,0.310811,0.028645697981119156,27.803684658546896,0.9631619087983947,ok,located,false
flux2_prompt,pen_x_book_cov30_0,4,pen_x_book,0.3,cov30,0.310811,0.035342760384082794,29.22754919624993,0.9526384777175186,ok,located,true
flux2_prompt,pen_x_book_cov30_1,0,pen_x_book,0.3,cov30,0.304428,0.023685187101364136,28.536702813287572,0.9421209659987477,ok,located,false
flux2_prompt,pen_x_book_cov30_1,1,pen_x_book,0.3,cov30,0.304428,0.032435428351163864,26.528272139514442,0.9365129974039053,ok,located,false
flux2_prompt,pen_x_book_cov30_1,2,pen_x_book,0.3,cov30,0.304428,0.01868196204304695,29.075717371548492,0.9483513286817775,ok,located,false
flux2_prompt,pen_x_book_cov30_1,3,pen_x_book,0.3,cov30,0.304428,0.020950622856616974,29.48200785293565,0.9536898914960649,ok,located,true
flux2_prompt,pen_x_book_cov30_1,4,pen_x_book,0.3,cov30,0.304428,0.0195333119481802,30.739040833536144,0.9538879632055419,ok,located,false
flux2_prompt,pen_x_book_cov30_2,0,pen_x_book,0.3,cov30,0.306125,0.02548472210764885,31.828691190514636,0.9719910353774038,ok,located,false
flux2_prompt,pen_x_book_cov30_2,1,pen_x_book,0.3,cov30,0.306125,0.01993689499795437,31.60371580166496,0.9675163185643102,ok,located,false
flux2_prompt,pen_x_book_cov30_2,2,pen_x_book,0.3,cov30,0.306125,0.01880834624171257,34.01112193820525,0.9731308744595383,ok,located,true
flux2_prompt,pen_x_book_cov30_2,3,pen_x_book,0.3,cov30,0.306125,0.01847907155752182,32.01814916532869,0.9735115842698144,ok,located,false
flux2_prompt,pen_x_book_cov30_2,4,pen_x_book,0.3,cov30,0.306125,0.017590941861271858,37.63002021420584,0.979950019646788,ok,located,false
flux2_prompt,sword_x_shield_cov30_0,0,sword_x_shield,0.3,cov30,0.286166,0.027306389063596725,24.71446423714824,0.9052317544102865,ok,located,false
flux2_prompt,sword_x_shield_cov30_0,1,sword_x_shield,0.3,cov30,0.286166,0.06435990333557129,26.935735512238686,0.9502627550467064,ok,located,true
flux2_prompt,sword_x_shield_cov30_0,2,sword_x_shield,0.3,cov30,0.286166,0.0326647087931633,26.14300904917897,0.9416304553802698,ok,located,false
flux2_prompt,sword_x_shield_cov30_0,3,sword_x_shield,0.3,cov30,0.286166,0.07364802062511444,24.098139696468643,0.8940515000569991,ok,located,false
flux2_prompt,sword_x_shield_cov30_0,4,sword_x_shield,0.3,cov30,0.286166,0.547610878944397,10.074799999883457,0.4888905758659015,ok,located,false
flux2_prompt,sword_x_shield_cov30_1,0,sword_x_shield,0.3,cov30,0.280355,0.5671154856681824,9.362316237255829,0.4741876819358583,ok,located,true
flux2_prompt,sword_x_shield_cov30_1,1,sword_x_shield,0.3,cov30,0.280355,0.5674571990966797,9.351764783111658,0.4741111967519776,ok,located,false
flux2_prompt,sword_x_shield_cov30_1,2,sword_x_shield,0.3,cov30,0.280355,0.5667043924331665,9.362629203987986,0.47245740399959396,ok,located,false
flux2_prompt,sword_x_shield_cov30_1,3,sword_x_shield,0.3,cov30,0.280355,0.5663198828697205,9.365729160806787,0.47495152951510083,ok,located,false
flux2_prompt,sword_x_shield_cov30_1,4,sword_x_shield,0.3,cov30,0.280355,0.5672546625137329,9.363644001845664,0.4743086193711921,ok,located,false
flux2_prompt,sword_x_shield_cov30_2,0,sword_x_shield,0.3,cov30,0.284125,0.5653793811798096,9.775036415706284,0.49814362579270094,ok,located,false
flux2_prompt,sword_x_shield_cov30_2,1,sword_x_shield,0.3,cov30,0.284125,0.5649895071983337,9.758258545957439,0.4981163240188424,ok,located,true
flux2_prompt,sword_x_shield_cov30_2,2,sword_x_shield,0.3,cov30,0.284125,0.4626696705818176,10.358704386030182,0.5659597962437498,ok,located,false
flux2_prompt,sword_x_shield_cov30_2,3,sword_x_shield,0.3,cov30,0.284125,0.5645245909690857,9.766751847766672,0.4986418926799847,ok,located,false
flux2_prompt,sword_x_shield_cov30_2,4,sword_x_shield,0.3,cov30,0.284125,0.5652080774307251,9.77435931823071,0.4981136914428319,ok,located,false
flux2_prompt,hammer_x_anvil_cov30_0,0,hammer_x_anvil,0.3,cov30,0.310627,0.036485180258750916,25.282444849124253,0.9732247332389757,ok,located,true
flux2_prompt,hammer_x_anvil_cov30_0,1,hammer_x_anvil,0.3,cov30,0.310627,0.02374490164220333,26.198232890415206,0.9775053212411239,ok,located,false
flux2_prompt,hammer_x_anvil_cov30_0,2,hammer_x_anvil,0.3,cov30,0.310627,0.03149888664484024,25.765016030914456,0.9747640051132822,ok,located,false
flux2_prompt,hammer_x_anvil_cov30_0,3,hammer_x_anvil,0.3,cov30,0.310627,0.04818510636687279,24.350992337343218,0.9737937216701867,ok,located,false
flux2_prompt,hammer_x_anvil_cov30_0,4,hammer_x_anvil,0.3,cov30,0.310627,0.042044200003147125,25.709401053905072,0.9741270656160831,ok,located,false
flux2_prompt,hammer_x_anvil_cov30_1,0,hammer_x_anvil,0.3,cov30,0.280833,0.5685798525810242,9.970778008345626,0.557469754363308,ok,located,true
flux2_prompt,hammer_x_anvil_cov30_1,1,hammer_x_anvil,0.3,cov30,0.280833,0.5691044926643372,9.955291963099228,0.5565035650881635,ok,located,false
flux2_prompt,hammer_x_anvil_cov30_1,2,hammer_x_anvil,0.3,cov30,0.280833,0.5693905353546143,9.981192547540298,0.5113396725514813,ok,located,false
flux2_prompt,hammer_x_anvil_cov30_1,3,hammer_x_anvil,0.3,cov30,0.280833,0.5680558681488037,9.986327927081591,0.5572749595351832,ok,located,false
flux2_prompt,hammer_x_anvil_cov30_1,4,hammer_x_anvil,0.3,cov30,0.280833,0.567297637462616,10.155591339066714,0.5582295213330554,ok,located,false
flux2_prompt,hammer_x_anvil_cov30_2,0,hammer_x_anvil,0.3,cov30,0.306076,0.5501683950424194,10.539247830748629,0.5563647117481479,ok,located,false
flux2_prompt,hammer_x_anvil_cov30_2,1,hammer_x_anvil,0.3,cov30,0.306076,0.054871756583452225,24.189681159076653,0.9116894310966913,ok,located,false
flux2_prompt,hammer_x_anvil_cov30_2,2,hammer_x_anvil,0.3,cov30,0.306076,0.01968037337064743,31.573117908486246,0.9779733135618981,ok,located,false
flux2_prompt,hammer_x_anvil_cov30_2,3,hammer_x_anvil,0.3,cov30,0.306076,0.03450120985507965,30.416101002275788,0.9713943443995028,ok,located,true
flux2_prompt,hammer_x_anvil_cov30_2,4,hammer_x_anvil,0.3,cov30,0.306076,0.015847448259592056,32.78623248284498,0.9810861587988046,ok,located,false
flux2_bbox,emblem_x_banner_cov50_0,0,emblem_x_banner,0.5,cov50,0.497214,0.21896442770957947,14.638382707249233,0.8143027070470724,ok,located,false
flux2_bbox,emblem_x_banner_cov50_0,1,emblem_x_banner,0.5,cov50,0.497214,0.21851763129234314,14.67937036067498,0.8156558795034122,ok,located,false
flux2_bbox,emblem_x_banner_cov50_0,2,emblem_x_banner,0.5,cov50,0.497214,0.2201535403728485,14.716578804411098,0.8161329521158072,ok,located,false
flux2_bbox,emblem_x_banner_cov50_0,3,emblem_x_banner,0.5,cov50,0.497214,0.218606099486351,14.719953419980282,0.8157738652917651,ok,located,true
flux2_bbox,emblem_x_banner_cov50_0,4,emblem_x_banner,0.5,cov50,0.497214,0.21858522295951843,14.698924332062619,0.8154392626535044,ok,located,false
flux2_bbox,emblem_x_banner_cov50_1,0,emblem_x_banner,0.5,cov50,0.486007,0.1864221692085266,14.667875910601705,0.839785330528762,ok,located,true
flux2_bbox,emblem_x_banner_cov50_1,1,emblem_x_banner,0.5,cov50,0.486007,0.18716712296009064,14.719994693558796,0.839646393705401,ok,located,false
flux2_bbox,emblem_x_banner_cov50_1,2,emblem_x_banner,0.5,cov50,0.486007,0.18586425483226776,14.743517771527891,0.8396120242719493,ok,located,false
flux2_bbox,emblem_x_banner_cov50_1,3,emblem_x_banner,0.5,cov50,0.486007,0.18629267811775208,14.757051173468883,0.8402327078241547,ok,located,false
flux2_bbox,emblem_x_banner_cov50_1,4,emblem_x_banner,0.5,cov50,0.486007,0.18721118569374084,14.680952677253462,0.8396528496070762,ok,located,false
flux2_bbox,emblem_x_banner_cov50_2,0,emblem_x_banner,0.5,cov50,0.505033,0.3022017776966095,12.466657528932245,0.7425044084585112,ok,located,false
flux2_bbox,emblem_x_banner_cov50_2,1,emblem_x_banner,0.5,cov50,0.505033,0.29061198234558105,12.856744671579289,0.762547498260202,ok,located,false
flux2_bbox,emblem_x_banner_cov50_2,2,emblem_x_banner,0.5,cov50,0.505033,0.29352521896362305,12.62233959416045,0.7499468982823195,ok,located,false
flux2_bbox,emblem_x_banner_cov50_2,3,emblem_x_banner,0.5,cov50,0.505033,0.2941027879714966,12.60595453346069,0.755436564096827,ok,located,false
flux2_bbox,emblem_x_banner_cov50_2,4,emblem_x_banner,0.5,cov50,0.505033,0.2938315272331238,12.57050524693016,0.7554217255903811,ok,located,true
flux2_bbox,food_x_plate_cov70_0,0,food_x_plate,0.7,cov70,0.713963,0.5601441860198975,6.418550258125438,0.4119043295195701,ok,located,true
flux2_bbox,food_x_plate_cov70_0,1,food_x_plate,0.7,cov70,0.713963,0.5625324249267578,6.4500492318042015,0.40030275341347826,ok,located,false
flux2_bbox,food_x_plate_cov70_0,2,food_x_plate,0.7,cov70,0.713963,0.5608005523681641,6.430305778650948,0.3997713995046152,ok,located,false
flux2_bbox,food_x_plate_cov70_0,3,food_x_plate,0.7,cov70,0.713963,0.559704065322876,6.5792231592428845,0.40526429570928785,ok,located,false
flux2_bbox,food_x_plate_cov70_0,4,food_x_plate,0.7,cov70,0.713963,0.5601036548614502,6.488293757577136,0.4138736948235624,ok,located,false
flux2_bbox,food_x_plate_cov70_1,0,food_x_plate,0.7,cov70,0.695275,0.4761897325515747,8.593177867162394,0.5858094203541916,ok,located,false
flux2_bbox,food_x_plate_cov70_1,1,food_x_plate,0.7,cov70,0.695275,0.47315019369125366,8.92705790354707,0.6049831074324277,ok,located,false
flux2_bbox,food_x_plate_cov70_1,2,food_x_plate,0.7,cov70,0.695275,0.47100594639778137,8.610034740525272,0.5768180180207424,ok,located,false
flux2_bbox,food_x_plate_cov70_1,3,food_x_plate,0.7,cov70,0.695275,0.47436457872390747,8.69348620980857,0.5886034555041153,ok,located,true
flux2_bbox,food_x_plate_cov70_1,4,food_x_plate,0.7,cov70,0.695275,0.4754970073699951,8.333775295896054,0.539245423093913,ok,located,false
flux2_bbox,food_x_plate_cov70_2,0,food_x_plate,0.7,cov70,0.695829,0.5321018695831299,7.179113818504986,0.46053865939327715,ok,located,false
flux2_bbox,food_x_plate_cov70_2,1,food_x_plate,0.7,cov70,0.695829,0.5327082276344299,7.3111311735625995,0.46351127262619934,ok,located,true
flux2_bbox,food_x_plate_cov70_2,2,food_x_plate,0.7,cov70,0.695829,0.5318488478660583,7.2160021157271235,0.46272754165562774,ok,located,false
flux2_bbox,food_x_plate_cov70_2,3,food_x_plate,0.7,cov70,0.695829,0.5328450202941895,7.32603632231231,0.4627947176623742,ok,located,false
flux2_bbox,food_x_plate_cov70_2,4,food_x_plate,0.7,cov70,0.695829,0.5333429574966431,7.201332674046981,0.46286533913021294,ok,located,false
flux2_bbox,coin_x_chest_cov70_0,0,coin_x_chest,0.7,cov70,0.7127,0.5004263520240784,11.481977716705089,0.46629587151244095,ok,located,false
flux2_bbox,coin_x_chest_cov70_0,1,coin_x_chest,0.7,cov70,0.7127,0.49977609515190125,11.165184612749766,0.46062676396983554,ok,located,true
flux2_bbox,coin_x_chest_cov70_0,2,coin_x_chest,0.7,cov70,0.7127,0.49739453196525574,11.501824768988683,0.4516050442223278,ok,located,false
flux2_bbox,coin_x_chest_cov70_0,3,coin_x_chest,0.7,cov70,0.7127,0.5032281279563904,11.045067480933419,0.4624897809414214,ok,located,false
flux2_bbox,coin_x_chest_cov70_0,4,coin_x_chest,0.7,cov70,0.7127,0.49949339032173157,11.361608395819419,0.4637398148853909,ok,located,false
flux2_bbox,coin_x_chest_cov70_1,0,coin_x_chest,0.7,cov70,0.709374,0.45569929480552673,11.242917045461773,0.5481539602771187,ok,located,false
flux2_bbox,coin_x_chest_cov70_1,1,coin_x_chest,0.7,cov70,0.709374,0.4551224112510681,11.262063742648131,0.5078382515266259,ok,located,true
flux2_bbox,coin_x_chest_cov70_1,2,coin_x_chest,0.7,cov70,0.709374,0.45536044239997864,11.42515415864192,0.5494127428069967,ok,located,false
flux2_bbox,coin_x_chest_cov70_1,3,coin_x_chest,0.7,cov70,0.709374,0.4541607201099396,11.345664696493953,0.547934479958897,ok,located,false
flux2_bbox,coin_x_chest_cov70_1,4,coin_x_chest,0.7,cov70,0.709374,0.4511898458003998,11.506553089610518,0.5507211495162758,ok,located,false
flux2_bbox,coin_x_chest_cov70_2,0,coin_x_chest,0.7,cov70,0.707081,0.5326379537582397,11.337652071756194,0.497086614949428,ok,located,false
flux2_bbox,coin_x_chest_cov70_2,1,coin_x_chest,0.7,cov70,0.707081,0.5285601019859314,11.473851399462909,0.5192064719560465,ok,located,false
flux2_bbox,coin_x_chest_cov70_2,2,coin_x_chest,0.7,cov70,0.707081,0.5293627977371216,11.144028531866468,0.5099214341087094,ok,located,false
flux2_bbox,coin_x_chest_cov70_2,3,coin_x_chest,0.7,cov70,0.707081,0.5286561846733093,11.520791148137873,0.5252941453516312,ok,located,true
flux2_bbox,coin_x_chest_cov70_2,4,coin_x_chest,0.7,cov70,0.707081,0.5277811288833618,11.520050590805829,0.5263153862206046,ok,located,false
flux2_bbox,key_x_lock_cov50_0,0,key_x_lock,0.5,cov50,0.485743,0.4482412040233612,9.852693068032801,0.5502630361352202,ok,located,false
flux2_bbox,key_x_lock_cov50_0,1,key_x_lock,0.5,cov50,0.485743,0.44790637493133545,9.730686869805933,0.5528480063544937,ok,located,false
flux2_bbox,key_x_lock_cov50_0,2,key_x_lock,0.5,cov50,0.485743,0.445593923330307,9.869705825581224,0.5498849149337488,ok,located,false
flux2_bbox,key_x_lock_cov50_0,3,key_x_lock,0.5,cov50,0.485743,0.4467744827270508,9.753593944970948,0.5515708791370756,ok,located,false
flux2_bbox,key_x_lock_cov50_0,4,key_x_lock,0.5,cov50,0.485743,0.4475157856941223,9.902826999569058,0.551859828969537,ok,located,true
flux2_bbox,key_x_lock_cov50_1,0,key_x_lock,0.5,cov50,0.498359,0.5221903920173645,8.664049372211068,0.4704986733025715,ok,located,false
flux2_bbox,key_x_lock_cov50_1,1,key_x_lock,0.5,cov50,0.498359,0.5244318246841431,8.492214365747557,0.4706513163186313,ok,located,false
flux2_bbox,key_x_lock_cov50_1,2,key_x_lock,0.5,cov50,0.498359,0.5242559313774109,8.533147160302311,0.47004804800664296,ok,located,true
flux2_bbox,key_x_lock_cov50_1,3,key_x_lock,0.5,cov50,0.498359,0.5229450464248657,8.640181758017484,0.47020296115130406,ok,located,false
flux2_bbox,key_x_lock_cov50_1,4,key_x_lock,0.5,cov50,0.498359,0.5243122577667236,8.660571370434674,0.4705279676401601,ok,located,false
flux2_bbox,key_x_lock_cov50_2,0,key_x_lock,0.5,cov50,0.511836,0.5359506011009216,8.143360222850502,0.44766932801934584,ok,located,false
flux2_bbox,key_x_lock_cov50_2,1,key_x_lock,0.5,cov50,0.511836,0.5412387847900391,7.943426470337426,0.44707733842826375,ok,located,false
flux2_bbox,key_x_lock_cov50_2,2,key_x_lock,0.5,cov50,0.511836,0.536479651927948,8.102985514892717,0.447447174168131,ok,located,true
flux2_bbox,key_x_lock_cov50_2,3,key_x_lock,0.5,cov50,0.511836,0.5380308628082275,8.10606776207335,0.44786983891815363,ok,located,false
flux2_bbox,key_x_lock_cov50_2,4,key_x_lock,0.5,cov50,0.511836,0.5359179973602295,8.06646785532531,0.4480383408825495,ok,located,false
flux2_bbox,potion_x_crate_cov50_0,0,potion_x_crate,0.5,cov50,0.518319,0.5575951933860779,9.78949967954603,0.34318646149030085,ok,located,false
flux2_bbox,potion_x_crate_cov50_0,1,potion_x_crate,0.5,cov50,0.518319,0.5594069361686707,9.874050340452884,0.33284222986967527,ok,located,false
flux2_bbox,potion_x_crate_cov50_0,2,potion_x_crate,0.5,cov50,0.518319,0.5544639229774475,9.767537158402451,0.34910041849160484,ok,located,false
flux2_bbox,potion_x_crate_cov50_0,3,potion_x_crate,0.5,cov50,0.518319,0.5549108386039734,9.806773259470024,0.3455427526910655,ok,located,true
flux2_bbox,potion_x_crate_cov50_0,4,potion_x_crate,0.5,cov50,0.518319,0.5523797869682312,9.842084575800378,0.34737599923448576,ok,located,false
flux2_bbox,potion_x_crate_cov50_1,0,potion_x_crate,0.5,cov50,0.505658,0.50343918800354,10.957436971233625,0.47234840764151403,ok,located,true
flux2_bbox,potion_x_crate_cov50_1,1,potion_x_crate,0.5,cov50,0.505658,0.5031264424324036,10.923592119227912,0.46008866134945886,ok,located,false
flux2_bbox,potion_x_crate_cov50_1,2,potion_x_crate,0.5,cov50,0.505658,0.5042237639427185,11.104568492505255,0.42763538928249717,ok,located,false
flux2_bbox,potion_x_crate_cov50_1,3,potion_x_crate,0.5,cov50,0.505658,0.505264401435852,10.790634117595932,0.4809194469661016,ok,located,false
flux2_bbox,potion_x_crate_cov50_1,4,potion_x_crate,0.5,cov50,0.505658,0.5034235715866089,10.83828241677649,0.4834032156770462,ok,located,false
flux2_bbox,potion_x_crate_cov50_2,0,potion_x_crate,0.5,cov50,0.514935,0.5072545409202576,10.108249113120692,0.38407886017611786,ok,located,false
flux2_bbox,potion_x_crate_cov50_2,1,potion_x_crate,0.5,cov50,0.514935,0.5085141658782959,10.056128619870343,0.3655450938582658,ok,located,false
flux2_bbox,potion_x_crate_cov50_2,2,potion_x_crate,0.5,cov50,0.514935,0.5075841546058655,10.273301765488366,0.3434173073917079,ok,located,false
flux2_bbox,potion_x_crate_cov50_2,3,potion_x_crate,0.5,cov50,0.514935,0.5072546601295471,9.93459835551944,0.3970428289292099,ok,located,true
flux2_bbox,potion_x_crate_cov50_2,4,potion_x_crate,0.5,cov50,0.514935,0.5061308741569519,9.989611063373797,0.39677941013622803,ok,located,false
flux2_bbox,gem_x_ring_cov30_0,0,gem_x_ring,0.3,cov30,0.299812,0.4665561318397522,6.907397913078358,0.38783660035695305,ok,located,true
flux2_bbox,gem_x_ring_cov30_0,1,gem_x_ring,0.3,cov30,0.299812,0.4655712842941284,6.720090594897269,0.3815151178848226,ok,located,false
flux2_bbox,gem_x_ring_cov30_0,2,gem_x_ring,0.3,cov30,0.299812,0.466769278049469,6.940596927933377,0.3871912837988461,ok,located,false
flux2_bbox,gem_x_ring_cov30_0,3,gem_x_ring,0.3,cov30,0.299812,0.46620213985443115,6.8735091131060235,0.3878011097199583,ok,located,false
flux2_bbox,gem_x_ring_cov30_0,4,gem_x_ring,0.3,cov30,0.299812,0.46859848499298096,6.911102304688427,0.38750078871575155,ok,located,false
flux2_bbox,gem_x_ring_cov30_1,0,gem_x_ring,0.3,cov30,0.287595,0.48777487874031067,6.04566437104213,0.36342191443144506,ok,located,false
flux2_bbox,gem_x_ring_cov30_1,1,gem_x_ring,0.3,cov30,0.287595,0.48827576637268066,5.923077151007772,0.36219712607363674,ok,located,true
flux2_bbox,gem_x_ring_cov30_1,2,gem_x_ring,0.3,cov30,0.287595,0.4880329966545105,6.032374484672003,0.36337316504107325,ok,located,false
flux2_bbox,gem_x_ring_cov30_1,3,gem_x_ring,0.3,cov30,0.287595,0.48980051279067993,5.990224530054862,0.3626678253746653,ok,located,false
flux2_bbox,gem_x_ring_cov30_1,4,gem_x_ring,0.3,cov30,0.287595,0.4896087050437927,6.006803445543297,0.36297121921142744,ok,located,false
flux2_bbox,gem_x_ring_cov30_2,0,gem_x_ring,0.3,cov30,0.290504,0.5308425426483154,5.831029338834703,0.3780900078359559,ok,located,false
flux2_bbox,gem_x_ring_cov30_2,1,gem_x_ring,0.3,cov30,0.290504,0.5269623398780823,5.767766857960275,0.37553649714119297,ok,located,false
flux2_bbox,gem_x_ring_cov30_2,2,gem_x_ring,0.3,cov30,0.290504,0.5302947759628296,5.997232428113914,0.36482581440603384,ok,located,true
flux2_bbox,gem_x_ring_cov30_2,3,gem_x_ring,0.3,cov30,0.290504,0.5261819362640381,5.727253943755296,0.3768920881815996,ok,located,false
flux2_bbox,gem_x_ring_cov30_2,4,gem_x_ring,0.3,cov30,0.290504,0.5305863618850708,5.859944163917081,0.37812492027281763,ok,located,false
flux2_bbox,pen_x_book_cov30_0,0,pen_x_book,0.3,cov30,0.310811,0.7000068426132202,10.190050785502958,0.4121507006833152,ok,located,false
flux2_bbox,pen_x_book_cov30_0,1,pen_x_book,0.3,cov30,0.310811,0.6963227391242981,10.02964046055644,0.3988411237495851,ok,located,true
flux2_bbox,pen_x_book_cov30_0,2,pen_x_book,0.3,cov30,0.310811,0.6994776725769043,10.254968181288664,0.4039085356184859,ok,located,false
flux2_bbox,pen_x_book_cov30_0,3,pen_x_book,0.3,cov30,0.310811,0.6955923438072205,10.302162342432217,0.4170276208404758,ok,located,false
flux2_bbox,pen_x_book_cov30_0,4,pen_x_book,0.3,cov30,0.310811,0.6955629587173462,10.372199477023498,0.41701718178794334,ok,located,false
flux2_bbox,pen_x_book_cov30_1,0,pen_x_book,0.3,cov30,0.304428,0.6756021976470947,10.45139878906576,0.3782933906499164,ok,located,false
flux2_bbox,pen_x_book_cov30_1,1,pen_x_book,0.3,cov30,0.304428,0.6439330577850342,12.252023468038683,0.4218044553813846,ok,located,false
flux2_bbox,pen_x_book_cov30_1,2,pen_x_book,0.3,cov30,0.304428,0.6771025657653809,10.547208269050273,0.3665463912927131,ok,located,true
flux2_bbox,pen_x_book_cov30_1,3,pen_x_book,0.3,cov30,0.304428,0.6884334683418274,10.571417320837117,0.374101451091078,ok,located,false
flux2_bbox,pen_x_book_cov30_1,4,pen_x_book,0.3,cov30,0.304428,0.6854821443557739,10.56731086553068,0.3748187055690517,ok,located,false
flux2_bbox,pen_x_book_cov30_2,0,pen_x_book,0.3,cov30,0.306125,0.614211916923523,11.165894216672438,0.4729344078306017,ok,located,false
flux2_bbox,pen_x_book_cov30_2,1,pen_x_book,0.3,cov30,0.306125,0.5903319120407104,11.232897394731955,0.5003268661354339,ok,located,false
flux2_bbox,pen_x_book_cov30_2,2,pen_x_book,0.3,cov30,0.306125,0.5991041660308838,11.283470925431354,0.46720664633377185,ok,located,false
flux2_bbox,pen_x_book_cov30_2,3,pen_x_book,0.3,cov30,0.306125,0.5940908193588257,11.258743922354611,0.49313838244140556,ok,located,true
flux2_bbox,pen_x_book_cov30_2,4,pen_x_book,0.3,cov30,0.306125,0.5933593511581421,11.264772887276632,0.4930974014894942,ok,located,false
flux2_bbox,sword_x_shield_cov30_0,0,sword_x_shield,0.3,cov30,0.286166,0.5458148717880249,10.006582162335476,0.4875755125582886,ok,located,false
flux2_bbox,sword_x_shield_cov30_0,1,sword_x_shield,0.3,cov30,0.286166,0.5480984449386597,9.976251899840957,0.4842747238154032,ok,located,false
flux2_bbox,sword_x_shield_cov30_0,2,sword_x_shield,0.3,cov30,0.286166,0.5448143482208252,10.012938480532629,0.48185158019275165,ok,located,false
flux2_bbox,sword_x_shield_cov30_0,3,sword_x_shield,0.3,cov30,0.286166,0.5455562472343445,10.02581986153463,0.4884771442889653,ok,located,false
flux2_bbox,sword_x_shield_cov30_0,4,sword_x_shield,0.3,cov30,0.286166,0.5457044839859009,10.00894054356553,0.48831597759098694,ok,located,true
flux2_bbox,sword_x_shield_cov30_1,0,sword_x_shield,0.3,cov30,0.280355,0.5669735074043274,9.347640391668701,0.47455631938144555,ok,located,true
flux2_bbox,sword_x_shield_cov30_1,1,sword_x_shield,0.3,cov30,0.280355,0.5672405362129211,9.311580192312626,0.4735043184654177,ok,located,false
flux2_bbox,sword_x_shield_cov30_1,2,sword_x_shield,0.3,cov30,0.280355,0.5671470761299133,9.345699871183262,0.4700066994667531,ok,located,false
flux2_bbox,sword_x_shield_cov30_1,3,sword_x_shield,0.3,cov30,0.280355,0.5665042996406555,9.348712873660679,0.47480968570976306,ok,located,false
flux2_bbox,sword_x_shield_cov30_1,4,sword_x_shield,0.3,cov30,0.280355,0.5668209791183472,9.352746718685022,0.4745611825001587,ok,located,false
flux2_bbox,sword_x_shield_cov30_2,0,sword_x_shield,0.3,cov30,0.284125,0.5647318363189697,9.7379671778905,0.4983426747679369,ok,located,true
flux2_bbox,sword_x_shield_cov30_2,1,sword_x_shield,0.3,cov30,0.284125,0.5648742914199829,9.638045632123157,0.496425258928119,ok,located,false
flux2_bbox,sword_x_shield_cov30_2,2,sword_x_shield,0.3,cov30,0.284125,0.5649992227554321,9.72186709042106,0.49841535824229277,ok,located,false
flux2_bbox,sword_x_shield_cov30_2,3,sword_x_shield,0.3,cov30,0.284125,0.564128041267395,9.702892509281595,0.49818492136195713,ok,located,false
flux2_bbox,sword_x_shield_cov30_2,4,sword_x_shield,0.3,cov30,0.284125,0.5641673803329468,9.73915462640301,0.49834145201025787,ok,located,false
flux2_bbox,hammer_x_anvil_cov30_0,0,hammer_x_anvil,0.3,cov30,0.310627,0.5295261144638062,10.996478465957365,0.5821487503585914,ok,located,false
flux2_bbox,hammer_x_anvil_cov30_0,1,hammer_x_anvil,0.3,cov30,0.310627,0.5289688110351562,10.83535836930244,0.5890859778056335,ok,located,true
flux2_bbox,hammer_x_anvil_cov30_0,2,hammer_x_anvil,0.3,cov30,0.310627,0.5290670394897461,11.021408183915637,0.5464878742870227,ok,located,false
flux2_bbox,hammer_x_anvil_cov30_0,3,hammer_x_anvil,0.3,cov30,0.310627,0.5279483199119568,11.114772845711009,0.5895138169274784,ok,located,false
flux2_bbox,hammer_x_anvil_cov30_0,4,hammer_x_anvil,0.3,cov30,0.310627,0.5272471308708191,11.190400260520724,0.5899285721532551,ok,located,false
flux2_bbox,hammer_x_anvil_cov30_1,0,hammer_x_anvil,0.3,cov30,0.280833,0.569757342338562,9.87302537710579,0.49810305783756714,ok,located,false
flux2_bbox,hammer_x_anvil_cov30_1,1,hammer_x_anvil,0.3,cov30,0.280833,0.5720751881599426,9.817473822050701,0.5240384902374893,ok,located,false
flux2_bbox,hammer_x_anvil_cov30_1,2,hammer_x_anvil,0.3,cov30,0.280833,0.5682753324508667,9.894226655877354,0.5161882217898767,ok,located,true
flux2_bbox,hammer_x_anvil_cov30_1,3,hammer_x_anvil,0.3,cov30,0.280833,0.5678026080131531,9.871253969473832,0.5587326727344554,ok,located,false
flux2_bbox,hammer_x_anvil_cov30_1,4,hammer_x_anvil,0.3,cov30,0.280833,0.567511796951294,9.963766540950552,0.55941169948679,ok,located,false
flux2_bbox,hammer_x_anvil_cov30_2,0,hammer_x_anvil,0.3,cov30,0.306076,0.55206698179245,10.407455253534334,0.5523525692649908,ok,located,false
flux2_bbox,hammer_x_anvil_cov30_2,1,hammer_x_anvil,0.3,cov30,0.306076,0.5550164580345154,10.367093084911412,0.5331911973810044,ok,located,false
flux2_bbox,hammer_x_anvil_cov30_2,2,hammer_x_anvil,0.3,cov30,0.306076,0.5543573498725891,10.315754374751133,0.5000074865508335,ok,located,false
flux2_bbox,hammer_x_anvil_cov30_2,3,hammer_x_anvil,0.3,cov30,0.306076,0.553859293460846,10.490046656951948,0.5530660706242564,ok,located,true
flux2_bbox,hammer_x_anvil_cov30_2,4,hammer_x_anvil,0.3,cov30,0.306076,0.5502344369888306,10.556909342175917,0.556522052534406,ok,located,false
qwen2508_prompt,emblem_x_banner_cov50_0,0,emblem_x_banner,0.5,cov50,0.497214,0.6583778262138367,6.516380211989576,0.2710722601973125,roi_failure,target_bbox_fallback,false
qwen2508_prompt,emblem_x_banner_cov50_0,1,emblem_x_banner,0.5,cov50,0.497214,0.6642578840255737,6.1118219349644685,0.2751579734201574,roi_failure,target_bbox_fallback,true
qwen2508_prompt,emblem_x_banner_cov50_0,2,emblem_x_banner,0.5,cov50,0.497214,0.4834568500518799,8.590912036282516,0.5117835498109385,ok,located,false
qwen2508_prompt,emblem_x_banner_cov50_0,3,emblem_x_banner,0.5,cov50,0.497214,0.7009834051132202,7.757130565148368,0.2777980302324275,roi_failure,target_bbox_fallback,false
qwen2508_prompt,emblem_x_banner_cov50_0,4,emblem_x_banner,0.5,cov50,0.497214,0.694110631942749,7.318000756305528,0.2732977389537314,roi_failure,target_bbox_fallback,false
qwen2508_prompt,emblem_x_banner_cov50_1,0,emblem_x_banner,0.5,cov50,0.486007,0.6216627359390259,5.888090632043497,0.3330588660324883,roi_failure,target_bbox_fallback,true
qwen2508_prompt,emblem_x_banner_cov50_1,1,emblem_x_banner,0.5,cov50,0.486007,0.6674368381500244,5.511377485282756,0.2467878817997243,ok,located,false
qwen2508_prompt,emblem_x_banner_cov50_1,2,emblem_x_banner,0.5,cov50,0.486007,0.412067174911499,8.96685430528877,0.5508748830080196,ok,located,false
qwen2508_prompt,emblem_x_banner_cov50_1,3,emblem_x_banner,0.5,cov50,0.486007,0.6267389059066772,7.202962107064883,0.33664063534262967,roi_failure,target_bbox_fallback,false
qwen2508_prompt,emblem_x_banner_cov50_1,4,emblem_x_banner,0.5,cov50,0.486007,0.6121803522109985,6.229595164818345,0.3324596834416047,roi_failure,target_bbox_fallback,false
qwen2508_prompt,emblem_x_banner_cov50_2,0,emblem_x_banner,0.5,cov50,0.505033,0.7084771394729614,4.649866548762129,0.07471402808710291,ok,located,false
qwen2508_prompt,emblem_x_banner_cov50_2,1,emblem_x_banner,0.5,cov50,0.505033,0.6556527018547058,5.81935487940624,0.2764711390816524,ok,located,false
qwen2508_prompt,emblem_x_banner_cov50_2,2,emblem_x_banner,0.5,cov50,0.505033,0.3062742054462433,12.276936031622759,0.6879900914667173,ok,located,false
qwen2508_prompt,emblem_x_banner_cov50_2,3,emblem_x_banner,0.5,cov50,0.505033,0.705403208732605,4.297169392017856,0.07677280733255999,ok,located,false
qwen2508_prompt,emblem_x_banner_cov50_2,4,emblem_x_banner,0.5,cov50,0.505033,0.6913912892341614,4.941644307443647,0.06768424731305465,ok,located,true
qwen2508_prompt,food_x_plate_cov70_0,0,food_x_plate,0.7,cov70,0.713963,0.7106174230575562,4.803899820068407,0.33324121604473705,ok,located,true
qwen2508_prompt,food_x_plate_cov70_0,1,food_x_plate,0.7,cov70,0.713963,0.7434881925582886,4.050809435836989,0.21478193784327018,roi_failure,target_bbox_fallback,false
qwen2508_prompt,food_x_plate_cov70_0,2,food_x_plate,0.7,cov70,0.713963,0.04389379173517227,31.903184668369345,0.9689484070779657,ok,located,false
qwen2508_prompt,food_x_plate_cov70_0,3,food_x_plate,0.7,cov70,0.713963,0.7399122714996338,4.910844099533852,0.2029483632935044,roi_failure,target_bbox_fallback,false
qwen2508_prompt,food_x_plate_cov70_0,4,food_x_plate,0.7,cov70,0.713963,0.5784425735473633,6.882751777879711,0.30007310245741886,roi_failure,target_bbox_fallback,false
qwen2508_prompt,food_x_plate_cov70_1,0,food_x_plate,0.7,cov70,0.695275,0.5086570978164673,8.330516457795214,0.3397514261013734,roi_failure,target_bbox_fallback,true
qwen2508_prompt,food_x_plate_cov70_1,1,food_x_plate,0.7,cov70,0.695275,0.47304773330688477,8.584970307760972,0.50955701686501,ok,located,false
qwen2508_prompt,food_x_plate_cov70_1,2,food_x_plate,0.7,cov70,0.695275,0.030492620542645454,29.674185877544247,0.9541640141761464,ok,located,false
qwen2508_prompt,food_x_plate_cov70_1,3,food_x_plate,0.7,cov70,0.695275,0.7735153436660767,5.461361448703109,0.2590788350338993,roi_failure,target_bbox_fallback,false
qwen2508_prompt,food_x_plate_cov70_1,4,food_x_plate,0.7,cov70,0.695275,0.5609358549118042,7.390040835716273,0.3303363543799971,roi_failure,target_bbox_fallback,false
qwen2508_prompt,food_x_plate_cov70_2,0,food_x_plate,0.7,cov70,0.695829,0.5116867423057556,7.951174317263129,0.38125036097470383,roi_failure,target_bbox_fallback,false
qwen2508_prompt,food_x_plate_cov70_2,1,food_x_plate,0.7,cov70,0.695829,0.4130895137786865,9.660609116835161,0.5284954108629907,ok,located,false
qwen2508_prompt,food_x_plate_cov70_2,2,food_x_plate,0.7,cov70,0.695829,0.5277954936027527,7.287993931508742,0.46329260270811307,ok,located,true
qwen2508_prompt,food_x_plate_cov70_2,3,food_x_plate,0.7,cov70,0.695829,0.771307110786438,5.484249498668362,0.25405806862410857,roi_failure,target_bbox_fallback,false
qwen2508_prompt,food_x_plate_cov70_2,4,food_x_plate,0.7,cov70,0.695829,0.5824078321456909,7.133428481224443,0.3356911007664216,roi_failure,target_bbox_fallback,false
qwen2508_prompt,coin_x_chest_cov70_0,0,coin_x_chest,0.7,cov70,0.7127,0.49726593494415283,11.14718911165742,0.45882871436478395,ok,located,false
qwen2508_prompt,coin_x_chest_cov70_0,1,coin_x_chest,0.7,cov70,0.7127,0.4852750301361084,11.496131247030597,0.49520582772391447,ok,located,false
qwen2508_prompt,coin_x_chest_cov70_0,2,coin_x_chest,0.7,cov70,0.7127,0.4949803352355957,11.2062256243849,0.46074953532008306,ok,located,false
qwen2508_prompt,coin_x_chest_cov70_0,3,coin_x_chest,0.7,cov70,0.7127,0.4857260584831238,11.894933729160893,0.4512821155638831,roi_failure,target_bbox_fallback,true
qwen2508_prompt,coin_x_chest_cov70_0,4,coin_x_chest,0.7,cov70,0.7127,0.19039928913116455,19.872524357057898,0.6341288018823247,roi_failure,target_bbox_fallback,false
qwen2508_prompt,coin_x_chest_cov70_1,0,coin_x_chest,0.7,cov70,0.709374,0.20010565221309662,17.891131901228672,0.710950908076717,ok,located,false
qwen2508_prompt,coin_x_chest_cov70_1,1,coin_x_chest,0.7,cov70,0.709374,0.41488534212112427,11.36305372831255,0.4713793376588937,ok,located,false
qwen2508_prompt,coin_x_chest_cov70_1,2,coin_x_chest,0.7,cov70,0.709374,0.24091877043247223,18.45747771221599,0.7585542595612239,ok,located,true
qwen2508_prompt,coin_x_chest_cov70_1,3,coin_x_chest,0.7,cov70,0.709374,0.45118287205696106,11.216099791075811,0.5321450739510073,ok,located,false
qwen2508_prompt,coin_x_chest_cov70_1,4,coin_x_chest,0.7,cov70,0.709374,0.20231260359287262,18.02170685056574,0.7187093801267178,ok,located,false
qwen2508_prompt,coin_x_chest_cov70_2,0,coin_x_chest,0.7,cov70,0.707081,0.25227224826812744,16.903440974366962,0.6600665554503397,ok,located,false
qwen2508_prompt,coin_x_chest_cov70_2,1,coin_x_chest,0.7,cov70,0.707081,0.2239680141210556,17.607451033500233,0.7222575505321331,ok,located,false
qwen2508_prompt,coin_x_chest_cov70_2,2,coin_x_chest,0.7,cov70,0.707081,0.2529744803905487,17.212897419290016,0.662004388924362,ok,located,false
qwen2508_prompt,coin_x_chest_cov70_2,3,coin_x_chest,0.7,cov70,0.707081,0.22554060816764832,16.58280930364686,0.6438117608560516,ok,located,false
qwen2508_prompt,coin_x_chest_cov70_2,4,coin_x_chest,0.7,cov70,0.707081,0.24266959726810455,16.292767723877326,0.6490334660026555,ok,located,true
qwen2508_prompt,key_x_lock_cov50_0,0,key_x_lock,0.5,cov50,0.485743,0.10459885746240616,20.735398962757436,0.9515430575521556,ok,located,false
qwen2508_prompt,key_x_lock_cov50_0,1,key_x_lock,0.5,cov50,0.485743,0.6993275284767151,6.523037414994391,0.47412403434279504,roi_failure,target_bbox_fallback,false
qwen2508_prompt,key_x_lock_cov50_0,2,key_x_lock,0.5,cov50,0.485743,0.1103021427989006,20.525819250681682,0.9397780311576237,ok,located,true
qwen2508_prompt,key_x_lock_cov50_0,3,key_x_lock,0.5,cov50,0.485743,0.2447851300239563,17.295989542666735,0.6641346396648945,roi_failure,target_bbox_fallback,false
qwen2508_prompt,key_x_lock_cov50_0,4,key_x_lock,0.5,cov50,0.485743,0.10499544441699982,20.765846623508605,0.9586746298100876,ok,located,false
qwen2508_prompt,key_x_lock_cov50_1,0,key_x_lock,0.5,cov50,0.498359,0.10060881823301315,22.184454010649233,0.9049456057359521,ok,located,false
qwen2508_prompt,key_x_lock_cov50_1,1,key_x_lock,0.5,cov50,0.498359,0.10362936556339264,21.53645627604783,0.8931264586154105,ok,located,false
qwen2508_prompt,key_x_lock_cov50_1,2,key_x_lock,0.5,cov50,0.498359,0.10095091164112091,22.322452535410314,0.9065342641259883,ok,located,true
qwen2508_prompt,key_x_lock_cov50_1,3,key_x_lock,0.5,cov50,0.498359,0.10278923064470291,22.321043565515698,0.906990938163288,ok,located,false
qwen2508_prompt,key_x_lock_cov50_1,4,key_x_lock,0.5,cov50,0.498359,0.09607071429491043,22.147829213580682,0.9217873679233196,ok,located,false
qwen2508_prompt,key_x_lock_cov50_2,0,key_x_lock,0.5,cov50,0.511836,0.10903743654489517,20.901422012400367,0.9036325063103372,ok,located,false
qwen2508_prompt,key_x_lock_cov50_2,1,key_x_lock,0.5,cov50,0.511836,0.11281152814626694,20.198232358677373,0.9034620189627192,ok,located,false
qwen2508_prompt,key_x_lock_cov50_2,2,key_x_lock,0.5,cov50,0.511836,0.11003877222537994,21.07260403373999,0.9130386786089614,ok,located,false
qwen2508_prompt,key_x_lock_cov50_2,3,key_x_lock,0.5,cov50,0.511836,0.10947846621274948,21.46389865262738,0.9415322518076071,ok,located,true
qwen2508_prompt,key_x_lock_cov50_2,4,key_x_lock,0.5,cov50,0.511836,0.09694035351276398,21.714597842815294,0.9591227552208657,ok,located,false
qwen2508_prompt,potion_x_crate_cov50_0,0,potion_x_crate,0.5,cov50,0.518319,0.04962504655122757,25.932318471334696,0.8789658435861414,ok,located,false
qwen2508_prompt,potion_x_crate_cov50_0,1,potion_x_crate,0.5,cov50,0.518319,0.11216172575950623,17.39202023554053,0.6270705670526603,ok,located,false
qwen2508_prompt,potion_x_crate_cov50_0,2,potion_x_crate,0.5,cov50,0.518319,0.14324600994586945,16.143420989094267,0.567553776414717,ok,located,true
qwen2508_prompt,potion_x_crate_cov50_0,3,potion_x_crate,0.5,cov50,0.518319,0.21097993850708008,13.426767726847782,0.5588090647261867,roi_failure,target_bbox_fallback,false
qwen2508_prompt,potion_x_crate_cov50_0,4,potion_x_crate,0.5,cov50,0.518319,0.5545834302902222,9.79824233322196,0.3354501053446624,ok,located,false
qwen2508_prompt,potion_x_crate_cov50_1,0,potion_x_crate,0.5,cov50,0.505658,0.0170358344912529,32.081929330948434,0.9517003626047567,ok,located,true
qwen2508_prompt,potion_x_crate_cov50_1,1,potion_x_crate,0.5,cov50,0.505658,0.014989413321018219,31.177400971139193,0.9587388817929859,ok,located,false
qwen2508_prompt,potion_x_crate_cov50_1,2,potion_x_crate,0.5,cov50,0.505658,0.01498221792280674,31.634159113668645,0.9516517590273995,ok,located,false
qwen2508_prompt,potion_x_crate_cov50_1,3,potion_x_crate,0.5,cov50,0.505658,0.6678975820541382,11.927998030179817,0.21971606493023446,ok,located,false
qwen2508_prompt,potion_x_crate_cov50_1,4,potion_x_crate,0.5,cov50,0.505658,0.6127951145172119,12.028911903290947,0.2164460343424861,ok,located,false
qwen2508_prompt,potion_x_crate_cov50_2,0,potion_x_crate,0.5,cov50,0.514935,0.676160991191864,10.485103439986428,0.22826975181439002,ok,located,false
qwen2508_prompt,potion_x_crate_cov50_2,1,potion_x_crate,0.5,cov50,0.514935,0.5265880823135376,13.70010854018496,0.263950718443048,ok,located,false
qwen2508_prompt,potion_x_crate_cov50_2,2,potion_x_crate,0.5,cov50,0.514935,0.011383096687495708,33.48779691993861,0.9729462524213074,ok,located,false
qwen2508_prompt,potion_x_crate_cov50_2,3,potion_x_crate,0.5,cov50,0.514935,0.6322672963142395,10.333956015004755,0.2324890526560314,ok,located,true
qwen2508_prompt,potion_x_crate_cov50_2,4,potion_x_crate,0.5,cov50,0.514935,0.7516316175460815,10.908286197474501,0.19106180137757092,ok,located,false
qwen2508_prompt,gem_x_ring_cov30_0,0,gem_x_ring,0.3,cov30,0.299812,0.4679407477378845,6.855060597692553,0.38561743473250476,ok,located,false
qwen2508_prompt,gem_x_ring_cov30_0,1,gem_x_ring,0.3,cov30,0.299812,0.48463764786720276,7.398469371741898,0.26307888230959015,roi_failure,target_bbox_fallback,false
qwen2508_prompt,gem_x_ring_cov30_0,2,gem_x_ring,0.3,cov30,0.299812,0.015195032581686974,24.7221184352148,0.9118621888518383,ok,located,false
qwen2508_prompt,gem_x_ring_cov30_0,3,gem_x_ring,0.3,cov30,0.299812,0.46639740467071533,6.81852373236589,0.3858871806283684,ok,located,true
qwen2508_prompt,gem_x_ring_cov30_0,4,gem_x_ring,0.3,cov30,0.299812,0.35068440437316895,8.70683054502597,0.3122526949218966,roi_failure,target_bbox_fallback,false
qwen2508_prompt,gem_x_ring_cov30_1,0,gem_x_ring,0.3,cov30,0.287595,0.5792922973632812,4.493748088632546,0.26773138531121626,ok,located,false
qwen2508_prompt,gem_x_ring_cov30_1,1,gem_x_ring,0.3,cov30,0.287595,0.517266035079956,5.296557687634184,0.1948944344863799,roi_failure,target_bbox_fallback,false
qwen2508_prompt,gem_x_ring_cov30_1,2,gem_x_ring,0.3,cov30,0.287595,0.49048730731010437,5.976418258112672,0.36219292536890396,ok,located,true
qwen2508_prompt,gem_x_ring_cov30_1,3,gem_x_ring,0.3,cov30,0.287595,0.4903768301010132,5.947003033475423,0.3621973168945509,ok,located,false
qwen2508_prompt,gem_x_ring_cov30_1,4,gem_x_ring,0.3,cov30,0.287595,0.4304678738117218,6.554880951137864,0.22510066295981968,roi_failure,target_bbox_fallback,false
qwen2508_prompt,gem_x_ring_cov30_2,0,gem_x_ring,0.3,cov30,0.290504,0.7234923839569092,8.408588199390817,0.14702979109369305,roi_failure,target_bbox_fallback,false
qwen2508_prompt,gem_x_ring_cov30_2,1,gem_x_ring,0.3,cov30,0.290504,0.49443960189819336,4.883475993961575,0.30963034337077205,ok,located,true
qwen2508_prompt,gem_x_ring_cov30_2,2,gem_x_ring,0.3,cov30,0.290504,0.5715333819389343,5.27410990859681,0.11391046198424948,roi_failure,target_bbox_fallback,false
qwen2508_prompt,gem_x_ring_cov30_2,3,gem_x_ring,0.3,cov30,0.290504,0.3233293294906616,6.1405903558812005,0.23782491241179152,roi_failure,target_bbox_fallback,false
qwen2508_prompt,gem_x_ring_cov30_2,4,gem_x_ring,0.3,cov30,0.290504,0.1465640664100647,13.594597133947332,0.2806027185967867,roi_failure,target_bbox_fallback,false
qwen2508_prompt,pen_x_book_cov30_0,0,pen_x_book,0.3,cov30,0.310811,0.030283115804195404,30.517396017667448,0.9704209937135237,ok,located,true
qwen2508_prompt,pen_x_book_cov30_0,1,pen_x_book,0.3,cov30,0.310811,0.029272209852933884,30.101480385852764,0.9504560480300865,ok,located,false
qwen2508_prompt,pen_x_book_cov30_0,2,pen_x_book,0.3,cov30,0.310811,0.02381110191345215,31.040778238627077,0.9746190900460211,ok,located,false
qwen2508_prompt,pen_x_book_cov30_0,3,pen_x_book,0.3,cov30,0.310811,0.18975722789764404,16.16599139073399,0.7953330119412839,roi_failure,target_bbox_fallback,false
qwen2508_prompt,pen_x_book_cov30_0,4,pen_x_book,0.3,cov30,0.310811,0.04867032542824745,27.822920536026178,0.8463511230552229,roi_failure,target_bbox_fallback,false
qwen2508_prompt,pen_x_book_cov30_1,0,pen_x_book,0.3,cov30,0.304428,0.515321671962738,12.440874960846472,0.551636330620156,roi_failure,target_bbox_fallback,false
qwen2508_prompt,pen_x_book_cov30_1,1,pen_x_book,0.3,cov30,0.304428,0.1960395723581314,15.657976149288777,0.7282135636934504,roi_failure,target_bbox_fallback,true
qwen2508_prompt,pen_x_book_cov30_1,2,pen_x_book,0.3,cov30,0.304428,0.034814268350601196,25.87757194623654,0.9060834213422101,ok,located,false
qwen2508_prompt,pen_x_book_cov30_1,3,pen_x_book,0.3,cov30,0.304428,0.43649232387542725,11.07930424581099,0.5540154511817678,roi_failure,target_bbox_fallback,false
qwen2508_prompt,pen_x_book_cov30_1,4,pen_x_book,0.3,cov30,0.304428,0.1468597650527954,18.878167820954058,0.7712472754499299,roi_failure,target_bbox_fallback,false
qwen2508_prompt,pen_x_book_cov30_2,0,pen_x_book,0.3,cov30,0.306125,0.018680503591895103,33.54477856255863,0.9715259721192874,ok,located,false
qwen2508_prompt,pen_x_book_cov30_2,1,pen_x_book,0.3,cov30,0.306125,0.45680996775627136,15.263875159333178,0.5649118127443921,ok,located,false
qwen2508_prompt,pen_x_book_cov30_2,2,pen_x_book,0.3,cov30,0.306125,0.022757314145565033,33.32792681225575,0.9718493392853501,ok,located,false
qwen2508_prompt,pen_x_book_cov30_2,3,pen_x_book,0.3,cov30,0.306125,0.18421152234077454,17.25712759797828,0.7984035876929813,roi_failure,target_bbox_fallback,false
qwen2508_prompt,pen_x_book_cov30_2,4,pen_x_book,0.3,cov30,0.306125,0.13311339914798737,21.485864044616626,0.8058864169002237,roi_failure,target_bbox_fallback,true
qwen2508_prompt,sword_x_shield_cov30_0,0,sword_x_shield,0.3,cov30,0.286166,0.18104442954063416,14.692740001951083,0.6570796351444835,roi_failure,target_bbox_fallback,false
qwen2508_prompt,sword_x_shield_cov30_0,1,sword_x_shield,0.3,cov30,0.286166,0.5114237070083618,9.235023166316651,0.4338184774776342,roi_failure,target_bbox_fallback,false
qwen2508_prompt,sword_x_shield_cov30_0,2,sword_x_shield,0.3,cov30,0.286166,0.012868024408817291,31.792755067812855,0.9791984854297665,ok,located,false
qwen2508_prompt,sword_x_shield_cov30_0,3,sword_x_shield,0.3,cov30,0.286166,0.40128183364868164,9.009629580527276,0.4007827958362775,roi_failure,target_bbox_fallback,false
qwen2508_prompt,sword_x_shield_cov30_0,4,sword_x_shield,0.3,cov30,0.286166,0.18509377539157867,15.227678557361342,0.6476607532548236,roi_failure,target_bbox_fallback,true
qwen2508_prompt,sword_x_shield_cov30_1,0,sword_x_shield,0.3,cov30,0.280355,0.3397238254547119,13.650558911884875,0.49034184050599067,roi_failure,target_bbox_fallback,false
qwen2508_prompt,sword_x_shield_cov30_1,1,sword_x_shield,0.3,cov30,0.280355,0.5620349049568176,8.403463287377523,0.2964171563478567,roi_failure,target_bbox_fallback,false
qwen2508_prompt,sword_x_shield_cov30_1,2,sword_x_shield,0.3,cov30,0.280355,0.5628020763397217,9.269539599604455,0.4728961247910286,ok,located,false
qwen2508_prompt,sword_x_shield_cov30_1,3,sword_x_shield,0.3,cov30,0.280355,0.37126287817955017,12.103776771668105,0.48278951380324225,roi_failure,target_bbox_fallback,true
qwen2508_prompt,sword_x_shield_cov30_1,4,sword_x_shield,0.3,cov30,0.280355,0.3644793629646301,13.01690294734836,0.4852966723390321,roi_failure,target_bbox_fallback,false
qwen2508_prompt,sword_x_shield_cov30_2,0,sword_x_shield,0.3,cov30,0.284125,0.3478018045425415,11.95164862603616,0.5635821392935998,roi_failure,target_bbox_fallback,false
qwen2508_prompt,sword_x_shield_cov30_2,1,sword_x_shield,0.3,cov30,0.284125,0.5767574310302734,8.811781115616267,0.39128520082948043,roi_failure,target_bbox_fallback,false
qwen2508_prompt,sword_x_shield_cov30_2,2,sword_x_shield,0.3,cov30,0.284125,0.14979583024978638,13.61898929987898,0.6584400184478764,ok,located,false
qwen2508_prompt,sword_x_shield_cov30_2,3,sword_x_shield,0.3,cov30,0.284125,0.369428813457489,11.342495797899925,0.5479885058077231,roi_failure,target_bbox_fallback,false
qwen2508_prompt,sword_x_shield_cov30_2,4,sword_x_shield,0.3,cov30,0.284125,0.350344717502594,12.597388968446769,0.5571231323044114,roi_failure,target_bbox_fallback,true
qwen2508_prompt,hammer_x_anvil_cov30_0,0,hammer_x_anvil,0.3,cov30,0.310627,0.1882733702659607,19.683546608847674,0.6412833163739625,roi_failure,target_bbox_fallback,false
qwen2508_prompt,hammer_x_anvil_cov30_0,1,hammer_x_anvil,0.3,cov30,0.310627,0.5007193684577942,5.081714517289128,0.56198179932463,roi_failure,target_bbox_fallback,false
qwen2508_prompt,hammer_x_anvil_cov30_0,2,hammer_x_anvil,0.3,cov30,0.310627,0.5364619493484497,11.531853322977305,0.586242426755288,ok,located,false
qwen2508_prompt,hammer_x_anvil_cov30_0,3,hammer_x_anvil,0.3,cov30,0.310627,0.4711337089538574,7.194781200804461,0.5687005356443326,roi_failure,target_bbox_fallback,true
qwen2508_prompt,hammer_x_anvil_cov30_0,4,hammer_x_anvil,0.3,cov30,0.310627,0.37726667523384094,13.50199467164707,0.5860397018105491,roi_failure,target_bbox_fallback,false
qwen2508_prompt,hammer_x_anvil_cov30_1,0,hammer_x_anvil,0.3,cov30,0.280833,0.3289109468460083,15.29117924831313,0.6188018454408042,roi_failure,target_bbox_fallback,false
qwen2508_prompt,hammer_x_anvil_cov30_1,1,hammer_x_anvil,0.3,cov30,0.280833,0.5699864029884338,10.145895523939014,0.12080332605449945,ok,located,false
qwen2508_prompt,hammer_x_anvil_cov30_1,2,hammer_x_anvil,0.3,cov30,0.280833,0.5252610445022583,10.845830279294809,0.6052906371885401,ok,located,false
qwen2508_prompt,hammer_x_anvil_cov30_1,3,hammer_x_anvil,0.3,cov30,0.280833,0.2530968487262726,17.023295668213617,0.6378087190494591,roi_failure,target_bbox_fallback,false
qwen2508_prompt,hammer_x_anvil_cov30_1,4,hammer_x_anvil,0.3,cov30,0.280833,0.3466390371322632,14.578062866024503,0.6138343289009716,roi_failure,target_bbox_fallback,true
qwen2508_prompt,hammer_x_anvil_cov30_2,0,hammer_x_anvil,0.3,cov30,0.306076,0.5876930952072144,11.251512500172346,0.5616816495056722,ok,located,true
qwen2508_prompt,hammer_x_anvil_cov30_2,1,hammer_x_anvil,0.3,cov30,0.306076,0.5891686677932739,11.11576071616058,0.5603364866303804,ok,located,false
qwen2508_prompt,hammer_x_anvil_cov30_2,2,hammer_x_anvil,0.3,cov30,0.306076,0.5798094272613525,11.194797582061515,0.5624042165096058,ok,located,false
qwen2508_prompt,hammer_x_anvil_cov30_2,3,hammer_x_anvil,0.3,cov30,0.306076,0.597411036491394,11.14567603915602,0.5593215499375505,ok,located,false
qwen2508_prompt,hammer_x_anvil_cov30_2,4,hammer_x_anvil,0.3,cov30,0.306076,0.30312642455101013,17.201185933758364,0.6084930334121025,roi_failure,target_bbox_fallback,false
qwen2508_bbox,emblem_x_banner_cov50_0,0,emblem_x_banner,0.5,cov50,0.497214,0.2212987244129181,14.577982534696009,0.8212749584757691,ok,located,false
qwen2508_bbox,emblem_x_banner_cov50_0,1,emblem_x_banner,0.5,cov50,0.497214,0.22077223658561707,14.645889293665725,0.8205904479582232,ok,located,true
qwen2508_bbox,emblem_x_banner_cov50_0,2,emblem_x_banner,0.5,cov50,0.497214,0.22097887098789215,14.639365820867042,0.8209813524553567,ok,located,false
qwen2508_bbox,emblem_x_banner_cov50_0,3,emblem_x_banner,0.5,cov50,0.497214,0.0128662483766675,35.190699079546995,0.9781824928142361,ok,located,false
qwen2508_bbox,emblem_x_banner_cov50_0,4,emblem_x_banner,0.5,cov50,0.497214,0.22025620937347412,14.651298734747098,0.8220255121510518,ok,located,false
qwen2508_bbox,emblem_x_banner_cov50_1,0,emblem_x_banner,0.5,cov50,0.486007,0.1940692663192749,14.448549880727162,0.8367265405027654,ok,located,false
qwen2508_bbox,emblem_x_banner_cov50_1,1,emblem_x_banner,0.5,cov50,0.486007,0.19396041333675385,14.534735713195317,0.8316587038594196,ok,located,true
qwen2508_bbox,emblem_x_banner_cov50_1,2,emblem_x_banner,0.5,cov50,0.486007,0.19082698225975037,14.552032697571677,0.8372014777594914,ok,located,false
qwen2508_bbox,emblem_x_banner_cov50_1,3,emblem_x_banner,0.5,cov50,0.486007,0.19467690587043762,14.505967452181492,0.8318192297470836,ok,located,false
qwen2508_bbox,emblem_x_banner_cov50_1,4,emblem_x_banner,0.5,cov50,0.486007,0.19168280065059662,14.55937046411314,0.8361451826378282,ok,located,false
qwen2508_bbox,emblem_x_banner_cov50_2,0,emblem_x_banner,0.5,cov50,0.505033,0.29603320360183716,12.49388977754757,0.7613584464965212,ok,located,false
qwen2508_bbox,emblem_x_banner_cov50_2,1,emblem_x_banner,0.5,cov50,0.505033,0.30806422233581543,12.381400084237299,0.729337637813409,ok,located,false
qwen2508_bbox,emblem_x_banner_cov50_2,2,emblem_x_banner,0.5,cov50,0.505033,0.29849836230278015,12.489363989154995,0.7527978430529464,ok,located,false
qwen2508_bbox,emblem_x_banner_cov50_2,3,emblem_x_banner,0.5,cov50,0.505033,0.2952648401260376,12.624422947995424,0.7531923995203859,ok,located,false
qwen2508_bbox,emblem_x_banner_cov50_2,4,emblem_x_banner,0.5,cov50,0.505033,0.2976114749908447,12.509557434042627,0.7532928584228088,ok,located,true
qwen2508_bbox,food_x_plate_cov70_0,0,food_x_plate,0.7,cov70,0.713963,0.5624948740005493,6.312584873065006,0.40335823965663503,ok,located,false
qwen2508_bbox,food_x_plate_cov70_0,1,food_x_plate,0.7,cov70,0.713963,0.5684047937393188,6.343319958977226,0.40976989561669525,ok,located,false
qwen2508_bbox,food_x_plate_cov70_0,2,food_x_plate,0.7,cov70,0.713963,0.5574020147323608,6.407912083276389,0.40908456018384376,ok,located,false
qwen2508_bbox,food_x_plate_cov70_0,3,food_x_plate,0.7,cov70,0.713963,0.5599173307418823,6.4470133727498755,0.40980750855903464,ok,located,false
qwen2508_bbox,food_x_plate_cov70_0,4,food_x_plate,0.7,cov70,0.713963,0.5622550249099731,6.368370492298797,0.4012753065512887,ok,located,true
qwen2508_bbox,food_x_plate_cov70_1,0,food_x_plate,0.7,cov70,0.695275,0.47503766417503357,8.468649067903662,0.5924181943628312,ok,located,false
qwen2508_bbox,food_x_plate_cov70_1,1,food_x_plate,0.7,cov70,0.695275,0.48339253664016724,8.290700167456176,0.5531536202523925,ok,located,false
qwen2508_bbox,food_x_plate_cov70_1,2,food_x_plate,0.7,cov70,0.695275,0.4766231179237366,8.493514347121476,0.5847505510780281,ok,located,false
qwen2508_bbox,food_x_plate_cov70_1,3,food_x_plate,0.7,cov70,0.695275,0.4786646068096161,8.410709574330657,0.5748387708585886,ok,located,false
qwen2508_bbox,food_x_plate_cov70_1,4,food_x_plate,0.7,cov70,0.695275,0.4775986075401306,8.462581632519504,0.5892949096542879,ok,located,true
qwen2508_bbox,food_x_plate_cov70_2,0,food_x_plate,0.7,cov70,0.695829,0.5333050489425659,7.115888697700518,0.45777332290641487,ok,located,false
qwen2508_bbox,food_x_plate_cov70_2,1,food_x_plate,0.7,cov70,0.695829,0.5376670360565186,7.113227117693736,0.4554848233586179,ok,located,false
qwen2508_bbox,food_x_plate_cov70_2,2,food_x_plate,0.7,cov70,0.695829,0.5258845090866089,7.217489854847675,0.46567389307060286,ok,located,false
qwen2508_bbox,food_x_plate_cov70_2,3,food_x_plate,0.7,cov70,0.695829,0.5337241888046265,7.133206893598059,0.4584306138117075,ok,located,true
qwen2508_bbox,food_x_plate_cov70_2,4,food_x_plate,0.7,cov70,0.695829,0.5340665578842163,7.085581228162534,0.4560036916079739,ok,located,false
qwen2508_bbox,coin_x_chest_cov70_0,0,coin_x_chest,0.7,cov70,0.7127,0.49986791610717773,11.178039345606635,0.46051223825201676,ok,located,false
qwen2508_bbox,coin_x_chest_cov70_0,1,coin_x_chest,0.7,cov70,0.7127,0.4989514946937561,11.161227041676213,0.4611376294559079,ok,located,true
qwen2508_bbox,coin_x_chest_cov70_0,2,coin_x_chest,0.7,cov70,0.7127,0.49724069237709045,11.205428180280052,0.4613150420922875,ok,located,false
qwen2508_bbox,coin_x_chest_cov70_0,3,coin_x_chest,0.7,cov70,0.7127,0.4992854595184326,11.167769524950252,0.4605011660360312,ok,located,false
qwen2508_bbox,coin_x_chest_cov70_0,4,coin_x_chest,0.7,cov70,0.7127,0.4967554807662964,11.167553268234693,0.46061939189031786,ok,located,false
qwen2508_bbox,coin_x_chest_cov70_1,0,coin_x_chest,0.7,cov70,0.709374,0.4488215744495392,11.34166813993981,0.5443898908309612,ok,located,false
qwen2508_bbox,coin_x_chest_cov70_1,1,coin_x_chest,0.7,cov70,0.709374,0.45123958587646484,11.226059877408524,0.5251930209021592,ok,located,true
qwen2508_bbox,coin_x_chest_cov70_1,2,coin_x_chest,0.7,cov70,0.709374,0.4512968957424164,11.295563513635189,0.5120457714233324,ok,located,false
qwen2508_bbox,coin_x_chest_cov70_1,3,coin_x_chest,0.7,cov70,0.709374,0.4512801766395569,11.197189747392166,0.5366427280912917,ok,located,false
qwen2508_bbox,coin_x_chest_cov70_1,4,coin_x_chest,0.7,cov70,0.709374,0.44986245036125183,11.27883391817442,0.5379872180700415,ok,located,false
qwen2508_bbox,coin_x_chest_cov70_2,0,coin_x_chest,0.7,cov70,0.707081,0.5232052206993103,11.365848361225035,0.5300211636392751,ok,located,false
qwen2508_bbox,coin_x_chest_cov70_2,1,coin_x_chest,0.7,cov70,0.707081,0.5220893621444702,11.295799992163374,0.5315060738832219,ok,located,true
qwen2508_bbox,coin_x_chest_cov70_2,2,coin_x_chest,0.7,cov70,0.707081,0.5211580395698547,11.428992599321832,0.5309603661654755,ok,located,false
qwen2508_bbox,coin_x_chest_cov70_2,3,coin_x_chest,0.7,cov70,0.707081,0.523993730545044,11.29433532431201,0.544589763425249,ok,located,false
qwen2508_bbox,coin_x_chest_cov70_2,4,coin_x_chest,0.7,cov70,0.707081,0.5205101370811462,11.388024007350555,0.5271643910675964,ok,located,false
qwen2508_bbox,key_x_lock_cov50_0,0,key_x_lock,0.5,cov50,0.485743,0.45532673597335815,9.871174159442154,0.5466163565788372,ok,located,true
qwen2508_bbox,key_x_lock_cov50_0,1,key_x_lock,0.5,cov50,0.485743,0.45537570118904114,9.839251773230252,0.5474599068504352,ok,located,false
qwen2508_bbox,key_x_lock_cov50_0,2,key_x_lock,0.5,cov50,0.485743,0.45258691906929016,9.842585896578033,0.5471032829839722,ok,located,false
qwen2508_bbox,key_x_lock_cov50_0,3,key_x_lock,0.5,cov50,0.485743,0.4542359709739685,9.853249005626113,0.5476863211536501,ok,located,false
qwen2508_bbox,key_x_lock_cov50_0,4,key_x_lock,0.5,cov50,0.485743,0.4558753967285156,9.850478293335355,0.5479599959825059,ok,located,false
qwen2508_bbox,key_x_lock_cov50_1,0,key_x_lock,0.5,cov50,0.498359,0.5161543488502502,8.743110200578467,0.4708939841578296,ok,located,false
qwen2508_bbox,key_x_lock_cov50_1,1,key_x_lock,0.5,cov50,0.498359,0.5201821327209473,8.648930624389573,0.4683591917825325,ok,located,true
qwen2508_bbox,key_x_lock_cov50_1,2,key_x_lock,0.5,cov50,0.498359,0.5205532908439636,8.685980918487422,0.4692583110537072,ok,located,false
qwen2508_bbox,key_x_lock_cov50_1,3,key_x_lock,0.5,cov50,0.498359,0.5180073976516724,8.704398745720002,0.47065664376033695,ok,located,false
qwen2508_bbox,key_x_lock_cov50_1,4,key_x_lock,0.5,cov50,0.498359,0.5206364393234253,8.67195445165895,0.4687526492038676,ok,located,false
qwen2508_bbox,key_x_lock_cov50_2,0,key_x_lock,0.5,cov50,0.511836,0.5369861125946045,8.140913473419701,0.4463161281425984,ok,located,false
qwen2508_bbox,key_x_lock_cov50_2,1,key_x_lock,0.5,cov50,0.511836,0.5365425944328308,8.095703032058935,0.4457530451142328,ok,located,false
qwen2508_bbox,key_x_lock_cov50_2,2,key_x_lock,0.5,cov50,0.511836,0.542818546295166,8.072899768039969,0.44563320333933437,ok,located,false
qwen2508_bbox,key_x_lock_cov50_2,3,key_x_lock,0.5,cov50,0.511836,0.5430312156677246,8.043436554481058,0.44542343358163006,ok,located,false
qwen2508_bbox,key_x_lock_cov50_2,4,key_x_lock,0.5,cov50,0.511836,0.5370041728019714,8.120399807242276,0.4464229192788696,ok,located,true
qwen2508_bbox,potion_x_crate_cov50_0,0,potion_x_crate,0.5,cov50,0.518319,0.554767906665802,9.807595495778314,0.3364354264422386,ok,located,false
qwen2508_bbox,potion_x_crate_cov50_0,1,potion_x_crate,0.5,cov50,0.518319,0.5522061586380005,9.782703762427985,0.33487147140532136,ok,located,false
qwen2508_bbox,potion_x_crate_cov50_0,2,potion_x_crate,0.5,cov50,0.518319,0.03932197391986847,26.476123511504568,0.8967376219987763,ok,located,false
qwen2508_bbox,potion_x_crate_cov50_0,3,potion_x_crate,0.5,cov50,0.518319,0.5521482229232788,9.783390286904362,0.3341650201718747,ok,located,true
qwen2508_bbox,potion_x_crate_cov50_0,4,potion_x_crate,0.5,cov50,0.518319,0.5520713329315186,9.79254481251578,0.3343199546783191,ok,located,false
qwen2508_bbox,potion_x_crate_cov50_1,0,potion_x_crate,0.5,cov50,0.505658,0.016832556575536728,31.700195456243524,0.9504938295827207,ok,located,false
qwen2508_bbox,potion_x_crate_cov50_1,1,potion_x_crate,0.5,cov50,0.505658,0.5029417276382446,10.749739653841306,0.48095442936985283,ok,located,false
qwen2508_bbox,potion_x_crate_cov50_1,2,potion_x_crate,0.5,cov50,0.505658,0.497974693775177,10.890802035445233,0.48343777981461455,ok,located,true
qwen2508_bbox,potion_x_crate_cov50_1,3,potion_x_crate,0.5,cov50,0.505658,0.014173440635204315,30.12477050697429,0.9431499415723175,ok,located,false
qwen2508_bbox,potion_x_crate_cov50_1,4,potion_x_crate,0.5,cov50,0.505658,0.5010070204734802,10.829963164394654,0.48090575047445433,ok,located,false
qwen2508_bbox,potion_x_crate_cov50_2,0,potion_x_crate,0.5,cov50,0.514935,0.5052205324172974,10.00180564924728,0.38870301992122064,ok,located,false
qwen2508_bbox,potion_x_crate_cov50_2,1,potion_x_crate,0.5,cov50,0.514935,0.5036423206329346,9.942432582899384,0.3882412522590079,ok,located,false
qwen2508_bbox,potion_x_crate_cov50_2,2,potion_x_crate,0.5,cov50,0.514935,0.505391538143158,10.012013768256121,0.3906390139496381,ok,located,false
qwen2508_bbox,potion_x_crate_cov50_2,3,potion_x_crate,0.5,cov50,0.514935,0.012231703847646713,32.56606946636078,0.9687457571751622,ok,located,false
qwen2508_bbox,potion_x_crate_cov50_2,4,potion_x_crate,0.5,cov50,0.514935,0.5036678314208984,10.000395985747412,0.38874216344192297,ok,located,true
qwen2508_bbox,gem_x_ring_cov30_0,0,gem_x_ring,0.3,cov30,0.299812,0.4680720567703247,6.862291346660249,0.38641881654515875,ok,located,false
qwen2508_bbox,gem_x_ring_cov30_0,1,gem_x_ring,0.3,cov30,0.299812,0.4691377580165863,6.861986280199851,0.38613902120255666,ok,located,false
qwen2508_bbox,gem_x_ring_cov30_0,2,gem_x_ring,0.3,cov30,0.299812,0.01404742430895567,25.0458225301108,0.9167827174283943,ok,located,false
qwen2508_bbox,gem_x_ring_cov30_0,3,gem_x_ring,0.3,cov30,0.299812,0.46781426668167114,6.8345467151672,0.38651164056161535,ok,located,false
qwen2508_bbox,gem_x_ring_cov30_0,4,gem_x_ring,0.3,cov30,0.299812,0.4678216874599457,6.845370423031458,0.3870416385467605,ok,located,true
qwen2508_bbox,gem_x_ring_cov30_1,0,gem_x_ring,0.3,cov30,0.287595,0.48995113372802734,5.998691640121171,0.3624168684398126,ok,located,false
qwen2508_bbox,gem_x_ring_cov30_1,1,gem_x_ring,0.3,cov30,0.287595,0.4908328354358673,5.945489540883053,0.3623472027941857,ok,located,false
qwen2508_bbox,gem_x_ring_cov30_1,2,gem_x_ring,0.3,cov30,0.287595,0.4891462028026581,5.998926917602079,0.3626310868951834,ok,located,true
qwen2508_bbox,gem_x_ring_cov30_1,3,gem_x_ring,0.3,cov30,0.287595,0.4890773892402649,5.971430023136972,0.3628269774103463,ok,located,false
qwen2508_bbox,gem_x_ring_cov30_1,4,gem_x_ring,0.3,cov30,0.287595,0.4889867305755615,5.9869983865752,0.3628045483122931,ok,located,false
qwen2508_bbox,gem_x_ring_cov30_2,0,gem_x_ring,0.3,cov30,0.290504,0.525447428226471,5.862948876646392,0.3778715358772146,ok,located,true
qwen2508_bbox,gem_x_ring_cov30_2,1,gem_x_ring,0.3,cov30,0.290504,0.525596022605896,5.862832644768822,0.3778218455154003,ok,located,false
qwen2508_bbox,gem_x_ring_cov30_2,2,gem_x_ring,0.3,cov30,0.290504,0.01724047213792801,23.00007992128637,0.8978982441703102,ok,located,false
qwen2508_bbox,gem_x_ring_cov30_2,3,gem_x_ring,0.3,cov30,0.290504,0.525452733039856,5.819940265482304,0.3774606387339999,ok,located,false
qwen2508_bbox,gem_x_ring_cov30_2,4,gem_x_ring,0.3,cov30,0.290504,0.017605861648917198,22.8021871597811,0.8966141112467326,ok,located,false
qwen2508_bbox,pen_x_book_cov30_0,0,pen_x_book,0.3,cov30,0.310811,0.6939112544059753,10.317853734210264,0.4125469752555328,ok,located,false
qwen2508_bbox,pen_x_book_cov30_0,1,pen_x_book,0.3,cov30,0.310811,0.6959695219993591,10.245791209474561,0.41293390191764584,ok,located,false
qwen2508_bbox,pen_x_book_cov30_0,2,pen_x_book,0.3,cov30,0.310811,0.6872246265411377,10.30002997329117,0.41971638504066294,ok,located,false
qwen2508_bbox,pen_x_book_cov30_0,3,pen_x_book,0.3,cov30,0.310811,0.6936285495758057,10.283366201644062,0.41388829719576153,ok,located,false
qwen2508_bbox,pen_x_book_cov30_0,4,pen_x_book,0.3,cov30,0.310811,0.6937628984451294,10.302672537367785,0.4136278959189917,ok,located,true
qwen2508_bbox,pen_x_book_cov30_1,0,pen_x_book,0.3,cov30,0.304428,0.6031590104103088,12.653478031473249,0.45019227766937747,ok,located,true
qwen2508_bbox,pen_x_book_cov30_1,1,pen_x_book,0.3,cov30,0.304428,0.6433806419372559,12.506399814900522,0.4334353189014664,ok,located,false
qwen2508_bbox,pen_x_book_cov30_1,2,pen_x_book,0.3,cov30,0.304428,0.6047853231430054,12.775582212943872,0.4449629144568275,ok,located,false
qwen2508_bbox,pen_x_book_cov30_1,3,pen_x_book,0.3,cov30,0.304428,0.5964876413345337,12.847786211080408,0.47542116689332153,ok,located,false
qwen2508_bbox,pen_x_book_cov30_1,4,pen_x_book,0.3,cov30,0.304428,0.5966134071350098,12.85348182574407,0.4786099803617447,ok,located,false
qwen2508_bbox,pen_x_book_cov30_2,0,pen_x_book,0.3,cov30,0.306125,0.5858805179595947,11.227376619966574,0.49610936849127335,ok,located,false
qwen2508_bbox,pen_x_book_cov30_2,1,pen_x_book,0.3,cov30,0.306125,0.5961552858352661,11.205310710968226,0.49151202780219094,ok,located,false
qwen2508_bbox,pen_x_book_cov30_2,2,pen_x_book,0.3,cov30,0.306125,0.5954769849777222,11.272065498010232,0.4905871233232561,ok,located,false
qwen2508_bbox,pen_x_book_cov30_2,3,pen_x_book,0.3,cov30,0.306125,0.5901677012443542,11.219044008943598,0.4946393774811783,ok,located,true
qwen2508_bbox,pen_x_book_cov30_2,4,pen_x_book,0.3,cov30,0.306125,0.5899524688720703,11.223580953329824,0.49686093764536093,ok,located,false
qwen2508_bbox,sword_x_shield_cov30_0,0,sword_x_shield,0.3,cov30,0.286166,0.5471304059028625,10.041233462159802,0.4873294239016113,ok,located,true
qwen2508_bbox,sword_x_shield_cov30_0,1,sword_x_shield,0.3,cov30,0.286166,0.5470049381256104,10.017759729307176,0.4872281303573211,ok,located,false
qwen2508_bbox,sword_x_shield_cov30_0,2,sword_x_shield,0.3,cov30,0.286166,0.547227680683136,10.028886618927473,0.4875348338409819,ok,located,false
qwen2508_bbox,sword_x_shield_cov30_0,3,sword_x_shield,0.3,cov30,0.286166,0.5468733906745911,10.031741219822623,0.48688809199234867,ok,located,false
qwen2508_bbox,sword_x_shield_cov30_0,4,sword_x_shield,0.3,cov30,0.286166,0.5472117066383362,10.014093563199552,0.4879120086347622,ok,located,false
qwen2508_bbox,sword_x_shield_cov30_1,0,sword_x_shield,0.3,cov30,0.280355,0.5680340528488159,9.34290354523791,0.47257688572649403,ok,located,true
qwen2508_bbox,sword_x_shield_cov30_1,1,sword_x_shield,0.3,cov30,0.280355,0.5681419968605042,9.333384890707487,0.4726334393159781,ok,located,false
qwen2508_bbox,sword_x_shield_cov30_1,2,sword_x_shield,0.3,cov30,0.280355,0.5681635141372681,9.338015873047327,0.4728439688193218,ok,located,false
qwen2508_bbox,sword_x_shield_cov30_1,3,sword_x_shield,0.3,cov30,0.280355,0.5672098398208618,9.336275260286929,0.47266333333366406,ok,located,false
qwen2508_bbox,sword_x_shield_cov30_1,4,sword_x_shield,0.3,cov30,0.280355,0.5676417350769043,9.340384994851552,0.4729208422763163,ok,located,false
qwen2508_bbox,sword_x_shield_cov30_2,0,sword_x_shield,0.3,cov30,0.284125,0.5647029876708984,9.731591863727676,0.4960448284135944,ok,located,false
qwen2508_bbox,sword_x_shield_cov30_2,1,sword_x_shield,0.3,cov30,0.284125,0.5647751092910767,9.712971679973892,0.4962319092466087,ok,located,false
qwen2508_bbox,sword_x_shield_cov30_2,2,sword_x_shield,0.3,cov30,0.284125,0.5649605393409729,9.72904090163625,0.4960471244443944,ok,located,false
qwen2508_bbox,sword_x_shield_cov30_2,3,sword_x_shield,0.3,cov30,0.284125,0.5648953318595886,9.720935108802479,0.4958338938770977,ok,located,true
qwen2508_bbox,sword_x_shield_cov30_2,4,sword_x_shield,0.3,cov30,0.284125,0.5679843425750732,9.69283680925978,0.491575468993483,ok,located,false
qwen2508_bbox,hammer_x_anvil_cov30_0,0,hammer_x_anvil,0.3,cov30,0.310627,0.5276549458503723,11.223700489309763,0.5899461742048823,ok,located,false
qwen2508_bbox,hammer_x_anvil_cov30_0,1,hammer_x_anvil,0.3,cov30,0.310627,0.5264646410942078,11.179415369795665,0.5893666060466648,ok,located,false
qwen2508_bbox,hammer_x_anvil_cov30_0,2,hammer_x_anvil,0.3,cov30,0.310627,0.5285876393318176,11.190387525870689,0.5875505200055139,ok,located,true
qwen2508_bbox,hammer_x_anvil_cov30_0,3,hammer_x_anvil,0.3,cov30,0.310627,0.5291519165039062,11.174404571942096,0.5877677815291831,ok,located,false
qwen2508_bbox,hammer_x_anvil_cov30_0,4,hammer_x_anvil,0.3,cov30,0.310627,0.528671383857727,11.220756776758247,0.5884027888384699,ok,located,false
qwen2508_bbox,hammer_x_anvil_cov30_1,0,hammer_x_anvil,0.3,cov30,0.280833,0.5685058832168579,9.977397481163962,0.558851586696563,ok,located,false
qwen2508_bbox,hammer_x_anvil_cov30_1,1,hammer_x_anvil,0.3,cov30,0.280833,0.5692763328552246,9.88972767118072,0.5578861088943535,ok,located,true
qwen2508_bbox,hammer_x_anvil_cov30_1,2,hammer_x_anvil,0.3,cov30,0.280833,0.5720827579498291,9.929544716124795,0.5571501805196383,ok,located,false
qwen2508_bbox,hammer_x_anvil_cov30_1,3,hammer_x_anvil,0.3,cov30,0.280833,0.5703061819076538,9.896837936853768,0.557157859694883,ok,located,false
qwen2508_bbox,hammer_x_anvil_cov30_1,4,hammer_x_anvil,0.3,cov30,0.280833,0.5662015080451965,9.981047192318744,0.5610774855665083,ok,located,false
qwen2508_bbox,hammer_x_anvil_cov30_2,0,hammer_x_anvil,0.3,cov30,0.306076,0.5555103421211243,10.520637186540448,0.5531600233014308,ok,located,false
qwen2508_bbox,hammer_x_anvil_cov30_2,1,hammer_x_anvil,0.3,cov30,0.306076,0.5567594766616821,10.405428756851316,0.5515825182572013,ok,located,false
qwen2508_bbox,hammer_x_anvil_cov30_2,2,hammer_x_anvil,0.3,cov30,0.306076,0.5561144948005676,10.465487459784113,0.5517755601740352,ok,located,true
qwen2508_bbox,hammer_x_anvil_cov30_2,3,hammer_x_anvil,0.3,cov30,0.306076,0.5565887689590454,10.442260759147446,0.5516888039685908,ok,located,false
qwen2508_bbox,hammer_x_anvil_cov30_2,4,hammer_x_anvil,0.3,cov30,0.306076,0.552341639995575,10.526260898719592,0.555013682305281,ok,located,false
qwen2511_prompt,emblem_x_banner_cov50_0,0,emblem_x_banner,0.5,cov50,0.497214,0.5302298069000244,9.270938525551033,0.4564969261471232,ok,located,false
qwen2511_prompt,emblem_x_banner_cov50_0,1,emblem_x_banner,0.5,cov50,0.497214,0.7083190679550171,4.871633043419132,0.30686157022984734,roi_failure,target_bbox_fallback,false
qwen2511_prompt,emblem_x_banner_cov50_0,2,emblem_x_banner,0.5,cov50,0.497214,0.500904381275177,9.086896902693768,0.5184768501779988,ok,located,false
qwen2511_prompt,emblem_x_banner_cov50_0,3,emblem_x_banner,0.5,cov50,0.497214,0.7094563245773315,7.6903653586574325,0.28278395727439776,roi_failure,target_bbox_fallback,false
qwen2511_prompt,emblem_x_banner_cov50_0,4,emblem_x_banner,0.5,cov50,0.497214,0.6398849487304688,9.613785240969532,0.2871774354692825,roi_failure,target_bbox_fallback,true
qwen2511_prompt,emblem_x_banner_cov50_1,0,emblem_x_banner,0.5,cov50,0.486007,0.6700124740600586,7.016635127535972,0.618209212393723,roi_failure,target_bbox_fallback,false
qwen2511_prompt,emblem_x_banner_cov50_1,1,emblem_x_banner,0.5,cov50,0.486007,0.6863391399383545,5.270451347606803,0.39721202700129415,ok,located,false
qwen2511_prompt,emblem_x_banner_cov50_1,2,emblem_x_banner,0.5,cov50,0.486007,0.40818527340888977,9.320323716111448,0.5650369118242967,ok,located,false
qwen2511_prompt,emblem_x_banner_cov50_1,3,emblem_x_banner,0.5,cov50,0.486007,0.6457504034042358,5.743932158537353,0.4982221298862257,roi_failure,target_bbox_fallback,true
qwen2511_prompt,emblem_x_banner_cov50_1,4,emblem_x_banner,0.5,cov50,0.486007,0.6073012351989746,9.330103993769512,0.355326101942625,roi_failure,target_bbox_fallback,false
qwen2511_prompt,emblem_x_banner_cov50_2,0,emblem_x_banner,0.5,cov50,0.505033,0.7267211079597473,5.778598820196414,0.5251992923299525,roi_failure,target_bbox_fallback,false
qwen2511_prompt,emblem_x_banner_cov50_2,1,emblem_x_banner,0.5,cov50,0.505033,0.6983674168586731,5.585945284626552,0.24969247300816713,ok,located,false
qwen2511_prompt,emblem_x_banner_cov50_2,2,emblem_x_banner,0.5,cov50,0.505033,0.7265294790267944,5.778931967331403,0.5264652323262053,roi_failure,target_bbox_fallback,false
qwen2511_prompt,emblem_x_banner_cov50_2,3,emblem_x_banner,0.5,cov50,0.505033,0.7016375660896301,4.425740252823671,0.07883355218455762,ok,located,true
qwen2511_prompt,emblem_x_banner_cov50_2,4,emblem_x_banner,0.5,cov50,0.505033,0.5315902233123779,8.156838885949968,0.45956909457282374,ok,located,false
qwen2511_prompt,food_x_plate_cov70_0,0,food_x_plate,0.7,cov70,0.713963,0.898279070854187,3.157262226196069,0.2504440972022632,roi_failure,target_bbox_fallback,false
qwen2511_prompt,food_x_plate_cov70_0,1,food_x_plate,0.7,cov70,0.713963,0.3833330571651459,9.92076945354352,0.6625006554034827,ok,located,true
qwen2511_prompt,food_x_plate_cov70_0,2,food_x_plate,0.7,cov70,0.713963,0.06844770908355713,18.3127591046649,0.9544638745899094,ok,located,false
qwen2511_prompt,food_x_plate_cov70_0,3,food_x_plate,0.7,cov70,0.713963,0.56013023853302,6.393097631835146,0.4048165517096946,ok,located,false
qwen2511_prompt,food_x_plate_cov70_0,4,food_x_plate,0.7,cov70,0.713963,0.3806611895561218,9.813585756988505,0.6873540776870088,ok,located,false
qwen2511_prompt,food_x_plate_cov70_1,0,food_x_plate,0.7,cov70,0.695275,0.31090429425239563,6.098187194844616,0.5683003700514057,ok,located,false
qwen2511_prompt,food_x_plate_cov70_1,1,food_x_plate,0.7,cov70,0.695275,0.037477996200323105,28.646954902804506,0.9577479696622788,ok,located,false
qwen2511_prompt,food_x_plate_cov70_1,2,food_x_plate,0.7,cov70,0.695275,0.03969210386276245,26.615763677085702,0.9344448339008221,ok,located,true
qwen2511_prompt,food_x_plate_cov70_1,3,food_x_plate,0.7,cov70,0.695275,0.051036711782217026,27.685035884199316,0.9515302256813317,ok,located,false
qwen2511_prompt,food_x_plate_cov70_1,4,food_x_plate,0.7,cov70,0.695275,0.02992808073759079,29.34967375808,0.9573568440087669,ok,located,false
qwen2511_prompt,food_x_plate_cov70_2,0,food_x_plate,0.7,cov70,0.695829,0.8656251430511475,3.25944007615147,0.25005449193375034,roi_failure,target_bbox_fallback,false
qwen2511_prompt,food_x_plate_cov70_2,1,food_x_plate,0.7,cov70,0.695829,0.023504488170146942,26.25088617629823,0.9482461260174585,ok,located,false
qwen2511_prompt,food_x_plate_cov70_2,2,food_x_plate,0.7,cov70,0.695829,0.021164335310459137,25.40192024293426,0.941595594089713,ok,located,false
qwen2511_prompt,food_x_plate_cov70_2,3,food_x_plate,0.7,cov70,0.695829,0.023322250694036484,25.817088769412962,0.944947167487522,ok,located,true
qwen2511_prompt,food_x_plate_cov70_2,4,food_x_plate,0.7,cov70,0.695829,0.01398373767733574,30.29477649858478,0.9699273842498614,ok,located,false
qwen2511_prompt,coin_x_chest_cov70_0,0,coin_x_chest,0.7,cov70,0.7127,0.9036577939987183,7.675181829874921,0.3163067557802434,roi_failure,target_bbox_fallback,false
qwen2511_prompt,coin_x_chest_cov70_0,1,coin_x_chest,0.7,cov70,0.7127,0.3116506338119507,13.70875862204546,0.421390318636157,ok,located,false
qwen2511_prompt,coin_x_chest_cov70_0,2,coin_x_chest,0.7,cov70,0.7127,0.13705219328403473,19.084408723652654,0.7307739718314767,ok,located,true
qwen2511_prompt,coin_x_chest_cov70_0,3,coin_x_chest,0.7,cov70,0.7127,0.12072467058897018,19.66261829173949,0.7505790519157339,ok,located,false
qwen2511_prompt,coin_x_chest_cov70_0,4,coin_x_chest,0.7,cov70,0.7127,0.13133810460567474,19.374339441704997,0.7717246667674793,ok,located,false
qwen2511_prompt,coin_x_chest_cov70_1,0,coin_x_chest,0.7,cov70,0.709374,0.16672566533088684,17.712272121674285,0.724560151758659,ok,located,false
qwen2511_prompt,coin_x_chest_cov70_1,1,coin_x_chest,0.7,cov70,0.709374,0.1796410232782364,18.31282590521109,0.7231301582673041,ok,located,false
qwen2511_prompt,coin_x_chest_cov70_1,2,coin_x_chest,0.7,cov70,0.709374,0.12524397671222687,19.530962298198645,0.779797927206409,ok,located,false
qwen2511_prompt,coin_x_chest_cov70_1,3,coin_x_chest,0.7,cov70,0.709374,0.1183004081249237,19.24899721047706,0.7855783167473289,ok,located,false
qwen2511_prompt,coin_x_chest_cov70_1,4,coin_x_chest,0.7,cov70,0.709374,0.12698760628700256,18.65265919028778,0.7307526127035716,ok,located,true
qwen2511_prompt,coin_x_chest_cov70_2,0,coin_x_chest,0.7,cov70,0.707081,0.17676182091236115,14.891818061090433,0.6179365134278257,ok,located,false
qwen2511_prompt,coin_x_chest_cov70_2,1,coin_x_chest,0.7,cov70,0.707081,0.26174846291542053,13.970001224824134,0.43301299163003293,ok,located,false
qwen2511_prompt,coin_x_chest_cov70_2,2,coin_x_chest,0.7,cov70,0.707081,0.15479931235313416,19.019155616265873,0.7686886790548234,ok,located,false
qwen2511_prompt,coin_x_chest_cov70_2,3,coin_x_chest,0.7,cov70,0.707081,0.16930758953094482,18.473352977090723,0.7069292854540485,ok,located,true
qwen2511_prompt,coin_x_chest_cov70_2,4,coin_x_chest,0.7,cov70,0.707081,0.16542041301727295,18.179613822101402,0.6872094949103147,ok,located,false
qwen2511_prompt,key_x_lock_cov50_0,0,key_x_lock,0.5,cov50,0.485743,0.10690822452306747,21.131153642671762,0.946561407149352,ok,located,true
qwen2511_prompt,key_x_lock_cov50_0,1,key_x_lock,0.5,cov50,0.485743,0.10706716030836105,20.421246501917004,0.9437605559514468,ok,located,false
qwen2511_prompt,key_x_lock_cov50_0,2,key_x_lock,0.5,cov50,0.485743,0.10314921289682388,20.997508435916323,0.9424785266609002,ok,located,false
qwen2511_prompt,key_x_lock_cov50_0,3,key_x_lock,0.5,cov50,0.485743,0.10659132152795792,21.124800447950225,0.9461521886229405,ok,located,false
qwen2511_prompt,key_x_lock_cov50_0,4,key_x_lock,0.5,cov50,0.485743,0.10759192705154419,20.972001403846882,0.9495841628811399,ok,located,false
qwen2511_prompt,key_x_lock_cov50_1,0,key_x_lock,0.5,cov50,0.498359,0.10810546576976776,21.521446945316832,0.8742151108691726,ok,located,false
qwen2511_prompt,key_x_lock_cov50_1,1,key_x_lock,0.5,cov50,0.498359,0.09896742552518845,22.30338436660011,0.9046183285896133,ok,located,false
qwen2511_prompt,key_x_lock_cov50_1,2,key_x_lock,0.5,cov50,0.498359,0.0876176506280899,23.43189760971784,0.9498289907277062,ok,located,false
qwen2511_prompt,key_x_lock_cov50_1,3,key_x_lock,0.5,cov50,0.498359,0.11688140779733658,20.02065671335461,0.8400847148831128,ok,located,false
qwen2511_prompt,key_x_lock_cov50_1,4,key_x_lock,0.5,cov50,0.498359,0.10187865048646927,22.262722587949767,0.9008103001804714,ok,located,true
qwen2511_prompt,key_x_lock_cov50_2,0,key_x_lock,0.5,cov50,0.511836,0.0982368215918541,22.253083204958305,0.9508307192983197,ok,located,false
qwen2511_prompt,key_x_lock_cov50_2,1,key_x_lock,0.5,cov50,0.511836,0.10016857087612152,21.92710041770864,0.9472947276185023,ok,located,false
qwen2511_prompt,key_x_lock_cov50_2,2,key_x_lock,0.5,cov50,0.511836,0.09935576468706131,22.21059172060584,0.95213306216875,ok,located,true
qwen2511_prompt,key_x_lock_cov50_2,3,key_x_lock,0.5,cov50,0.511836,0.10293690115213394,22.322847054675368,0.948820604080419,ok,located,false
qwen2511_prompt,key_x_lock_cov50_2,4,key_x_lock,0.5,cov50,0.511836,0.09608770906925201,22.274308858113336,0.9554266544376193,ok,located,false
qwen2511_prompt,potion_x_crate_cov50_0,0,potion_x_crate,0.5,cov50,0.518319,0.04365265741944313,26.090866372536713,0.8837136053175246,ok,located,false
qwen2511_prompt,potion_x_crate_cov50_0,1,potion_x_crate,0.5,cov50,0.518319,0.04076724126935005,26.2374927966832,0.8866206386129273,ok,located,false
qwen2511_prompt,potion_x_crate_cov50_0,2,potion_x_crate,0.5,cov50,0.518319,0.04139687865972519,26.4819292374546,0.892903104136605,ok,located,true
qwen2511_prompt,potion_x_crate_cov50_0,3,potion_x_crate,0.5,cov50,0.518319,0.036725930869579315,26.50967732826343,0.8914134855816002,ok,located,false
qwen2511_prompt,potion_x_crate_cov50_0,4,potion_x_crate,0.5,cov50,0.518319,0.04226789250969887,26.177945931873808,0.8829948169048231,ok,located,false
qwen2511_prompt,potion_x_crate_cov50_1,0,potion_x_crate,0.5,cov50,0.505658,0.018564488738775253,30.57410364496902,0.9378772938221331,ok,located,false
qwen2511_prompt,potion_x_crate_cov50_1,1,potion_x_crate,0.5,cov50,0.505658,0.012298699468374252,35.87884354475185,0.9559810798334788,ok,located,false
qwen2511_prompt,potion_x_crate_cov50_1,2,potion_x_crate,0.5,cov50,0.505658,0.05417310446500778,28.457265287635423,0.9119816426273047,ok,located,false
qwen2511_prompt,potion_x_crate_cov50_1,3,potion_x_crate,0.5,cov50,0.505658,0.013773320242762566,31.719196692237176,0.9394100241435627,ok,located,true
qwen2511_prompt,potion_x_crate_cov50_1,4,potion_x_crate,0.5,cov50,0.505658,0.011294038034975529,32.82852006087082,0.9393124105319535,ok,located,false
qwen2511_prompt,potion_x_crate_cov50_2,0,potion_x_crate,0.5,cov50,0.514935,0.032901130616664886,27.153031554154076,0.9089690431491982,ok,located,false
qwen2511_prompt,potion_x_crate_cov50_2,1,potion_x_crate,0.5,cov50,0.514935,0.036151234060525894,27.326294354408077,0.9144993047929729,ok,located,false
qwen2511_prompt,potion_x_crate_cov50_2,2,potion_x_crate,0.5,cov50,0.514935,0.03128068894147873,27.728903982930014,0.9217201962690679,ok,located,false
qwen2511_prompt,potion_x_crate_cov50_2,3,potion_x_crate,0.5,cov50,0.514935,0.036333393305540085,27.37179056254062,0.9119280247574766,ok,located,false
qwen2511_prompt,potion_x_crate_cov50_2,4,potion_x_crate,0.5,cov50,0.514935,0.03303121030330658,27.773809108804592,0.9182980657700167,ok,located,true
qwen2511_prompt,gem_x_ring_cov30_0,0,gem_x_ring,0.3,cov30,0.299812,0.3694096803665161,8.791421870799843,0.5035042639231723,ok,located,false
qwen2511_prompt,gem_x_ring_cov30_0,1,gem_x_ring,0.3,cov30,0.299812,0.4684559106826782,6.944360097884181,0.38281947064238203,ok,located,false
qwen2511_prompt,gem_x_ring_cov30_0,2,gem_x_ring,0.3,cov30,0.299812,0.4676859676837921,6.963718426604206,0.38457733365581087,ok,located,false
qwen2511_prompt,gem_x_ring_cov30_0,3,gem_x_ring,0.3,cov30,0.299812,0.467280775308609,6.925243475145263,0.3840863254123407,ok,located,true
qwen2511_prompt,gem_x_ring_cov30_0,4,gem_x_ring,0.3,cov30,0.299812,0.4672331213951111,6.931582271502758,0.3832484349125294,ok,located,false
qwen2511_prompt,gem_x_ring_cov30_1,0,gem_x_ring,0.3,cov30,0.287595,0.7330653071403503,8.380874451274403,0.6051730694919514,roi_failure,target_bbox_fallback,false
qwen2511_prompt,gem_x_ring_cov30_1,1,gem_x_ring,0.3,cov30,0.287595,0.8031927347183228,2.63938072509307,0.05282660977059811,roi_failure,target_bbox_fallback,false
qwen2511_prompt,gem_x_ring_cov30_1,2,gem_x_ring,0.3,cov30,0.287595,0.48980244994163513,6.037961783354591,0.3610407336367894,ok,located,false
qwen2511_prompt,gem_x_ring_cov30_1,3,gem_x_ring,0.3,cov30,0.287595,0.49058976769447327,6.014052375162922,0.35868640035849575,ok,located,true
qwen2511_prompt,gem_x_ring_cov30_1,4,gem_x_ring,0.3,cov30,0.287595,0.49026498198509216,6.011813721763366,0.3599556783432432,ok,located,false
qwen2511_prompt,gem_x_ring_cov30_2,0,gem_x_ring,0.3,cov30,0.290504,0.7218229174613953,8.204942108845056,0.622783914032777,roi_failure,target_bbox_fallback,false
qwen2511_prompt,gem_x_ring_cov30_2,1,gem_x_ring,0.3,cov30,0.290504,0.4781453609466553,5.185726733876631,0.3317910765667415,ok,located,false
qwen2511_prompt,gem_x_ring_cov30_2,2,gem_x_ring,0.3,cov30,0.290504,0.6510601043701172,4.59331818014155,0.28507112867406387,ok,located,false
qwen2511_prompt,gem_x_ring_cov30_2,3,gem_x_ring,0.3,cov30,0.290504,0.525543749332428,5.8765808467884595,0.3753618926890205,ok,located,true
qwen2511_prompt,gem_x_ring_cov30_2,4,gem_x_ring,0.3,cov30,0.290504,0.5254873633384705,5.887549778799894,0.37388681330877427,ok,located,false
qwen2511_prompt,pen_x_book_cov30_0,0,pen_x_book,0.3,cov30,0.310811,0.030824072659015656,31.36984970890837,0.9695449843510114,ok,located,false
qwen2511_prompt,pen_x_book_cov30_0,1,pen_x_book,0.3,cov30,0.310811,0.027889594435691833,31.47811948945778,0.9682021061308662,ok,located,true
qwen2511_prompt,pen_x_book_cov30_0,2,pen_x_book,0.3,cov30,0.310811,0.040163181722164154,29.85350694335423,0.9604160306156153,ok,located,false
qwen2511_prompt,pen_x_book_cov30_0,3,pen_x_book,0.3,cov30,0.310811,0.02159716933965683,31.438876430880697,0.968740137867738,ok,located,false
qwen2511_prompt,pen_x_book_cov30_0,4,pen_x_book,0.3,cov30,0.310811,0.024745363742113113,30.32846776570194,0.9685330261990499,ok,located,false
qwen2511_prompt,pen_x_book_cov30_1,0,pen_x_book,0.3,cov30,0.304428,0.20767273008823395,16.681480020637434,0.7493229415695534,ok,located,false
qwen2511_prompt,pen_x_book_cov30_1,1,pen_x_book,0.3,cov30,0.304428,0.023624081164598465,29.236149144463255,0.9401697647105601,ok,located,true
qwen2511_prompt,pen_x_book_cov30_1,2,pen_x_book,0.3,cov30,0.304428,0.09418334066867828,28.46829556210576,0.9034767346727469,ok,located,false
qwen2511_prompt,pen_x_book_cov30_1,3,pen_x_book,0.3,cov30,0.304428,0.018459022045135498,30.654515150510267,0.9460257858188701,ok,located,false
qwen2511_prompt,pen_x_book_cov30_1,4,pen_x_book,0.3,cov30,0.304428,0.02079903706908226,30.219454844535868,0.9446480592688831,ok,located,false
qwen2511_prompt,pen_x_book_cov30_2,0,pen_x_book,0.3,cov30,0.306125,0.13491438329219818,19.50815449453009,0.9026573816236926,ok,located,false
qwen2511_prompt,pen_x_book_cov30_2,1,pen_x_book,0.3,cov30,0.306125,0.015397910960018635,36.20528169023332,0.9772675266172052,ok,located,false
qwen2511_prompt,pen_x_book_cov30_2,2,pen_x_book,0.3,cov30,0.306125,0.028362266719341278,33.00833459277893,0.9634895240578215,ok,located,true
qwen2511_prompt,pen_x_book_cov30_2,3,pen_x_book,0.3,cov30,0.306125,0.02880002185702324,31.375744561789418,0.945539472300958,ok,located,false
qwen2511_prompt,pen_x_book_cov30_2,4,pen_x_book,0.3,cov30,0.306125,0.012386348098516464,37.9810048679234,0.9796108497666292,ok,located,false
qwen2511_prompt,sword_x_shield_cov30_0,0,sword_x_shield,0.3,cov30,0.286166,0.013816162012517452,32.101595724829465,0.9741431835208818,ok,located,false
qwen2511_prompt,sword_x_shield_cov30_0,1,sword_x_shield,0.3,cov30,0.286166,0.05711854621767998,24.325865317374387,0.898085771579729,ok,located,false
qwen2511_prompt,sword_x_shield_cov30_0,2,sword_x_shield,0.3,cov30,0.286166,0.01752680540084839,30.120319148536716,0.9671816083915047,ok,located,false
qwen2511_prompt,sword_x_shield_cov30_0,3,sword_x_shield,0.3,cov30,0.286166,0.01995651051402092,28.50562558049753,0.9491136139024449,ok,located,true
qwen2511_prompt,sword_x_shield_cov30_0,4,sword_x_shield,0.3,cov30,0.286166,0.04246370866894722,25.81628870088986,0.9122703338216319,ok,located,false
qwen2511_prompt,sword_x_shield_cov30_1,0,sword_x_shield,0.3,cov30,0.280355,0.7701464295387268,7.64038594192349,0.4115171611866486,roi_failure,target_bbox_fallback,false
qwen2511_prompt,sword_x_shield_cov30_1,1,sword_x_shield,0.3,cov30,0.280355,0.0283364225178957,27.266433329320748,0.9320295259347916,ok,located,false
qwen2511_prompt,sword_x_shield_cov30_1,2,sword_x_shield,0.3,cov30,0.280355,0.07940828800201416,20.613855923373894,0.8356142986791877,ok,located,false
qwen2511_prompt,sword_x_shield_cov30_1,3,sword_x_shield,0.3,cov30,0.280355,0.03585673123598099,21.245026015063274,0.8450972717467745,ok,located,false
qwen2511_prompt,sword_x_shield_cov30_1,4,sword_x_shield,0.3,cov30,0.280355,0.03835349529981613,23.5231681772215,0.8679629078174346,ok,located,true
qwen2511_prompt,sword_x_shield_cov30_2,0,sword_x_shield,0.3,cov30,0.284125,0.03946569561958313,22.927077488674364,0.888184919985667,ok,located,true
qwen2511_prompt,sword_x_shield_cov30_2,1,sword_x_shield,0.3,cov30,0.284125,0.062293775379657745,23.097942591276762,0.8938268703222749,ok,located,false
qwen2511_prompt,sword_x_shield_cov30_2,2,sword_x_shield,0.3,cov30,0.284125,0.09588754922151566,18.256167972050296,0.8191111402012007,ok,located,false
qwen2511_prompt,sword_x_shield_cov30_2,3,sword_x_shield,0.3,cov30,0.284125,0.03321852907538414,23.38496664567983,0.902192578533751,ok,located,false
qwen2511_prompt,sword_x_shield_cov30_2,4,sword_x_shield,0.3,cov30,0.284125,0.0191494170576334,29.04854000862319,0.9623055340914718,ok,located,false
qwen2511_prompt,hammer_x_anvil_cov30_0,0,hammer_x_anvil,0.3,cov30,0.310627,0.02760631963610649,28.8504534019993,0.9759907819442869,ok,located,false
qwen2511_prompt,hammer_x_anvil_cov30_0,1,hammer_x_anvil,0.3,cov30,0.310627,0.022981857880949974,30.069094298097696,0.9727885793630723,ok,located,false
qwen2511_prompt,hammer_x_anvil_cov30_0,2,hammer_x_anvil,0.3,cov30,0.310627,0.015124635770916939,31.42205435746942,0.9815302052436898,ok,located,false
qwen2511_prompt,hammer_x_anvil_cov30_0,3,hammer_x_anvil,0.3,cov30,0.310627,0.015470788814127445,29.853175562009096,0.9764419855080431,ok,located,false
qwen2511_prompt,hammer_x_anvil_cov30_0,4,hammer_x_anvil,0.3,cov30,0.310627,0.01894356682896614,31.497146330746915,0.9764263908016182,ok,located,true
qwen2511_prompt,hammer_x_anvil_cov30_1,0,hammer_x_anvil,0.3,cov30,0.280833,0.0363176055252552,26.90228408300409,0.9514740116266994,ok,located,true
qwen2511_prompt,hammer_x_anvil_cov30_1,1,hammer_x_anvil,0.3,cov30,0.280833,0.026793306693434715,29.72922704224258,0.9658621707361195,ok,located,false
qwen2511_prompt,hammer_x_anvil_cov30_1,2,hammer_x_anvil,0.3,cov30,0.280833,0.03609708696603775,27.151822582051718,0.9537535494135483,ok,located,false
qwen2511_prompt,hammer_x_anvil_cov30_1,3,hammer_x_anvil,0.3,cov30,0.280833,0.0971963107585907,20.498113521953503,0.7347456832218716,ok,located,false
qwen2511_prompt,hammer_x_anvil_cov30_1,4,hammer_x_anvil,0.3,cov30,0.280833,0.03734104335308075,27.03014501325803,0.9484445836687913,ok,located,false
qwen2511_prompt,hammer_x_anvil_cov30_2,0,hammer_x_anvil,0.3,cov30,0.306076,0.02564104087650776,31.346008645460156,0.9678124598494655,ok,located,true
qwen2511_prompt,hammer_x_anvil_cov30_2,1,hammer_x_anvil,0.3,cov30,0.306076,0.5670275092124939,11.323281939573278,0.5493014680126717,ok,located,false
qwen2511_prompt,hammer_x_anvil_cov30_2,2,hammer_x_anvil,0.3,cov30,0.306076,0.01560058631002903,33.72065390840347,0.9781268765886311,ok,located,false
qwen2511_prompt,hammer_x_anvil_cov30_2,3,hammer_x_anvil,0.3,cov30,0.306076,0.5949193239212036,11.340091990765977,0.5520691909290764,ok,located,false
qwen2511_prompt,hammer_x_anvil_cov30_2,4,hammer_x_anvil,0.3,cov30,0.306076,0.009063110686838627,39.246551359182284,0.984276807982349,ok,located,false
qwen2511_bbox,emblem_x_banner_cov50_0,0,emblem_x_banner,0.5,cov50,0.497214,0.2184503674507141,14.57860004503613,0.8100850378352012,ok,located,false
qwen2511_bbox,emblem_x_banner_cov50_0,1,emblem_x_banner,0.5,cov50,0.497214,0.015917541459202766,36.04962849081131,0.9676483721318075,ok,located,false
qwen2511_bbox,emblem_x_banner_cov50_0,2,emblem_x_banner,0.5,cov50,0.497214,0.06521628797054291,29.15945749965759,0.9384701001972179,ok,located,false
qwen2511_bbox,emblem_x_banner_cov50_0,3,emblem_x_banner,0.5,cov50,0.497214,0.020398035645484924,31.80409600976016,0.9623072426250842,ok,located,false
qwen2511_bbox,emblem_x_banner_cov50_0,4,emblem_x_banner,0.5,cov50,0.497214,0.021373476833105087,29.273488532743105,0.9471730716517773,ok,located,true
qwen2511_bbox,emblem_x_banner_cov50_1,0,emblem_x_banner,0.5,cov50,0.486007,0.016922257840633392,33.349737140951184,0.9666983285699428,ok,located,false
qwen2511_bbox,emblem_x_banner_cov50_1,1,emblem_x_banner,0.5,cov50,0.486007,0.01293353084474802,31.708302559381245,0.9677084573238308,ok,located,true
qwen2511_bbox,emblem_x_banner_cov50_1,2,emblem_x_banner,0.5,cov50,0.486007,0.011716729961335659,31.374592922186054,0.9740967612891063,ok,located,false
qwen2511_bbox,emblem_x_banner_cov50_1,3,emblem_x_banner,0.5,cov50,0.486007,0.008689630776643753,35.2524130835543,0.9716659623175739,ok,located,false
qwen2511_bbox,emblem_x_banner_cov50_1,4,emblem_x_banner,0.5,cov50,0.486007,0.014293364249169827,33.89113222589159,0.966990910433822,ok,located,false
qwen2511_bbox,emblem_x_banner_cov50_2,0,emblem_x_banner,0.5,cov50,0.505033,0.29405733942985535,12.487342214039321,0.7513144297716824,ok,located,false
qwen2511_bbox,emblem_x_banner_cov50_2,1,emblem_x_banner,0.5,cov50,0.505033,0.04790697619318962,25.74049984213588,0.9281512837872201,ok,located,false
qwen2511_bbox,emblem_x_banner_cov50_2,2,emblem_x_banner,0.5,cov50,0.505033,0.05102362483739853,25.882354800200524,0.9459806105439738,ok,located,true
qwen2511_bbox,emblem_x_banner_cov50_2,3,emblem_x_banner,0.5,cov50,0.505033,0.02477642521262169,29.618126787168883,0.9596004414560896,ok,located,false
qwen2511_bbox,emblem_x_banner_cov50_2,4,emblem_x_banner,0.5,cov50,0.505033,0.30511462688446045,12.374424212356294,0.7084758357012787,ok,located,false
qwen2511_bbox,food_x_plate_cov70_0,0,food_x_plate,0.7,cov70,0.713963,0.8985965847969055,3.158760211353033,0.2477745370435723,roi_failure,target_bbox_fallback,false
qwen2511_bbox,food_x_plate_cov70_0,1,food_x_plate,0.7,cov70,0.713963,0.4042874574661255,9.099725715975602,0.5644542793151387,ok,located,false
qwen2511_bbox,food_x_plate_cov70_0,2,food_x_plate,0.7,cov70,0.713963,0.5573185682296753,6.391504146408254,0.393875509487581,ok,located,false
qwen2511_bbox,food_x_plate_cov70_0,3,food_x_plate,0.7,cov70,0.713963,0.5587521195411682,6.404616838522548,0.3924638168097707,ok,located,true
qwen2511_bbox,food_x_plate_cov70_0,4,food_x_plate,0.7,cov70,0.713963,0.5595380067825317,6.3932961851498415,0.3887419909875945,ok,located,false
qwen2511_bbox,food_x_plate_cov70_1,0,food_x_plate,0.7,cov70,0.695275,0.8936832547187805,3.3661243014780586,0.24524768834950939,roi_failure,target_bbox_fallback,false
qwen2511_bbox,food_x_plate_cov70_1,1,food_x_plate,0.7,cov70,0.695275,0.03282361477613449,30.16256404958472,0.9449280436276717,ok,located,false
qwen2511_bbox,food_x_plate_cov70_1,2,food_x_plate,0.7,cov70,0.695275,0.22031225264072418,8.517077898165056,0.6772149921551737,ok,located,true
qwen2511_bbox,food_x_plate_cov70_1,3,food_x_plate,0.7,cov70,0.695275,0.47459647059440613,8.416885473836,0.5711979319055329,ok,located,false
qwen2511_bbox,food_x_plate_cov70_1,4,food_x_plate,0.7,cov70,0.695275,0.030575908720493317,27.200935371263864,0.9374469997026801,ok,located,false
qwen2511_bbox,food_x_plate_cov70_2,0,food_x_plate,0.7,cov70,0.695829,0.8657656311988831,3.2559997771271942,0.24840476924687918,roi_failure,target_bbox_fallback,false
qwen2511_bbox,food_x_plate_cov70_2,1,food_x_plate,0.7,cov70,0.695829,0.03129751235246658,25.966431731967702,0.9264857150997671,ok,located,false
qwen2511_bbox,food_x_plate_cov70_2,2,food_x_plate,0.7,cov70,0.695829,0.5281521677970886,7.178322473415326,0.4470128327848952,ok,located,false
qwen2511_bbox,food_x_plate_cov70_2,3,food_x_plate,0.7,cov70,0.695829,0.6796151995658875,5.134560813477814,0.352836650146553,ok,located,false
qwen2511_bbox,food_x_plate_cov70_2,4,food_x_plate,0.7,cov70,0.695829,0.5282097458839417,7.143613089468489,0.4410906010104083,ok,located,true
qwen2511_bbox,coin_x_chest_cov70_0,0,coin_x_chest,0.7,cov70,0.7127,0.9044547080993652,7.676459308873472,0.31497478159382086,roi_failure,target_bbox_fallback,false
qwen2511_bbox,coin_x_chest_cov70_0,1,coin_x_chest,0.7,cov70,0.7127,0.2858273386955261,13.78097025984627,0.4161380327722495,ok,located,false
qwen2511_bbox,coin_x_chest_cov70_0,2,coin_x_chest,0.7,cov70,0.7127,0.16781866550445557,18.377348076011653,0.7050619004310145,ok,located,false
qwen2511_bbox,coin_x_chest_cov70_0,3,coin_x_chest,0.7,cov70,0.7127,0.4970589578151703,11.231454483695998,0.4497299581962997,ok,located,true
qwen2511_bbox,coin_x_chest_cov70_0,4,coin_x_chest,0.7,cov70,0.7127,0.9064577221870422,7.689042514363994,0.31289458408892085,roi_failure,target_bbox_fallback,false
qwen2511_bbox,coin_x_chest_cov70_1,0,coin_x_chest,0.7,cov70,0.709374,0.9591226577758789,7.727811140480667,0.24674432870247598,roi_failure,target_bbox_fallback,false
qwen2511_bbox,coin_x_chest_cov70_1,1,coin_x_chest,0.7,cov70,0.709374,0.23743624985218048,17.517518280599443,0.6738569087305876,ok,located,false
qwen2511_bbox,coin_x_chest_cov70_1,2,coin_x_chest,0.7,cov70,0.709374,0.25830888748168945,19.070373777367795,0.7362148202588661,ok,located,false
qwen2511_bbox,coin_x_chest_cov70_1,3,coin_x_chest,0.7,cov70,0.709374,0.4509708285331726,11.406428689895732,0.5058670537646707,ok,located,false
qwen2511_bbox,coin_x_chest_cov70_1,4,coin_x_chest,0.7,cov70,0.709374,0.2627948820590973,18.71390693065239,0.7328672102936041,ok,located,true
qwen2511_bbox,coin_x_chest_cov70_2,0,coin_x_chest,0.7,cov70,0.707081,0.9750477075576782,7.221812974326932,0.18205269066210264,roi_failure,target_bbox_fallback,false
qwen2511_bbox,coin_x_chest_cov70_2,1,coin_x_chest,0.7,cov70,0.707081,0.2059929370880127,18.328879640121563,0.7332867712330614,ok,located,true
qwen2511_bbox,coin_x_chest_cov70_2,2,coin_x_chest,0.7,cov70,0.707081,0.17505177855491638,19.928323858876045,0.7927345835296782,ok,located,false
qwen2511_bbox,coin_x_chest_cov70_2,3,coin_x_chest,0.7,cov70,0.707081,0.5230315327644348,11.498761756539013,0.526544764080414,ok,located,false
qwen2511_bbox,coin_x_chest_cov70_2,4,coin_x_chest,0.7,cov70,0.707081,0.13193008303642273,19.66456103344892,0.7704922391902568,ok,located,false
qwen2511_bbox,key_x_lock_cov50_0,0,key_x_lock,0.5,cov50,0.485743,0.8064798712730408,6.448394177585943,0.48693704566427193,roi_failure,target_bbox_fallback,false
qwen2511_bbox,key_x_lock_cov50_0,1,key_x_lock,0.5,cov50,0.485743,0.10918235033750534,20.473748998808205,0.9325923570829125,ok,located,false
qwen2511_bbox,key_x_lock_cov50_0,2,key_x_lock,0.5,cov50,0.485743,0.10945475846529007,21.113747541206436,0.9327846425305251,ok,located,true
qwen2511_bbox,key_x_lock_cov50_0,3,key_x_lock,0.5,cov50,0.485743,0.10948581993579865,21.106973279091086,0.9407886810723353,ok,located,false
qwen2511_bbox,key_x_lock_cov50_0,4,key_x_lock,0.5,cov50,0.485743,0.10922898352146149,20.99094486903628,0.9390269551253114,ok,located,false
qwen2511_bbox,key_x_lock_cov50_1,0,key_x_lock,0.5,cov50,0.498359,0.7877341508865356,7.111030883861554,0.49668882682185683,roi_failure,target_bbox_fallback,false
qwen2511_bbox,key_x_lock_cov50_1,1,key_x_lock,0.5,cov50,0.498359,0.11599817872047424,20.9015438803821,0.8392573807717056,ok,located,false
qwen2511_bbox,key_x_lock_cov50_1,2,key_x_lock,0.5,cov50,0.498359,0.10342919826507568,22.22388839076942,0.8885777989482154,ok,located,false
qwen2511_bbox,key_x_lock_cov50_1,3,key_x_lock,0.5,cov50,0.498359,0.11183802038431168,21.37167854050078,0.8557317512432929,ok,located,true
qwen2511_bbox,key_x_lock_cov50_1,4,key_x_lock,0.5,cov50,0.498359,0.10349636524915695,22.221807870465277,0.885074988314123,ok,located,false
qwen2511_bbox,key_x_lock_cov50_2,0,key_x_lock,0.5,cov50,0.511836,0.8071650862693787,7.075641538006309,0.45265620704653725,roi_failure,target_bbox_fallback,false
qwen2511_bbox,key_x_lock_cov50_2,1,key_x_lock,0.5,cov50,0.511836,0.10014357417821884,22.035920423722082,0.9396154467952029,ok,located,false
qwen2511_bbox,key_x_lock_cov50_2,2,key_x_lock,0.5,cov50,0.511836,0.09910532087087631,22.337822631825755,0.9457837986696558,ok,located,false
qwen2511_bbox,key_x_lock_cov50_2,3,key_x_lock,0.5,cov50,0.511836,0.10372618585824966,22.371108217864723,0.9392783527432257,ok,located,false
qwen2511_bbox,key_x_lock_cov50_2,4,key_x_lock,0.5,cov50,0.511836,0.10265225172042847,22.255366507824306,0.9385448012002172,ok,located,true
qwen2511_bbox,potion_x_crate_cov50_0,0,potion_x_crate,0.5,cov50,0.518319,0.918332040309906,7.953193919958768,0.26746129184773726,roi_failure,target_bbox_fallback,false
qwen2511_bbox,potion_x_crate_cov50_0,1,potion_x_crate,0.5,cov50,0.518319,0.04038635641336441,26.303103573927245,0.8824828668017816,ok,located,false
qwen2511_bbox,potion_x_crate_cov50_0,2,potion_x_crate,0.5,cov50,0.518319,0.04192204028367996,26.455022996868365,0.8892446279146227,ok,located,true
qwen2511_bbox,potion_x_crate_cov50_0,3,potion_x_crate,0.5,cov50,0.518319,0.03697671368718147,26.548905682666863,0.8881941162202754,ok,located,false
qwen2511_bbox,potion_x_crate_cov50_0,4,potion_x_crate,0.5,cov50,0.518319,0.0425964891910553,26.181710884191403,0.878263083338802,ok,located,false
qwen2511_bbox,potion_x_crate_cov50_1,0,potion_x_crate,0.5,cov50,0.505658,0.847081184387207,8.323918492192465,0.3792338431664744,roi_failure,target_bbox_fallback,false
qwen2511_bbox,potion_x_crate_cov50_1,1,potion_x_crate,0.5,cov50,0.505658,0.013673081994056702,36.05074760621223,0.9499363921966384,ok,located,false
qwen2511_bbox,potion_x_crate_cov50_1,2,potion_x_crate,0.5,cov50,0.505658,0.03227889910340309,29.143822507439353,0.9251963704274803,ok,located,false
qwen2511_bbox,potion_x_crate_cov50_1,3,potion_x_crate,0.5,cov50,0.505658,0.015670333057641983,32.384959156914654,0.9336876363807901,ok,located,true
qwen2511_bbox,potion_x_crate_cov50_1,4,potion_x_crate,0.5,cov50,0.505658,0.012680456042289734,32.78397019084497,0.9339601956249272,ok,located,false
qwen2511_bbox,potion_x_crate_cov50_2,0,potion_x_crate,0.5,cov50,0.514935,0.8561736941337585,9.05545398737858,0.3667636326392351,roi_failure,target_bbox_fallback,false
qwen2511_bbox,potion_x_crate_cov50_2,1,potion_x_crate,0.5,cov50,0.514935,0.03568078950047493,27.256375475377638,0.9061285641804311,ok,located,true
qwen2511_bbox,potion_x_crate_cov50_2,2,potion_x_crate,0.5,cov50,0.514935,0.03199665993452072,27.724659985146683,0.9169624587815596,ok,located,false
qwen2511_bbox,potion_x_crate_cov50_2,3,potion_x_crate,0.5,cov50,0.514935,0.011800263077020645,35.962235376564294,0.9593628919327086,ok,located,false
qwen2511_bbox,potion_x_crate_cov50_2,4,potion_x_crate,0.5,cov50,0.514935,0.03569883853197098,27.815184489121243,0.9103299242380333,ok,located,false
qwen2511_bbox,gem_x_ring_cov30_0,0,gem_x_ring,0.3,cov30,0.299812,0.7448150515556335,8.063740219732608,0.5672111425494318,roi_failure,target_bbox_fallback,false
qwen2511_bbox,gem_x_ring_cov30_0,1,gem_x_ring,0.3,cov30,0.299812,0.02052576281130314,25.189272885670093,0.9098620661578835,ok,located,true
qwen2511_bbox,gem_x_ring_cov30_0,2,gem_x_ring,0.3,cov30,0.299812,0.011788069270551205,26.5086997195983,0.9234388278995155,ok,located,false
qwen2511_bbox,gem_x_ring_cov30_0,3,gem_x_ring,0.3,cov30,0.299812,0.014220036566257477,27.784088984091653,0.9298473058470024,ok,located,false
qwen2511_bbox,gem_x_ring_cov30_0,4,gem_x_ring,0.3,cov30,0.299812,0.29096150398254395,9.933055966443007,0.5478254296752452,ok,located,false
qwen2511_bbox,gem_x_ring_cov30_1,0,gem_x_ring,0.3,cov30,0.287595,0.7338602542877197,8.383073972860299,0.5999277009938248,roi_failure,target_bbox_fallback,false
qwen2511_bbox,gem_x_ring_cov30_1,1,gem_x_ring,0.3,cov30,0.287595,0.012713355012238026,25.39282623427964,0.9106700002911371,ok,located,false
qwen2511_bbox,gem_x_ring_cov30_1,2,gem_x_ring,0.3,cov30,0.287595,0.01016556192189455,26.103658489231208,0.9161022653807492,ok,located,false
qwen2511_bbox,gem_x_ring_cov30_1,3,gem_x_ring,0.3,cov30,0.287595,0.015110287815332413,23.7694382536798,0.8802719737994633,ok,located,true
qwen2511_bbox,gem_x_ring_cov30_1,4,gem_x_ring,0.3,cov30,0.287595,0.29861900210380554,9.639023883851433,0.5302840296585504,ok,located,false
qwen2511_bbox,gem_x_ring_cov30_2,0,gem_x_ring,0.3,cov30,0.290504,0.7221820950508118,8.20490461384426,0.6224362100659641,roi_failure,target_bbox_fallback,false
qwen2511_bbox,gem_x_ring_cov30_2,1,gem_x_ring,0.3,cov30,0.290504,0.018708646297454834,24.934024525531715,0.924626769712635,ok,located,false
qwen2511_bbox,gem_x_ring_cov30_2,2,gem_x_ring,0.3,cov30,0.290504,0.014656146056950092,24.70873777777956,0.911050673949204,ok,located,false
qwen2511_bbox,gem_x_ring_cov30_2,3,gem_x_ring,0.3,cov30,0.290504,0.022498859092593193,22.520625060907303,0.8717889276432018,ok,located,true
qwen2511_bbox,gem_x_ring_cov30_2,4,gem_x_ring,0.3,cov30,0.290504,0.2613726854324341,10.010325967210514,0.5925952377825836,ok,located,false
qwen2511_bbox,pen_x_book_cov30_0,0,pen_x_book,0.3,cov30,0.310811,0.8034369349479675,9.393555221151253,0.27717392623368925,ok,located,false
qwen2511_bbox,pen_x_book_cov30_0,1,pen_x_book,0.3,cov30,0.310811,0.8034648299217224,9.386743549228301,0.27696588224649815,ok,located,true
qwen2511_bbox,pen_x_book_cov30_0,2,pen_x_book,0.3,cov30,0.310811,0.8036432266235352,9.397790703726375,0.2790453721936526,ok,located,false
qwen2511_bbox,pen_x_book_cov30_0,3,pen_x_book,0.3,cov30,0.310811,0.80279541015625,9.375799271899105,0.27726984651595266,ok,located,false
qwen2511_bbox,pen_x_book_cov30_0,4,pen_x_book,0.3,cov30,0.310811,0.8052688837051392,9.383095388834265,0.27691810404947426,ok,located,false
qwen2511_bbox,pen_x_book_cov30_1,0,pen_x_book,0.3,cov30,0.304428,0.8204370737075806,9.74972859765647,0.2319147631745004,ok,located,false
qwen2511_bbox,pen_x_book_cov30_1,1,pen_x_book,0.3,cov30,0.304428,0.6893860697746277,10.609542674850356,0.36541751420100654,ok,located,false
qwen2511_bbox,pen_x_book_cov30_1,2,pen_x_book,0.3,cov30,0.304428,0.8351348638534546,9.80867203227938,0.24376681578398948,ok,located,false
qwen2511_bbox,pen_x_book_cov30_1,3,pen_x_book,0.3,cov30,0.304428,0.8278994560241699,9.66218984231562,0.2338703821698149,ok,located,true
qwen2511_bbox,pen_x_book_cov30_1,4,pen_x_book,0.3,cov30,0.304428,0.8338322639465332,9.817303338045857,0.24016575215548908,ok,located,false
qwen2511_bbox,pen_x_book_cov30_2,0,pen_x_book,0.3,cov30,0.306125,0.7803319692611694,10.267361054072587,0.3480488613051122,roi_failure,target_bbox_fallback,false
qwen2511_bbox,pen_x_book_cov30_2,1,pen_x_book,0.3,cov30,0.306125,0.6129949688911438,11.261334131927878,0.47273649442717947,ok,located,false
qwen2511_bbox,pen_x_book_cov30_2,2,pen_x_book,0.3,cov30,0.306125,0.7793111801147461,10.28640533552267,0.35007215997494107,roi_failure,target_bbox_fallback,true
qwen2511_bbox,pen_x_book_cov30_2,3,pen_x_book,0.3,cov30,0.306125,0.6171494126319885,11.31156341802075,0.47226903235561934,ok,located,false
qwen2511_bbox,pen_x_book_cov30_2,4,pen_x_book,0.3,cov30,0.306125,0.7793881297111511,10.287807655621531,0.34983068993277255,roi_failure,target_bbox_fallback,false
qwen2511_bbox,sword_x_shield_cov30_0,0,sword_x_shield,0.3,cov30,0.286166,0.774063766002655,9.330769025726687,0.42111752298952565,roi_failure,target_bbox_fallback,false
qwen2511_bbox,sword_x_shield_cov30_0,1,sword_x_shield,0.3,cov30,0.286166,0.5638903379440308,10.395076168161829,0.2816358864038658,ok,located,true
qwen2511_bbox,sword_x_shield_cov30_0,2,sword_x_shield,0.3,cov30,0.286166,0.5477139353752136,10.068091256553773,0.48679749273970824,ok,located,false
qwen2511_bbox,sword_x_shield_cov30_0,3,sword_x_shield,0.3,cov30,0.286166,0.8718076348304749,10.835122950795979,0.1106994158558765,ok,located,false
qwen2511_bbox,sword_x_shield_cov30_0,4,sword_x_shield,0.3,cov30,0.286166,0.025278884917497635,26.67370962481077,0.9129080353359761,ok,located,false
qwen2511_bbox,sword_x_shield_cov30_1,0,sword_x_shield,0.3,cov30,0.280355,0.7161315679550171,7.516248910988077,0.392206462609411,roi_failure,target_bbox_fallback,false
qwen2511_bbox,sword_x_shield_cov30_1,1,sword_x_shield,0.3,cov30,0.280355,0.5676430463790894,10.080513757843672,0.2960658615797811,ok,located,true
qwen2511_bbox,sword_x_shield_cov30_1,2,sword_x_shield,0.3,cov30,0.280355,0.5665609836578369,9.383931574527107,0.4743812248178156,ok,located,false
qwen2511_bbox,sword_x_shield_cov30_1,3,sword_x_shield,0.3,cov30,0.280355,0.8809769153594971,9.235436111005287,0.10483440023296402,ok,located,false
qwen2511_bbox,sword_x_shield_cov30_1,4,sword_x_shield,0.3,cov30,0.280355,0.5669749975204468,9.374471104320282,0.4689830524966388,ok,located,false
qwen2511_bbox,sword_x_shield_cov30_2,0,sword_x_shield,0.3,cov30,0.284125,0.7714104056358337,8.651037933045934,0.4200923014383284,roi_failure,target_bbox_fallback,false
qwen2511_bbox,sword_x_shield_cov30_2,1,sword_x_shield,0.3,cov30,0.284125,0.5644170045852661,10.244007569393773,0.32124250463334647,ok,located,false
qwen2511_bbox,sword_x_shield_cov30_2,2,sword_x_shield,0.3,cov30,0.284125,0.5586888790130615,9.817508068837675,0.5000414544328107,ok,located,false
qwen2511_bbox,sword_x_shield_cov30_2,3,sword_x_shield,0.3,cov30,0.284125,0.5311933159828186,11.497094656709281,0.5515705146451122,roi_failure,target_bbox_fallback,false
qwen2511_bbox,sword_x_shield_cov30_2,4,sword_x_shield,0.3,cov30,0.284125,0.5638118982315063,9.759428913605664,0.49311368684101115,ok,located,true
qwen2511_bbox,hammer_x_anvil_cov30_0,0,hammer_x_anvil,0.3,cov30,0.310627,0.029843786731362343,27.91640199139703,0.969096082197273,ok,located,true
qwen2511_bbox,hammer_x_anvil_cov30_0,1,hammer_x_anvil,0.3,cov30,0.310627,0.13469696044921875,17.16467671665759,0.7982900567396607,ok,located,false
qwen2511_bbox,hammer_x_anvil_cov30_0,2,hammer_x_anvil,0.3,cov30,0.310627,0.02226058952510357,30.727284752130327,0.9747200349673122,ok,located,false
qwen2511_bbox,hammer_x_anvil_cov30_0,3,hammer_x_anvil,0.3,cov30,0.310627,0.03001037985086441,27.878022749032528,0.9645875005186006,ok,located,false
qwen2511_bbox,hammer_x_anvil_cov30_0,4,hammer_x_anvil,0.3,cov30,0.310627,0.026453934609889984,30.681132007107365,0.9668264998137311,ok,located,false
qwen2511_bbox,hammer_x_anvil_cov30_1,0,hammer_x_anvil,0.3,cov30,0.280833,0.6663959622383118,10.602054588660126,0.3404912551990426,ok,located,false
qwen2511_bbox,hammer_x_anvil_cov30_1,1,hammer_x_anvil,0.3,cov30,0.280833,0.5678886771202087,10.03004440209802,0.5318315675251445,ok,located,true
qwen2511_bbox,hammer_x_anvil_cov30_1,2,hammer_x_anvil,0.3,cov30,0.280833,0.041834861040115356,26.28795102144085,0.9358421546072719,ok,located,false
qwen2511_bbox,hammer_x_anvil_cov30_1,3,hammer_x_anvil,0.3,cov30,0.280833,0.5689657926559448,9.996299444527642,0.535526233341546,ok,located,false
qwen2511_bbox,hammer_x_anvil_cov30_1,4,hammer_x_anvil,0.3,cov30,0.280833,0.03706894442439079,27.26689044943995,0.9419955648309631,ok,located,false
qwen2511_bbox,hammer_x_anvil_cov30_2,0,hammer_x_anvil,0.3,cov30,0.306076,0.6258127689361572,13.503445644954832,0.7155083178861193,roi_failure,target_bbox_fallback,false
qwen2511_bbox,hammer_x_anvil_cov30_2,1,hammer_x_anvil,0.3,cov30,0.306076,0.5526120066642761,10.603558842268521,0.5288863487103652,ok,located,false
qwen2511_bbox,hammer_x_anvil_cov30_2,2,hammer_x_anvil,0.3,cov30,0.306076,0.5548580884933472,10.588016005456293,0.5351722350346308,ok,located,false
qwen2511_bbox,hammer_x_anvil_cov30_2,3,hammer_x_anvil,0.3,cov30,0.306076,0.5554080009460449,10.570128372650782,0.5247854705672093,ok,located,true
qwen2511_bbox,hammer_x_anvil_cov30_2,4,hammer_x_anvil,0.3,cov30,0.306076,0.625914454460144,13.508071370242142,0.7119996886075657,roi_failure,target_bbox_fallback,false
flux2_class_word_prompt_oracle,emblem_x_banner_cov50_0,0,emblem_x_banner,0.5,cov50,0.497214,0.22113841772079468,14.568094295989598,0.8127719587054205,ok,located,false
flux2_class_word_prompt_oracle,emblem_x_banner_cov50_0,1,emblem_x_banner,0.5,cov50,0.497214,0.21771341562271118,14.73589491086165,0.8198670536194657,ok,located,false
flux2_class_word_prompt_oracle,emblem_x_banner_cov50_0,2,emblem_x_banner,0.5,cov50,0.497214,0.2245248258113861,14.709546716011943,0.8055545647569838,ok,located,false
flux2_class_word_prompt_oracle,emblem_x_banner_cov50_0,3,emblem_x_banner,0.5,cov50,0.497214,0.21949905157089233,14.776751595072623,0.817046672552396,ok,located,true
flux2_class_word_prompt_oracle,emblem_x_banner_cov50_0,4,emblem_x_banner,0.5,cov50,0.497214,0.20733067393302917,15.421336782087682,0.8613848835745727,ok,located,false
flux2_class_word_prompt_oracle,emblem_x_banner_cov50_1,0,emblem_x_banner,0.5,cov50,0.486007,0.18757739663124084,14.573331554444485,0.8400025267076233,ok,located,false
flux2_class_word_prompt_oracle,emblem_x_banner_cov50_1,1,emblem_x_banner,0.5,cov50,0.486007,0.18691542744636536,14.808108567968217,0.8398421388503446,ok,located,false
flux2_class_word_prompt_oracle,emblem_x_banner_cov50_1,2,emblem_x_banner,0.5,cov50,0.486007,0.11182994395494461,23.57224659963901,0.9234800162101933,ok,located,false
flux2_class_word_prompt_oracle,emblem_x_banner_cov50_1,3,emblem_x_banner,0.5,cov50,0.486007,0.1864088773727417,14.79808388258589,0.8408539548161545,ok,located,true
flux2_class_word_prompt_oracle,emblem_x_banner_cov50_1,4,emblem_x_banner,0.5,cov50,0.486007,0.17391404509544373,15.778123960730117,0.8834876169800457,ok,located,false
flux2_class_word_prompt_oracle,emblem_x_banner_cov50_2,0,emblem_x_banner,0.5,cov50,0.505033,0.22494906187057495,13.878935009290851,0.8269349433385416,ok,located,false
flux2_class_word_prompt_oracle,emblem_x_banner_cov50_2,1,emblem_x_banner,0.5,cov50,0.505033,0.2904227375984192,12.855447668929418,0.7636003869781477,ok,located,false
flux2_class_word_prompt_oracle,emblem_x_banner_cov50_2,2,emblem_x_banner,0.5,cov50,0.505033,0.20262369513511658,17.026669817110573,0.8137796117580821,ok,located,true
flux2_class_word_prompt_oracle,emblem_x_banner_cov50_2,3,emblem_x_banner,0.5,cov50,0.505033,0.15329448878765106,20.119454704577777,0.9134683791718157,ok,located,false
flux2_class_word_prompt_oracle,emblem_x_banner_cov50_2,4,emblem_x_banner,0.5,cov50,0.505033,0.15359243750572205,19.606920508529292,0.9178290881889297,ok,located,false
flux2_class_word_prompt_oracle,food_x_plate_cov70_0,0,food_x_plate,0.7,cov70,0.713963,0.027828924357891083,30.32873487587297,0.9692991835056662,ok,located,false
flux2_class_word_prompt_oracle,food_x_plate_cov70_0,1,food_x_plate,0.7,cov70,0.713963,0.029182223603129387,29.268282376240983,0.9666907351344459,ok,located,false
flux2_class_word_prompt_oracle,food_x_plate_cov70_0,2,food_x_plate,0.7,cov70,0.713963,0.5599716305732727,6.428586966719722,0.4145456187096282,ok,located,false
flux2_class_word_prompt_oracle,food_x_plate_cov70_0,3,food_x_plate,0.7,cov70,0.713963,0.033517930656671524,28.456481883209168,0.9610402140903672,ok,located,true
flux2_class_word_prompt_oracle,food_x_plate_cov70_0,4,food_x_plate,0.7,cov70,0.713963,0.5609162449836731,6.419929843002547,0.41556477891341115,ok,located,false
flux2_class_word_prompt_oracle,food_x_plate_cov70_1,0,food_x_plate,0.7,cov70,0.695275,0.47840332984924316,8.588991490639252,0.5927686298394225,ok,located,false
flux2_class_word_prompt_oracle,food_x_plate_cov70_1,1,food_x_plate,0.7,cov70,0.695275,0.016733473166823387,30.59289882950531,0.9745742106456811,ok,located,false
flux2_class_word_prompt_oracle,food_x_plate_cov70_1,2,food_x_plate,0.7,cov70,0.695275,0.4273134171962738,9.26278417216182,0.6486276311177707,ok,located,false
flux2_class_word_prompt_oracle,food_x_plate_cov70_1,3,food_x_plate,0.7,cov70,0.695275,0.03205220773816109,26.9079098542839,0.9473909657382106,ok,located,false
flux2_class_word_prompt_oracle,food_x_plate_cov70_1,4,food_x_plate,0.7,cov70,0.695275,0.416307657957077,9.686603200543104,0.6619648410588643,ok,located,true
flux2_class_word_prompt_oracle,food_x_plate_cov70_2,0,food_x_plate,0.7,cov70,0.695829,0.011216262355446815,31.41780473465218,0.9804025745139636,ok,located,true
flux2_class_word_prompt_oracle,food_x_plate_cov70_2,1,food_x_plate,0.7,cov70,0.695829,0.010944770649075508,29.751322013065366,0.9770910104512783,ok,located,false
flux2_class_word_prompt_oracle,food_x_plate_cov70_2,2,food_x_plate,0.7,cov70,0.695829,0.5349165797233582,7.21762483149722,0.4670705058426858,ok,located,false
flux2_class_word_prompt_oracle,food_x_plate_cov70_2,3,food_x_plate,0.7,cov70,0.695829,0.010273660533130169,30.876298436886906,0.979460910683159,ok,located,false
flux2_class_word_prompt_oracle,food_x_plate_cov70_2,4,food_x_plate,0.7,cov70,0.695829,0.3788246512413025,10.189114425590272,0.7044191676730837,ok,located,false
flux2_class_word_prompt_oracle,coin_x_chest_cov70_0,0,coin_x_chest,0.7,cov70,0.7127,0.11015856266021729,21.09349045634938,0.8379329111499197,ok,located,false
flux2_class_word_prompt_oracle,coin_x_chest_cov70_0,1,coin_x_chest,0.7,cov70,0.7127,0.10818719118833542,21.168519670546328,0.8345430736333825,ok,located,true
flux2_class_word_prompt_oracle,coin_x_chest_cov70_0,2,coin_x_chest,0.7,cov70,0.7127,0.11827637255191803,20.882676100278474,0.8131472243239526,ok,located,false
flux2_class_word_prompt_oracle,coin_x_chest_cov70_0,3,coin_x_chest,0.7,cov70,0.7127,0.08344490826129913,21.537555624119452,0.8379938475507459,ok,located,false
flux2_class_word_prompt_oracle,coin_x_chest_cov70_0,4,coin_x_chest,0.7,cov70,0.7127,0.10672759264707565,20.83478183153481,0.8159484094131843,ok,located,false
flux2_class_word_prompt_oracle,coin_x_chest_cov70_1,0,coin_x_chest,0.7,cov70,0.709374,0.17500826716423035,18.55279261619625,0.7493670831054183,ok,located,false
flux2_class_word_prompt_oracle,coin_x_chest_cov70_1,1,coin_x_chest,0.7,cov70,0.709374,0.1697935163974762,19.192660642934612,0.7916699955539617,ok,located,false
flux2_class_word_prompt_oracle,coin_x_chest_cov70_1,2,coin_x_chest,0.7,cov70,0.709374,0.11468534171581268,19.88829195373117,0.8079651844873362,ok,located,false
flux2_class_word_prompt_oracle,coin_x_chest_cov70_1,3,coin_x_chest,0.7,cov70,0.709374,0.1278083324432373,19.35844844783986,0.7870753368974824,ok,located,true
flux2_class_word_prompt_oracle,coin_x_chest_cov70_1,4,coin_x_chest,0.7,cov70,0.709374,0.11400455981492996,19.850662255139873,0.8123887093644436,ok,located,false
flux2_class_word_prompt_oracle,coin_x_chest_cov70_2,0,coin_x_chest,0.7,cov70,0.707081,0.16269251704216003,17.453297604941824,0.6300735448320965,ok,located,false
flux2_class_word_prompt_oracle,coin_x_chest_cov70_2,1,coin_x_chest,0.7,cov70,0.707081,0.12983937561511993,18.040303319820154,0.6648494414330545,ok,located,false
flux2_class_word_prompt_oracle,coin_x_chest_cov70_2,2,coin_x_chest,0.7,cov70,0.707081,0.12914025783538818,19.17260278751355,0.7372103813810584,ok,located,false
flux2_class_word_prompt_oracle,coin_x_chest_cov70_2,3,coin_x_chest,0.7,cov70,0.707081,0.14115512371063232,17.97098261702038,0.6740799412089591,ok,located,true
flux2_class_word_prompt_oracle,coin_x_chest_cov70_2,4,coin_x_chest,0.7,cov70,0.707081,0.16600897908210754,17.594333792057576,0.6523900732434557,ok,located,false
flux2_class_word_prompt_oracle,key_x_lock_cov50_0,0,key_x_lock,0.5,cov50,0.485743,0.10798975080251694,20.373841931279376,0.9478471860028512,ok,located,false
flux2_class_word_prompt_oracle,key_x_lock_cov50_0,1,key_x_lock,0.5,cov50,0.485743,0.10875406116247177,20.256747240342502,0.9461883946024369,ok,located,true
flux2_class_word_prompt_oracle,key_x_lock_cov50_0,2,key_x_lock,0.5,cov50,0.485743,0.07017611712217331,20.517297821596934,0.9259432422314914,ok,located,false
flux2_class_word_prompt_oracle,key_x_lock_cov50_0,3,key_x_lock,0.5,cov50,0.485743,0.1245281919836998,20.100900781858435,0.9200343092212927,ok,located,false
flux2_class_word_prompt_oracle,key_x_lock_cov50_0,4,key_x_lock,0.5,cov50,0.485743,0.11134309321641922,20.47068847958949,0.940236296888528,ok,located,false
flux2_class_word_prompt_oracle,key_x_lock_cov50_1,0,key_x_lock,0.5,cov50,0.498359,0.10650333017110825,21.681542659775953,0.9068767957355561,ok,located,false
flux2_class_word_prompt_oracle,key_x_lock_cov50_1,1,key_x_lock,0.5,cov50,0.498359,0.10689608007669449,22.285926811307046,0.9133786204590852,ok,located,false
flux2_class_word_prompt_oracle,key_x_lock_cov50_1,2,key_x_lock,0.5,cov50,0.498359,0.05102420598268509,22.70767633611139,0.895228742749398,ok,located,false
flux2_class_word_prompt_oracle,key_x_lock_cov50_1,3,key_x_lock,0.5,cov50,0.498359,0.04870827496051788,23.160981869112057,0.9073230414593089,ok,located,false
flux2_class_word_prompt_oracle,key_x_lock_cov50_1,4,key_x_lock,0.5,cov50,0.498359,0.05410018190741539,22.952066071508284,0.9261107524090391,ok,located,true
flux2_class_word_prompt_oracle,key_x_lock_cov50_2,0,key_x_lock,0.5,cov50,0.511836,0.06626224517822266,22.30986652168413,0.8894016123967389,ok,located,false
flux2_class_word_prompt_oracle,key_x_lock_cov50_2,1,key_x_lock,0.5,cov50,0.511836,0.04322624206542969,23.25542093117139,0.9480887692162702,ok,located,false
flux2_class_word_prompt_oracle,key_x_lock_cov50_2,2,key_x_lock,0.5,cov50,0.511836,0.04815271124243736,22.23081881776658,0.9336378582124164,ok,located,true
flux2_class_word_prompt_oracle,key_x_lock_cov50_2,3,key_x_lock,0.5,cov50,0.511836,0.05466805398464203,22.105477488314836,0.9378777218132847,ok,located,false
flux2_class_word_prompt_oracle,key_x_lock_cov50_2,4,key_x_lock,0.5,cov50,0.511836,0.030612995848059654,26.136742660273846,0.9531033280141537,ok,located,false
flux2_class_word_prompt_oracle,potion_x_crate_cov50_0,0,potion_x_crate,0.5,cov50,0.518319,0.039859164506196976,26.423952436844683,0.9039110371200195,ok,located,false
flux2_class_word_prompt_oracle,potion_x_crate_cov50_0,1,potion_x_crate,0.5,cov50,0.518319,0.047706663608551025,25.204777600931724,0.8785998756141192,ok,located,false
flux2_class_word_prompt_oracle,potion_x_crate_cov50_0,2,potion_x_crate,0.5,cov50,0.518319,0.03888997435569763,26.67217257403424,0.8992915460679497,ok,located,true
flux2_class_word_prompt_oracle,potion_x_crate_cov50_0,3,potion_x_crate,0.5,cov50,0.518319,0.03774562105536461,26.615023032394348,0.9023556003468997,ok,located,false
flux2_class_word_prompt_oracle,potion_x_crate_cov50_0,4,potion_x_crate,0.5,cov50,0.518319,0.03787349909543991,26.673185475797855,0.9023580109127677,ok,located,false
flux2_class_word_prompt_oracle,potion_x_crate_cov50_1,0,potion_x_crate,0.5,cov50,0.505658,0.022761428728699684,30.82615433886494,0.9418876091483347,ok,located,false
flux2_class_word_prompt_oracle,potion_x_crate_cov50_1,1,potion_x_crate,0.5,cov50,0.505658,0.014969401061534882,32.8300091319438,0.9416490260735015,ok,located,true
flux2_class_word_prompt_oracle,potion_x_crate_cov50_1,2,potion_x_crate,0.5,cov50,0.505658,0.015970351174473763,31.584714942149784,0.9266229401207546,ok,located,false
flux2_class_word_prompt_oracle,potion_x_crate_cov50_1,3,potion_x_crate,0.5,cov50,0.505658,0.014536777511239052,33.84752113735051,0.9455801798844904,ok,located,false
flux2_class_word_prompt_oracle,potion_x_crate_cov50_1,4,potion_x_crate,0.5,cov50,0.505658,0.01317614410072565,32.838640806044964,0.9555401351918338,ok,located,false
flux2_class_word_prompt_oracle,potion_x_crate_cov50_2,0,potion_x_crate,0.5,cov50,0.514935,0.06587865948677063,27.436588015001977,0.9200244459012535,ok,located,false
flux2_class_word_prompt_oracle,potion_x_crate_cov50_2,1,potion_x_crate,0.5,cov50,0.514935,0.042204439640045166,25.86234605795966,0.89981862071664,ok,located,true
flux2_class_word_prompt_oracle,potion_x_crate_cov50_2,2,potion_x_crate,0.5,cov50,0.514935,0.03414230793714523,27.454247974653583,0.8988103751878622,ok,located,false
flux2_class_word_prompt_oracle,potion_x_crate_cov50_2,3,potion_x_crate,0.5,cov50,0.514935,0.04246992990374565,25.801643220971336,0.8949967905791562,ok,located,false
flux2_class_word_prompt_oracle,potion_x_crate_cov50_2,4,potion_x_crate,0.5,cov50,0.514935,0.03149149566888809,27.822535546108117,0.9287642273346767,ok,located,false
flux2_class_word_prompt_oracle,gem_x_ring_cov30_0,0,gem_x_ring,0.3,cov30,0.299812,0.018128663301467896,25.631002091184364,0.9554924896592439,ok,located,false
flux2_class_word_prompt_oracle,gem_x_ring_cov30_0,1,gem_x_ring,0.3,cov30,0.299812,0.013274637050926685,25.70000369668682,0.8929615215624077,ok,located,true
flux2_class_word_prompt_oracle,gem_x_ring_cov30_0,2,gem_x_ring,0.3,cov30,0.299812,0.013126338832080364,27.107091554722132,0.9066551265227435,ok,located,false
flux2_class_word_prompt_oracle,gem_x_ring_cov30_0,3,gem_x_ring,0.3,cov30,0.299812,0.014219905249774456,24.70244634810154,0.9248719558258949,ok,located,false
flux2_class_word_prompt_oracle,gem_x_ring_cov30_0,4,gem_x_ring,0.3,cov30,0.299812,0.012707121670246124,26.10754615334383,0.9542399477269653,ok,located,false
flux2_class_word_prompt_oracle,gem_x_ring_cov30_1,0,gem_x_ring,0.3,cov30,0.287595,0.013213256374001503,23.587594198324233,0.9165002701059324,ok,located,false
flux2_class_word_prompt_oracle,gem_x_ring_cov30_1,1,gem_x_ring,0.3,cov30,0.287595,0.015443457290530205,23.081769421655515,0.903070209208472,ok,located,false
flux2_class_word_prompt_oracle,gem_x_ring_cov30_1,2,gem_x_ring,0.3,cov30,0.287595,0.01421702653169632,24.18822004961124,0.9117983862474138,ok,located,false
flux2_class_word_prompt_oracle,gem_x_ring_cov30_1,3,gem_x_ring,0.3,cov30,0.287595,0.014072020538151264,23.892194380736957,0.9213688681994189,ok,located,true
flux2_class_word_prompt_oracle,gem_x_ring_cov30_1,4,gem_x_ring,0.3,cov30,0.287595,0.009792540222406387,25.14583191044128,0.9299949425863964,ok,located,false
flux2_class_word_prompt_oracle,gem_x_ring_cov30_2,0,gem_x_ring,0.3,cov30,0.290504,0.01895824447274208,24.62697746496231,0.8970594543586241,ok,located,false
flux2_class_word_prompt_oracle,gem_x_ring_cov30_2,1,gem_x_ring,0.3,cov30,0.290504,0.015078571625053883,24.74400244747774,0.9168531778167014,ok,located,false
flux2_class_word_prompt_oracle,gem_x_ring_cov30_2,2,gem_x_ring,0.3,cov30,0.290504,0.01435956172645092,25.269669621848898,0.9207263168256031,ok,located,false
flux2_class_word_prompt_oracle,gem_x_ring_cov30_2,3,gem_x_ring,0.3,cov30,0.290504,0.0233103409409523,24.067549594349845,0.9271172564097828,ok,located,false
flux2_class_word_prompt_oracle,gem_x_ring_cov30_2,4,gem_x_ring,0.3,cov30,0.290504,0.0159536711871624,24.291843853340943,0.9210792154798585,ok,located,true
flux2_class_word_prompt_oracle,pen_x_book_cov30_0,0,pen_x_book,0.3,cov30,0.310811,0.03755992278456688,25.990390707267327,0.9353307924378056,ok,located,false
flux2_class_word_prompt_oracle,pen_x_book_cov30_0,1,pen_x_book,0.3,cov30,0.310811,0.029977405443787575,26.43893831606872,0.9470855378914882,ok,located,false
flux2_class_word_prompt_oracle,pen_x_book_cov30_0,2,pen_x_book,0.3,cov30,0.310811,0.034010790288448334,28.739372218107082,0.9467800824556996,ok,located,false
flux2_class_word_prompt_oracle,pen_x_book_cov30_0,3,pen_x_book,0.3,cov30,0.310811,0.027720248326659203,27.77189942586076,0.9628229553382655,ok,located,false
flux2_class_word_prompt_oracle,pen_x_book_cov30_0,4,pen_x_book,0.3,cov30,0.310811,0.033963192254304886,29.291184411486874,0.9528200980210938,ok,located,true
flux2_class_word_prompt_oracle,pen_x_book_cov30_1,0,pen_x_book,0.3,cov30,0.304428,0.023525742813944817,28.40537611281871,0.9417888819766773,ok,located,false
flux2_class_word_prompt_oracle,pen_x_book_cov30_1,1,pen_x_book,0.3,cov30,0.304428,0.029577074572443962,26.43387415782199,0.9362847729930257,ok,located,false
flux2_class_word_prompt_oracle,pen_x_book_cov30_1,2,pen_x_book,0.3,cov30,0.304428,0.01948479190468788,29.092414176289772,0.9481795707992772,ok,located,false
flux2_class_word_prompt_oracle,pen_x_book_cov30_1,3,pen_x_book,0.3,cov30,0.304428,0.020243080332875252,29.64599198561977,0.9533951179631611,ok,located,true
flux2_class_word_prompt_oracle,pen_x_book_cov30_1,4,pen_x_book,0.3,cov30,0.304428,0.0187322199344635,30.779608780050893,0.9547544004754261,ok,located,false
flux2_class_word_prompt_oracle,pen_x_book_cov30_2,0,pen_x_book,0.3,cov30,0.306125,0.024273600429296494,31.395486880299075,0.9718624285594882,ok,located,false
flux2_class_word_prompt_oracle,pen_x_book_cov30_2,1,pen_x_book,0.3,cov30,0.306125,0.03160404413938522,29.747475715414822,0.9402017092781337,ok,located,false
flux2_class_word_prompt_oracle,pen_x_book_cov30_2,2,pen_x_book,0.3,cov30,0.306125,0.0188928060233593,33.50279381091816,0.9724481511649525,ok,located,true
flux2_class_word_prompt_oracle,pen_x_book_cov30_2,3,pen_x_book,0.3,cov30,0.306125,0.018487654626369476,31.314329612993816,0.971822065390938,ok,located,false
flux2_class_word_prompt_oracle,pen_x_book_cov30_2,4,pen_x_book,0.3,cov30,0.306125,0.01648589037358761,37.66464156566377,0.9800049383372816,ok,located,false
flux2_class_word_prompt_oracle,sword_x_shield_cov30_0,0,sword_x_shield,0.3,cov30,0.286166,0.03552522510290146,24.385513514017596,0.9025193166060603,ok,located,true
flux2_class_word_prompt_oracle,sword_x_shield_cov30_0,1,sword_x_shield,0.3,cov30,0.286166,0.06401620805263519,26.735972546418537,0.9492228445043597,ok,located,false
flux2_class_word_prompt_oracle,sword_x_shield_cov30_0,2,sword_x_shield,0.3,cov30,0.286166,0.03270186483860016,26.186146041795816,0.9426064675710507,ok,located,false
flux2_class_word_prompt_oracle,sword_x_shield_cov30_0,3,sword_x_shield,0.3,cov30,0.286166,0.07074084877967834,24.363490377623044,0.896691156989478,ok,located,false
flux2_class_word_prompt_oracle,sword_x_shield_cov30_0,4,sword_x_shield,0.3,cov30,0.286166,0.023245615884661674,28.370143381074033,0.9581268045894312,ok,located,false
flux2_class_word_prompt_oracle,sword_x_shield_cov30_1,0,sword_x_shield,0.3,cov30,0.280355,0.016101740300655365,25.68403977543754,0.9243088338773767,ok,located,false
flux2_class_word_prompt_oracle,sword_x_shield_cov30_1,1,sword_x_shield,0.3,cov30,0.280355,0.02177814207971096,23.851920732636568,0.8957143003719773,ok,located,false
flux2_class_word_prompt_oracle,sword_x_shield_cov30_1,2,sword_x_shield,0.3,cov30,0.280355,0.016858471557497978,25.613321159342604,0.9286145078419675,ok,located,false
flux2_class_word_prompt_oracle,sword_x_shield_cov30_1,3,sword_x_shield,0.3,cov30,0.280355,0.019384300336241722,25.443527736298172,0.9224795589078116,ok,located,true
flux2_class_word_prompt_oracle,sword_x_shield_cov30_1,4,sword_x_shield,0.3,cov30,0.280355,0.022208843380212784,23.508108811197882,0.8903230638007447,ok,located,false
flux2_class_word_prompt_oracle,sword_x_shield_cov30_2,0,sword_x_shield,0.3,cov30,0.284125,0.042801812291145325,20.662951017354317,0.8361801459287386,ok,located,false
flux2_class_word_prompt_oracle,sword_x_shield_cov30_2,1,sword_x_shield,0.3,cov30,0.284125,0.08030768483877182,19.718743144262277,0.8112584149587017,ok,located,false
flux2_class_word_prompt_oracle,sword_x_shield_cov30_2,2,sword_x_shield,0.3,cov30,0.284125,0.024871669709682465,26.048592403283152,0.9496543915200354,ok,located,false
flux2_class_word_prompt_oracle,sword_x_shield_cov30_2,3,sword_x_shield,0.3,cov30,0.284125,0.023000434041023254,24.28742503461062,0.9342828600485117,ok,located,false
flux2_class_word_prompt_oracle,sword_x_shield_cov30_2,4,sword_x_shield,0.3,cov30,0.284125,0.02501600980758667,26.375849511544736,0.9455360384192794,ok,located,true
flux2_class_word_prompt_oracle,hammer_x_anvil_cov30_0,0,hammer_x_anvil,0.3,cov30,0.310627,0.016901109367609024,28.794244336807186,0.9824427359964817,ok,located,false
flux2_class_word_prompt_oracle,hammer_x_anvil_cov30_0,1,hammer_x_anvil,0.3,cov30,0.310627,0.023005694150924683,26.645079764423414,0.9788681883201075,ok,located,false
flux2_class_word_prompt_oracle,hammer_x_anvil_cov30_0,2,hammer_x_anvil,0.3,cov30,0.310627,0.017289243638515472,28.09716248120326,0.979140284745781,ok,located,true
flux2_class_word_prompt_oracle,hammer_x_anvil_cov30_0,3,hammer_x_anvil,0.3,cov30,0.310627,0.020315900444984436,27.72925740035229,0.979471913116154,ok,located,false
flux2_class_word_prompt_oracle,hammer_x_anvil_cov30_0,4,hammer_x_anvil,0.3,cov30,0.310627,0.014296093955636024,30.20162942293767,0.9824967639079413,ok,located,false
flux2_class_word_prompt_oracle,hammer_x_anvil_cov30_1,0,hammer_x_anvil,0.3,cov30,0.280833,0.010884791612625122,31.43537707222972,0.9900967119947627,ok,located,false
flux2_class_word_prompt_oracle,hammer_x_anvil_cov30_1,1,hammer_x_anvil,0.3,cov30,0.280833,0.03896380215883255,26.33658124418854,0.9525197026330777,ok,located,true
flux2_class_word_prompt_oracle,hammer_x_anvil_cov30_1,2,hammer_x_anvil,0.3,cov30,0.280833,0.04104968160390854,26.061120249741894,0.9496960583795557,ok,located,false
flux2_class_word_prompt_oracle,hammer_x_anvil_cov30_1,3,hammer_x_anvil,0.3,cov30,0.280833,0.04125640541315079,25.202843488592425,0.9443222123820824,ok,located,false
flux2_class_word_prompt_oracle,hammer_x_anvil_cov30_1,4,hammer_x_anvil,0.3,cov30,0.280833,0.015684088692069054,32.334131558936214,0.9846474452510128,ok,located,false
flux2_class_word_prompt_oracle,hammer_x_anvil_cov30_2,0,hammer_x_anvil,0.3,cov30,0.306076,0.020337523892521858,32.33471654180845,0.9835197426672712,ok,located,false
flux2_class_word_prompt_oracle,hammer_x_anvil_cov30_2,1,hammer_x_anvil,0.3,cov30,0.306076,0.018861139193177223,32.102289114947155,0.9797525114797595,ok,located,true
flux2_class_word_prompt_oracle,hammer_x_anvil_cov30_2,2,hammer_x_anvil,0.3,cov30,0.306076,0.01556358952075243,32.30617468462881,0.981916323221509,ok,located,false
flux2_class_word_prompt_oracle,hammer_x_anvil_cov30_2,3,hammer_x_anvil,0.3,cov30,0.306076,0.020377064123749733,32.1739054709441,0.9834854591164369,ok,located,false
flux2_class_word_prompt_oracle,hammer_x_anvil_cov30_2,4,hammer_x_anvil,0.3,cov30,0.306076,0.012716182507574558,35.176123667575254,0.9891351769091128,ok,located,false
qwen2511_class_word_prompt_oracle,emblem_x_banner_cov50_0,0,emblem_x_banner,0.5,cov50,0.497214,0.017128044739365578,31.222744118014646,0.9688409998444051,ok,located,false
qwen2511_class_word_prompt_oracle,emblem_x_banner_cov50_0,1,emblem_x_banner,0.5,cov50,0.497214,0.013853189535439014,37.32497783354698,0.9830562386114021,ok,located,false
qwen2511_class_word_prompt_oracle,emblem_x_banner_cov50_0,2,emblem_x_banner,0.5,cov50,0.497214,0.06583205610513687,29.181089361570134,0.9458165209513109,ok,located,false
qwen2511_class_word_prompt_oracle,emblem_x_banner_cov50_0,3,emblem_x_banner,0.5,cov50,0.497214,0.024644961580634117,32.300650538432954,0.9699275532229347,ok,located,false
qwen2511_class_word_prompt_oracle,emblem_x_banner_cov50_0,4,emblem_x_banner,0.5,cov50,0.497214,0.020972758531570435,29.627891710751367,0.9615215206914457,ok,located,true
qwen2511_class_word_prompt_oracle,emblem_x_banner_cov50_1,0,emblem_x_banner,0.5,cov50,0.486007,0.014359104447066784,34.09054108273363,0.9793204647436614,ok,located,false
qwen2511_class_word_prompt_oracle,emblem_x_banner_cov50_1,1,emblem_x_banner,0.5,cov50,0.486007,0.013201629742980003,31.759140096486043,0.978031667220435,ok,located,false
qwen2511_class_word_prompt_oracle,emblem_x_banner_cov50_1,2,emblem_x_banner,0.5,cov50,0.486007,0.006781833712011576,34.44884188985049,0.9861828936668418,ok,located,false
qwen2511_class_word_prompt_oracle,emblem_x_banner_cov50_1,3,emblem_x_banner,0.5,cov50,0.486007,0.007317984942346811,35.86769325842949,0.9852496943413421,ok,located,false
qwen2511_class_word_prompt_oracle,emblem_x_banner_cov50_1,4,emblem_x_banner,0.5,cov50,0.486007,0.012494980357587337,35.06438311867854,0.9803709209268501,ok,located,true
qwen2511_class_word_prompt_oracle,emblem_x_banner_cov50_2,0,emblem_x_banner,0.5,cov50,0.505033,0.024489909410476685,30.434624626560385,0.974130842556668,ok,located,false
qwen2511_class_word_prompt_oracle,emblem_x_banner_cov50_2,1,emblem_x_banner,0.5,cov50,0.505033,0.0432194322347641,25.769997229409796,0.9383511553512199,ok,located,false
qwen2511_class_word_prompt_oracle,emblem_x_banner_cov50_2,2,emblem_x_banner,0.5,cov50,0.505033,0.0798323005437851,26.26233974816154,0.9442854091264533,ok,located,false
qwen2511_class_word_prompt_oracle,emblem_x_banner_cov50_2,3,emblem_x_banner,0.5,cov50,0.505033,0.02340986579656601,29.640739550929286,0.9675074066005859,ok,located,false
qwen2511_class_word_prompt_oracle,emblem_x_banner_cov50_2,4,emblem_x_banner,0.5,cov50,0.505033,0.024888668209314346,29.406871591333218,0.9668863027851199,ok,located,true
qwen2511_class_word_prompt_oracle,food_x_plate_cov70_0,0,food_x_plate,0.7,cov70,0.713963,0.03557717055082321,34.85945184358515,0.9687911846253732,ok,located,false
qwen2511_class_word_prompt_oracle,food_x_plate_cov70_0,1,food_x_plate,0.7,cov70,0.713963,0.054455842822790146,23.904829976761114,0.9283217048588585,ok,located,false
qwen2511_class_word_prompt_oracle,food_x_plate_cov70_0,2,food_x_plate,0.7,cov70,0.713963,0.043377891182899475,28.111633758517016,0.9580776095720581,ok,located,true
qwen2511_class_word_prompt_oracle,food_x_plate_cov70_0,3,food_x_plate,0.7,cov70,0.713963,0.045148782432079315,31.130036771268735,0.965893284933261,ok,located,false
qwen2511_class_word_prompt_oracle,food_x_plate_cov70_0,4,food_x_plate,0.7,cov70,0.713963,0.03626706451177597,32.5684726305069,0.969467899698362,ok,located,false
qwen2511_class_word_prompt_oracle,food_x_plate_cov70_1,0,food_x_plate,0.7,cov70,0.695275,0.020570946857333183,30.448739730177348,0.9639453264635298,ok,located,false
qwen2511_class_word_prompt_oracle,food_x_plate_cov70_1,1,food_x_plate,0.7,cov70,0.695275,0.05273083597421646,24.288185173717835,0.9158885738342595,ok,located,false
qwen2511_class_word_prompt_oracle,food_x_plate_cov70_1,2,food_x_plate,0.7,cov70,0.695275,0.03730963170528412,26.329115813576752,0.9328272922438855,ok,located,true
qwen2511_class_word_prompt_oracle,food_x_plate_cov70_1,3,food_x_plate,0.7,cov70,0.695275,0.04097411781549454,27.0489918375224,0.9507420083923992,ok,located,false
qwen2511_class_word_prompt_oracle,food_x_plate_cov70_1,4,food_x_plate,0.7,cov70,0.695275,0.0254053957760334,29.027233140808413,0.9571555394622498,ok,located,false
qwen2511_class_word_prompt_oracle,food_x_plate_cov70_2,0,food_x_plate,0.7,cov70,0.695829,0.013322142884135246,29.84850738230923,0.9687090577263803,ok,located,false
qwen2511_class_word_prompt_oracle,food_x_plate_cov70_2,1,food_x_plate,0.7,cov70,0.695829,0.03577161580324173,22.254055108850558,0.8991513486347639,ok,located,false
qwen2511_class_word_prompt_oracle,food_x_plate_cov70_2,2,food_x_plate,0.7,cov70,0.695829,0.02045091614127159,25.48149632689791,0.9415696298897888,ok,located,true
qwen2511_class_word_prompt_oracle,food_x_plate_cov70_2,3,food_x_plate,0.7,cov70,0.695829,0.02399073727428913,25.708279899180283,0.9483279447488494,ok,located,false
qwen2511_class_word_prompt_oracle,food_x_plate_cov70_2,4,food_x_plate,0.7,cov70,0.695829,0.013963336125016212,30.166071635329068,0.9693065893995613,ok,located,false
qwen2511_class_word_prompt_oracle,coin_x_chest_cov70_0,0,coin_x_chest,0.7,cov70,0.7127,0.1014009416103363,20.08581741830794,0.7933366270485566,ok,located,false
qwen2511_class_word_prompt_oracle,coin_x_chest_cov70_0,1,coin_x_chest,0.7,cov70,0.7127,0.6339244246482849,9.4282385771203,0.3455848973184515,ok,located,false
qwen2511_class_word_prompt_oracle,coin_x_chest_cov70_0,2,coin_x_chest,0.7,cov70,0.7127,0.14117614924907684,19.125096160551283,0.73194648941179,ok,located,false
qwen2511_class_word_prompt_oracle,coin_x_chest_cov70_0,3,coin_x_chest,0.7,cov70,0.7127,0.12697243690490723,19.46103266807646,0.7621958811409072,ok,located,true
qwen2511_class_word_prompt_oracle,coin_x_chest_cov70_0,4,coin_x_chest,0.7,cov70,0.7127,0.11750708520412445,19.37513424890693,0.7709961473261685,ok,located,false
qwen2511_class_word_prompt_oracle,coin_x_chest_cov70_1,0,coin_x_chest,0.7,cov70,0.709374,0.16413071751594543,18.510453125947905,0.7340630823152722,ok,located,true
qwen2511_class_word_prompt_oracle,coin_x_chest_cov70_1,1,coin_x_chest,0.7,cov70,0.709374,0.32677292823791504,12.725769089747692,0.5706148895341298,ok,located,false
qwen2511_class_word_prompt_oracle,coin_x_chest_cov70_1,2,coin_x_chest,0.7,cov70,0.709374,0.12161338329315186,19.364895201307736,0.775065906890704,ok,located,false
qwen2511_class_word_prompt_oracle,coin_x_chest_cov70_1,3,coin_x_chest,0.7,cov70,0.709374,0.1451513171195984,18.657781903188884,0.7485669894624883,ok,located,false
qwen2511_class_word_prompt_oracle,coin_x_chest_cov70_1,4,coin_x_chest,0.7,cov70,0.709374,0.21542340517044067,13.383728901392569,0.3470804902836493,ok,located,false
qwen2511_class_word_prompt_oracle,coin_x_chest_cov70_2,0,coin_x_chest,0.7,cov70,0.707081,0.14761540293693542,17.91180481756315,0.669820058599397,ok,located,false
qwen2511_class_word_prompt_oracle,coin_x_chest_cov70_2,1,coin_x_chest,0.7,cov70,0.707081,0.21708928048610687,14.891610514873719,0.6826067936816052,ok,located,false
qwen2511_class_word_prompt_oracle,coin_x_chest_cov70_2,2,coin_x_chest,0.7,cov70,0.707081,0.15129828453063965,19.65665289573977,0.798232163041492,ok,located,false
qwen2511_class_word_prompt_oracle,coin_x_chest_cov70_2,3,coin_x_chest,0.7,cov70,0.707081,0.16930626332759857,18.274726890467825,0.7087124968121398,ok,located,false
qwen2511_class_word_prompt_oracle,coin_x_chest_cov70_2,4,coin_x_chest,0.7,cov70,0.707081,0.16055290400981903,18.06933094725769,0.6849317407456971,ok,located,true
qwen2511_class_word_prompt_oracle,key_x_lock_cov50_0,0,key_x_lock,0.5,cov50,0.485743,0.1260608434677124,20.866191054313784,0.9186990998017056,ok,located,false
qwen2511_class_word_prompt_oracle,key_x_lock_cov50_0,1,key_x_lock,0.5,cov50,0.485743,0.10700463503599167,20.428497591807634,0.9439791605889646,ok,located,true
qwen2511_class_word_prompt_oracle,key_x_lock_cov50_0,2,key_x_lock,0.5,cov50,0.485743,0.10324372351169586,21.00607358688753,0.9423969491419998,ok,located,false
qwen2511_class_word_prompt_oracle,key_x_lock_cov50_0,3,key_x_lock,0.5,cov50,0.485743,0.10610998421907425,21.10167820794689,0.9469160674396604,ok,located,false
qwen2511_class_word_prompt_oracle,key_x_lock_cov50_0,4,key_x_lock,0.5,cov50,0.485743,0.10757996141910553,20.972446525983564,0.9507154685183917,ok,located,false
qwen2511_class_word_prompt_oracle,key_x_lock_cov50_1,0,key_x_lock,0.5,cov50,0.498359,0.0856093317270279,20.628788968326663,0.8588925442439596,ok,located,false
qwen2511_class_word_prompt_oracle,key_x_lock_cov50_1,1,key_x_lock,0.5,cov50,0.498359,0.10797874629497528,21.48247473849636,0.8685475735459415,ok,located,false
qwen2511_class_word_prompt_oracle,key_x_lock_cov50_1,2,key_x_lock,0.5,cov50,0.498359,0.09630024433135986,22.715422761727663,0.9189650310081164,ok,located,false
qwen2511_class_word_prompt_oracle,key_x_lock_cov50_1,3,key_x_lock,0.5,cov50,0.498359,0.11111385375261307,21.309832683567222,0.8665886771947037,ok,located,false
qwen2511_class_word_prompt_oracle,key_x_lock_cov50_1,4,key_x_lock,0.5,cov50,0.498359,0.10792291909456253,21.47856261995793,0.8707469896914241,ok,located,true
qwen2511_class_word_prompt_oracle,key_x_lock_cov50_2,0,key_x_lock,0.5,cov50,0.511836,0.12491778284311295,17.613225015242755,0.888167097006182,ok,located,false
qwen2511_class_word_prompt_oracle,key_x_lock_cov50_2,1,key_x_lock,0.5,cov50,0.511836,0.09974810481071472,22.004426417651644,0.9483807443006894,ok,located,true
qwen2511_class_word_prompt_oracle,key_x_lock_cov50_2,2,key_x_lock,0.5,cov50,0.511836,0.09931595623493195,22.30140524841414,0.9529169598044239,ok,located,false
qwen2511_class_word_prompt_oracle,key_x_lock_cov50_2,3,key_x_lock,0.5,cov50,0.511836,0.10568027198314667,22.57964180349143,0.9484476611795666,ok,located,false
qwen2511_class_word_prompt_oracle,key_x_lock_cov50_2,4,key_x_lock,0.5,cov50,0.511836,0.09648830443620682,22.33591443251497,0.9556470679019831,ok,located,false
qwen2511_class_word_prompt_oracle,potion_x_crate_cov50_0,0,potion_x_crate,0.5,cov50,0.518319,0.04156677797436714,26.11823491894726,0.8842050238282447,ok,located,false
qwen2511_class_word_prompt_oracle,potion_x_crate_cov50_0,1,potion_x_crate,0.5,cov50,0.518319,0.04131446033716202,26.264593357107366,0.8856546390582015,ok,located,true
qwen2511_class_word_prompt_oracle,potion_x_crate_cov50_0,2,potion_x_crate,0.5,cov50,0.518319,0.0601520873606205,26.376225415025125,0.8911829140185485,ok,located,false
qwen2511_class_word_prompt_oracle,potion_x_crate_cov50_0,3,potion_x_crate,0.5,cov50,0.518319,0.03706713765859604,26.55320851158072,0.8919121485863156,ok,located,false
qwen2511_class_word_prompt_oracle,potion_x_crate_cov50_0,4,potion_x_crate,0.5,cov50,0.518319,0.040714897215366364,26.182016339430515,0.8820096749148224,ok,located,false
qwen2511_class_word_prompt_oracle,potion_x_crate_cov50_1,0,potion_x_crate,0.5,cov50,0.505658,0.01864113286137581,30.59956301875822,0.9384737437132072,ok,located,false
qwen2511_class_word_prompt_oracle,potion_x_crate_cov50_1,1,potion_x_crate,0.5,cov50,0.505658,0.013323471881449223,34.68574736584009,0.9531209044328675,ok,located,true
qwen2511_class_word_prompt_oracle,potion_x_crate_cov50_1,2,potion_x_crate,0.5,cov50,0.505658,0.021047193557024002,31.978533022708667,0.9435636169775301,ok,located,false
qwen2511_class_word_prompt_oracle,potion_x_crate_cov50_1,3,potion_x_crate,0.5,cov50,0.505658,0.01320568285882473,32.3643997566128,0.9430670197049555,ok,located,false
qwen2511_class_word_prompt_oracle,potion_x_crate_cov50_1,4,potion_x_crate,0.5,cov50,0.505658,0.010906458832323551,32.93360011003017,0.9418373598993198,ok,located,false
qwen2511_class_word_prompt_oracle,potion_x_crate_cov50_2,0,potion_x_crate,0.5,cov50,0.514935,0.03194519132375717,27.28626455226319,0.9123519021468258,ok,located,true
qwen2511_class_word_prompt_oracle,potion_x_crate_cov50_2,1,potion_x_crate,0.5,cov50,0.514935,0.03625504672527313,27.412977108853042,0.9167293425865074,ok,located,false
qwen2511_class_word_prompt_oracle,potion_x_crate_cov50_2,2,potion_x_crate,0.5,cov50,0.514935,0.030093872919678688,27.83980307347443,0.9229968688689335,ok,located,false
qwen2511_class_word_prompt_oracle,potion_x_crate_cov50_2,3,potion_x_crate,0.5,cov50,0.514935,0.012270938605070114,35.023152883383695,0.9673517993301424,ok,located,false
qwen2511_class_word_prompt_oracle,potion_x_crate_cov50_2,4,potion_x_crate,0.5,cov50,0.514935,0.05015518516302109,27.73436492441219,0.9128570721524837,ok,located,false
qwen2511_class_word_prompt_oracle,gem_x_ring_cov30_0,0,gem_x_ring,0.3,cov30,0.299812,0.013980037532746792,27.597166869167417,0.9471219497114931,ok,located,true
qwen2511_class_word_prompt_oracle,gem_x_ring_cov30_0,1,gem_x_ring,0.3,cov30,0.299812,0.019742298871278763,25.47477610721843,0.9277905282763356,ok,located,false
qwen2511_class_word_prompt_oracle,gem_x_ring_cov30_0,2,gem_x_ring,0.3,cov30,0.299812,0.016380038112401962,26.06625291569607,0.9307832488595519,ok,located,false
qwen2511_class_word_prompt_oracle,gem_x_ring_cov30_0,3,gem_x_ring,0.3,cov30,0.299812,0.012243261560797691,28.49020103517574,0.9523053763615486,ok,located,false
qwen2511_class_word_prompt_oracle,gem_x_ring_cov30_0,4,gem_x_ring,0.3,cov30,0.299812,0.009494350291788578,28.520995630715056,0.9552941314657702,ok,located,false
qwen2511_class_word_prompt_oracle,gem_x_ring_cov30_1,0,gem_x_ring,0.3,cov30,0.287595,0.012296376749873161,24.20597342528974,0.9065151538530495,ok,located,false
qwen2511_class_word_prompt_oracle,gem_x_ring_cov30_1,1,gem_x_ring,0.3,cov30,0.287595,0.00981887150555849,26.310997097319664,0.9438848227261221,ok,located,true
qwen2511_class_word_prompt_oracle,gem_x_ring_cov30_1,2,gem_x_ring,0.3,cov30,0.287595,0.009487669914960861,27.704220742882768,0.9489690587066368,ok,located,false
qwen2511_class_word_prompt_oracle,gem_x_ring_cov30_1,3,gem_x_ring,0.3,cov30,0.287595,0.013624848797917366,24.16107271775839,0.9110291871342074,ok,located,false
qwen2511_class_word_prompt_oracle,gem_x_ring_cov30_1,4,gem_x_ring,0.3,cov30,0.287595,0.00945227313786745,26.694826339914748,0.9463461590989334,ok,located,false
qwen2511_class_word_prompt_oracle,gem_x_ring_cov30_2,0,gem_x_ring,0.3,cov30,0.290504,0.007942305877804756,29.990745482939687,0.964519570943196,ok,located,false
qwen2511_class_word_prompt_oracle,gem_x_ring_cov30_2,1,gem_x_ring,0.3,cov30,0.290504,0.018118461593985558,24.789765397565198,0.9303750777629318,ok,located,false
qwen2511_class_word_prompt_oracle,gem_x_ring_cov30_2,2,gem_x_ring,0.3,cov30,0.290504,0.013798787258565426,25.154447143295044,0.9293997094832028,ok,located,false
qwen2511_class_word_prompt_oracle,gem_x_ring_cov30_2,3,gem_x_ring,0.3,cov30,0.290504,0.01795564591884613,24.549181305056365,0.930210555861446,ok,located,false
qwen2511_class_word_prompt_oracle,gem_x_ring_cov30_2,4,gem_x_ring,0.3,cov30,0.290504,0.014620782807469368,24.700349457303933,0.9230567402853914,ok,located,true
qwen2511_class_word_prompt_oracle,pen_x_book_cov30_0,0,pen_x_book,0.3,cov30,0.310811,0.1269698143005371,19.292367628000918,0.9081556247471051,ok,located,false
qwen2511_class_word_prompt_oracle,pen_x_book_cov30_0,1,pen_x_book,0.3,cov30,0.310811,0.02599067986011505,31.588612488560223,0.968801247796209,ok,located,true
qwen2511_class_word_prompt_oracle,pen_x_book_cov30_0,2,pen_x_book,0.3,cov30,0.310811,0.05782145634293556,27.205608937071972,0.9037626847491516,ok,located,false
qwen2511_class_word_prompt_oracle,pen_x_book_cov30_0,3,pen_x_book,0.3,cov30,0.310811,0.021749811246991158,31.519774823225063,0.9694416615924791,ok,located,false
qwen2511_class_word_prompt_oracle,pen_x_book_cov30_0,4,pen_x_book,0.3,cov30,0.310811,0.025809984654188156,30.168811723950824,0.96836486581175,ok,located,false
qwen2511_class_word_prompt_oracle,pen_x_book_cov30_1,0,pen_x_book,0.3,cov30,0.304428,0.3188537359237671,14.752792106651302,0.663148408874006,ok,located,false
qwen2511_class_word_prompt_oracle,pen_x_book_cov30_1,1,pen_x_book,0.3,cov30,0.304428,0.022537700831890106,28.952527546070392,0.9310910859093423,ok,located,true
qwen2511_class_word_prompt_oracle,pen_x_book_cov30_1,2,pen_x_book,0.3,cov30,0.304428,0.09232409298419952,28.47869288119462,0.9081343583522458,ok,located,false
qwen2511_class_word_prompt_oracle,pen_x_book_cov30_1,3,pen_x_book,0.3,cov30,0.304428,0.018317902460694313,30.716790676965715,0.9471049741590236,ok,located,false
qwen2511_class_word_prompt_oracle,pen_x_book_cov30_1,4,pen_x_book,0.3,cov30,0.304428,0.02173551730811596,30.16181364881112,0.9446461057557407,ok,located,false
qwen2511_class_word_prompt_oracle,pen_x_book_cov30_2,0,pen_x_book,0.3,cov30,0.306125,0.14842060208320618,19.445849989247343,0.8764923219414538,ok,located,false
qwen2511_class_word_prompt_oracle,pen_x_book_cov30_2,1,pen_x_book,0.3,cov30,0.306125,0.017589224502444267,35.396989647924194,0.9748714462688524,ok,located,false
qwen2511_class_word_prompt_oracle,pen_x_book_cov30_2,2,pen_x_book,0.3,cov30,0.306125,0.041983287781476974,29.058421517608558,0.9489625733205141,ok,located,false
qwen2511_class_word_prompt_oracle,pen_x_book_cov30_2,3,pen_x_book,0.3,cov30,0.306125,0.027959182858467102,31.605493719747027,0.9461440363072935,ok,located,true
qwen2511_class_word_prompt_oracle,pen_x_book_cov30_2,4,pen_x_book,0.3,cov30,0.306125,0.012500027194619179,37.984732507035275,0.9799188828618285,ok,located,false
qwen2511_class_word_prompt_oracle,sword_x_shield_cov30_0,0,sword_x_shield,0.3,cov30,0.286166,0.02139619179069996,30.828308721948478,0.9725194876391372,ok,located,false
qwen2511_class_word_prompt_oracle,sword_x_shield_cov30_0,1,sword_x_shield,0.3,cov30,0.286166,0.07793383300304413,20.861039120028664,0.8836522419695321,ok,located,false
qwen2511_class_word_prompt_oracle,sword_x_shield_cov30_0,2,sword_x_shield,0.3,cov30,0.286166,0.07007183134555817,24.83731225681686,0.9202276461902631,ok,located,false
qwen2511_class_word_prompt_oracle,sword_x_shield_cov30_0,3,sword_x_shield,0.3,cov30,0.286166,0.025060907006263733,28.04341827807264,0.948881868279735,ok,located,false
qwen2511_class_word_prompt_oracle,sword_x_shield_cov30_0,4,sword_x_shield,0.3,cov30,0.286166,0.033720556646585464,26.137194595789627,0.9229344103307829,ok,located,true
qwen2511_class_word_prompt_oracle,sword_x_shield_cov30_1,0,sword_x_shield,0.3,cov30,0.280355,0.014136998914182186,25.797494093068142,0.922548052301032,ok,located,false
qwen2511_class_word_prompt_oracle,sword_x_shield_cov30_1,1,sword_x_shield,0.3,cov30,0.280355,0.019651008769869804,29.842365192468222,0.9569515970593964,ok,located,false
qwen2511_class_word_prompt_oracle,sword_x_shield_cov30_1,2,sword_x_shield,0.3,cov30,0.280355,0.32392311096191406,16.392872031044384,0.6981983619581338,ok,located,false
qwen2511_class_word_prompt_oracle,sword_x_shield_cov30_1,3,sword_x_shield,0.3,cov30,0.280355,0.03148994594812393,21.65997820382224,0.8693735081660506,ok,located,false
qwen2511_class_word_prompt_oracle,sword_x_shield_cov30_1,4,sword_x_shield,0.3,cov30,0.280355,0.03140166401863098,24.196831941620598,0.8895613508508013,ok,located,true
qwen2511_class_word_prompt_oracle,sword_x_shield_cov30_2,0,sword_x_shield,0.3,cov30,0.284125,0.03209147974848747,22.28278721181676,0.8822978023106596,ok,located,false
qwen2511_class_word_prompt_oracle,sword_x_shield_cov30_2,1,sword_x_shield,0.3,cov30,0.284125,0.06761373579502106,21.760234675926206,0.8925166490730235,ok,located,false
qwen2511_class_word_prompt_oracle,sword_x_shield_cov30_2,2,sword_x_shield,0.3,cov30,0.284125,0.07590094208717346,19.308127231510674,0.8385488052526587,ok,located,false
qwen2511_class_word_prompt_oracle,sword_x_shield_cov30_2,3,sword_x_shield,0.3,cov30,0.284125,0.037868790328502655,23.41553014307607,0.9065379435808362,ok,located,true
qwen2511_class_word_prompt_oracle,sword_x_shield_cov30_2,4,sword_x_shield,0.3,cov30,0.284125,0.01970074325799942,29.021702776878904,0.9625163914581242,ok,located,false
qwen2511_class_word_prompt_oracle,hammer_x_anvil_cov30_0,0,hammer_x_anvil,0.3,cov30,0.310627,0.026425328105688095,31.26074765514931,0.979934626925098,ok,located,false
qwen2511_class_word_prompt_oracle,hammer_x_anvil_cov30_0,1,hammer_x_anvil,0.3,cov30,0.310627,0.021334005519747734,30.02312413770945,0.9755156506926702,ok,located,false
qwen2511_class_word_prompt_oracle,hammer_x_anvil_cov30_0,2,hammer_x_anvil,0.3,cov30,0.310627,0.014517199248075485,31.703674038862918,0.9827703318610785,ok,located,false
qwen2511_class_word_prompt_oracle,hammer_x_anvil_cov30_0,3,hammer_x_anvil,0.3,cov30,0.310627,0.015742411836981773,30.044242355840943,0.9786077402806065,ok,located,false
qwen2511_class_word_prompt_oracle,hammer_x_anvil_cov30_0,4,hammer_x_anvil,0.3,cov30,0.310627,0.020296752452850342,31.13963752109987,0.975642307419987,ok,located,true
qwen2511_class_word_prompt_oracle,hammer_x_anvil_cov30_1,0,hammer_x_anvil,0.3,cov30,0.280833,0.08242648839950562,20.45002403452569,0.8536668348493465,ok,located,false
qwen2511_class_word_prompt_oracle,hammer_x_anvil_cov30_1,1,hammer_x_anvil,0.3,cov30,0.280833,0.03259091451764107,28.66909081427145,0.9617580686006933,ok,located,false
qwen2511_class_word_prompt_oracle,hammer_x_anvil_cov30_1,2,hammer_x_anvil,0.3,cov30,0.280833,0.03652634099125862,27.141414068419678,0.9539952849144645,ok,located,false
qwen2511_class_word_prompt_oracle,hammer_x_anvil_cov30_1,3,hammer_x_anvil,0.3,cov30,0.280833,0.04225832223892212,26.036650325917023,0.93970508179157,ok,located,false
qwen2511_class_word_prompt_oracle,hammer_x_anvil_cov30_1,4,hammer_x_anvil,0.3,cov30,0.280833,0.03694446384906769,27.05587635939297,0.9496035660273362,ok,located,true
qwen2511_class_word_prompt_oracle,hammer_x_anvil_cov30_2,0,hammer_x_anvil,0.3,cov30,0.306076,0.017869556322693825,33.117691718591054,0.9742009957841745,ok,located,true
qwen2511_class_word_prompt_oracle,hammer_x_anvil_cov30_2,1,hammer_x_anvil,0.3,cov30,0.306076,0.4911651909351349,15.772750235094799,0.27522197906700396,ok,located,false
qwen2511_class_word_prompt_oracle,hammer_x_anvil_cov30_2,2,hammer_x_anvil,0.3,cov30,0.306076,0.014229199849069118,33.72421761125495,0.9788530418289682,ok,located,false
qwen2511_class_word_prompt_oracle,hammer_x_anvil_cov30_2,3,hammer_x_anvil,0.3,cov30,0.306076,0.3716315031051636,15.962023312407167,0.6388609713716316,roi_failure,target_bbox_fallback,false
qwen2511_class_word_prompt_oracle,hammer_x_anvil_cov30_2,4,hammer_x_anvil,0.3,cov30,0.306076,0.015298898331820965,34.58490015608707,0.9780004513210526,ok,located,false
flux2_class_word_greenbbox_oracle,emblem_x_banner_cov50_0,0,emblem_x_banner,0.5,cov50,0.497214,0.21886123716831207,14.642496873294544,0.8143489452123123,ok,located,false
flux2_class_word_greenbbox_oracle,emblem_x_banner_cov50_0,1,emblem_x_banner,0.5,cov50,0.497214,0.2185104787349701,14.689810859081922,0.8157134650895226,ok,located,false
flux2_class_word_greenbbox_oracle,emblem_x_banner_cov50_0,2,emblem_x_banner,0.5,cov50,0.497214,0.21991702914237976,14.708743463601547,0.8162930166697384,ok,located,false
flux2_class_word_greenbbox_oracle,emblem_x_banner_cov50_0,3,emblem_x_banner,0.5,cov50,0.497214,0.21860292553901672,14.722027736562191,0.8157892672560306,ok,located,false
flux2_class_word_greenbbox_oracle,emblem_x_banner_cov50_0,4,emblem_x_banner,0.5,cov50,0.497214,0.21860982477664948,14.700388319149562,0.8155084090672983,ok,located,true
flux2_class_word_greenbbox_oracle,emblem_x_banner_cov50_1,0,emblem_x_banner,0.5,cov50,0.486007,0.18651805818080902,14.663240896868878,0.8398462768822971,ok,located,false
flux2_class_word_greenbbox_oracle,emblem_x_banner_cov50_1,1,emblem_x_banner,0.5,cov50,0.486007,0.18720203638076782,14.71469218718,0.839640220221978,ok,located,false
flux2_class_word_greenbbox_oracle,emblem_x_banner_cov50_1,2,emblem_x_banner,0.5,cov50,0.486007,0.18656499683856964,14.705850231752224,0.8388262018933736,ok,located,true
flux2_class_word_greenbbox_oracle,emblem_x_banner_cov50_1,3,emblem_x_banner,0.5,cov50,0.486007,0.18629632890224457,14.752817588443076,0.8402324969869485,ok,located,false
flux2_class_word_greenbbox_oracle,emblem_x_banner_cov50_1,4,emblem_x_banner,0.5,cov50,0.486007,0.18716658651828766,14.673304713487237,0.8396831747347258,ok,located,false
flux2_class_word_greenbbox_oracle,emblem_x_banner_cov50_2,0,emblem_x_banner,0.5,cov50,0.505033,0.2954133152961731,12.5375634780955,0.7554642250896887,ok,located,true
flux2_class_word_greenbbox_oracle,emblem_x_banner_cov50_2,1,emblem_x_banner,0.5,cov50,0.505033,0.3014792799949646,12.498087312933208,0.7428218342790626,ok,located,false
flux2_class_word_greenbbox_oracle,emblem_x_banner_cov50_2,2,emblem_x_banner,0.5,cov50,0.505033,0.29347163438796997,12.60705295224717,0.7500952480014007,ok,located,false
flux2_class_word_greenbbox_oracle,emblem_x_banner_cov50_2,3,emblem_x_banner,0.5,cov50,0.505033,0.03356444835662842,29.24636001153079,0.968199689252168,ok,located,false
flux2_class_word_greenbbox_oracle,emblem_x_banner_cov50_2,4,emblem_x_banner,0.5,cov50,0.505033,0.3009927272796631,12.49774422676094,0.7427214110391075,ok,located,false
flux2_class_word_greenbbox_oracle,food_x_plate_cov70_0,0,food_x_plate,0.7,cov70,0.713963,0.5602591633796692,6.403905480418517,0.4115516160632013,ok,located,false
flux2_class_word_greenbbox_oracle,food_x_plate_cov70_0,1,food_x_plate,0.7,cov70,0.713963,0.5624537467956543,6.44780642516004,0.39898419915465566,ok,located,false
flux2_class_word_greenbbox_oracle,food_x_plate_cov70_0,2,food_x_plate,0.7,cov70,0.713963,0.5609156489372253,6.426620732745176,0.3989437329680394,ok,located,true
flux2_class_word_greenbbox_oracle,food_x_plate_cov70_0,3,food_x_plate,0.7,cov70,0.713963,0.5614426136016846,6.53185839972977,0.39570294845693504,ok,located,false
flux2_class_word_greenbbox_oracle,food_x_plate_cov70_0,4,food_x_plate,0.7,cov70,0.713963,0.5581361651420593,6.472279380667507,0.4131422386437109,ok,located,false
flux2_class_word_greenbbox_oracle,food_x_plate_cov70_1,0,food_x_plate,0.7,cov70,0.695275,0.4803560674190521,8.492663051206264,0.5816136615216583,ok,located,false
flux2_class_word_greenbbox_oracle,food_x_plate_cov70_1,1,food_x_plate,0.7,cov70,0.695275,0.4771405756473541,8.58652917456709,0.5830441157452081,ok,located,true
flux2_class_word_greenbbox_oracle,food_x_plate_cov70_1,2,food_x_plate,0.7,cov70,0.695275,0.47784605622291565,8.506359743515464,0.5867897919931203,ok,located,false
flux2_class_word_greenbbox_oracle,food_x_plate_cov70_1,3,food_x_plate,0.7,cov70,0.695275,0.4743901491165161,8.686923316032201,0.5879244862134456,ok,located,false
flux2_class_word_greenbbox_oracle,food_x_plate_cov70_1,4,food_x_plate,0.7,cov70,0.695275,0.474997341632843,8.33082819063818,0.5386796317536425,ok,located,false
flux2_class_word_greenbbox_oracle,food_x_plate_cov70_2,0,food_x_plate,0.7,cov70,0.695829,0.5309505462646484,7.147300660678853,0.45955178856757045,ok,located,false
flux2_class_word_greenbbox_oracle,food_x_plate_cov70_2,1,food_x_plate,0.7,cov70,0.695829,0.5325263738632202,7.31441948964362,0.46433175284494327,ok,located,false
flux2_class_word_greenbbox_oracle,food_x_plate_cov70_2,2,food_x_plate,0.7,cov70,0.695829,0.5344674587249756,7.301951322040737,0.4537765803319638,ok,located,true
flux2_class_word_greenbbox_oracle,food_x_plate_cov70_2,3,food_x_plate,0.7,cov70,0.695829,0.534479558467865,7.354139702981531,0.4533279547749129,ok,located,false
flux2_class_word_greenbbox_oracle,food_x_plate_cov70_2,4,food_x_plate,0.7,cov70,0.695829,0.5357154011726379,7.08495497775182,0.46076810333373636,ok,located,false
flux2_class_word_greenbbox_oracle,coin_x_chest_cov70_0,0,coin_x_chest,0.7,cov70,0.7127,0.500338613986969,11.436826350947236,0.4626343562066946,ok,located,false
flux2_class_word_greenbbox_oracle,coin_x_chest_cov70_0,1,coin_x_chest,0.7,cov70,0.7127,0.4975932836532593,11.383088094289253,0.45546189968788603,ok,located,false
flux2_class_word_greenbbox_oracle,coin_x_chest_cov70_0,2,coin_x_chest,0.7,cov70,0.7127,0.49677735567092896,11.532913952946938,0.45191659664152745,ok,located,false
flux2_class_word_greenbbox_oracle,coin_x_chest_cov70_0,3,coin_x_chest,0.7,cov70,0.7127,0.4990091323852539,11.322716455148928,0.4419583413357721,ok,located,true
flux2_class_word_greenbbox_oracle,coin_x_chest_cov70_0,4,coin_x_chest,0.7,cov70,0.7127,0.4993804395198822,11.35856004695761,0.46379493859396814,ok,located,false
flux2_class_word_greenbbox_oracle,coin_x_chest_cov70_1,0,coin_x_chest,0.7,cov70,0.709374,0.45359617471694946,11.57501495567383,0.5414718118203316,ok,located,false
flux2_class_word_greenbbox_oracle,coin_x_chest_cov70_1,1,coin_x_chest,0.7,cov70,0.709374,0.45089855790138245,11.697806806453496,0.5438663896585257,ok,located,false
flux2_class_word_greenbbox_oracle,coin_x_chest_cov70_1,2,coin_x_chest,0.7,cov70,0.709374,0.4528701901435852,11.681341516538573,0.5240035711853882,ok,located,true
flux2_class_word_greenbbox_oracle,coin_x_chest_cov70_1,3,coin_x_chest,0.7,cov70,0.709374,0.45506951212882996,11.46006164287588,0.5283158697332822,ok,located,false
flux2_class_word_greenbbox_oracle,coin_x_chest_cov70_1,4,coin_x_chest,0.7,cov70,0.709374,0.4512470066547394,11.498095677257874,0.5512186949034126,ok,located,false
flux2_class_word_greenbbox_oracle,coin_x_chest_cov70_2,0,coin_x_chest,0.7,cov70,0.707081,0.5303424596786499,11.422107361504192,0.4922617638568245,ok,located,false
flux2_class_word_greenbbox_oracle,coin_x_chest_cov70_2,1,coin_x_chest,0.7,cov70,0.707081,0.5261513590812683,11.617539561178297,0.5207202436184888,ok,located,false
flux2_class_word_greenbbox_oracle,coin_x_chest_cov70_2,2,coin_x_chest,0.7,cov70,0.707081,0.5265201926231384,11.514208927856814,0.5062658313888669,ok,located,false
flux2_class_word_greenbbox_oracle,coin_x_chest_cov70_2,3,coin_x_chest,0.7,cov70,0.707081,0.5328437089920044,11.363441822504644,0.5218196290569838,ok,located,false
flux2_class_word_greenbbox_oracle,coin_x_chest_cov70_2,4,coin_x_chest,0.7,cov70,0.707081,0.5293406248092651,11.522156149967092,0.5252531816255384,ok,located,true
flux2_class_word_greenbbox_oracle,key_x_lock_cov50_0,0,key_x_lock,0.5,cov50,0.485743,0.4488104283809662,9.84176668210299,0.5501293007310444,ok,located,false
flux2_class_word_greenbbox_oracle,key_x_lock_cov50_0,1,key_x_lock,0.5,cov50,0.485743,0.44838947057724,9.71114857403853,0.5525830227143503,ok,located,false
flux2_class_word_greenbbox_oracle,key_x_lock_cov50_0,2,key_x_lock,0.5,cov50,0.485743,0.4460301995277405,9.851567880668073,0.5460709163280754,ok,located,false
flux2_class_word_greenbbox_oracle,key_x_lock_cov50_0,3,key_x_lock,0.5,cov50,0.485743,0.4461889863014221,9.771597004924931,0.5421997703966092,ok,located,false
flux2_class_word_greenbbox_oracle,key_x_lock_cov50_0,4,key_x_lock,0.5,cov50,0.485743,0.44724568724632263,9.898494368551919,0.55067297609877,ok,located,true
flux2_class_word_greenbbox_oracle,key_x_lock_cov50_1,0,key_x_lock,0.5,cov50,0.498359,0.5220484733581543,8.662621399374967,0.4705238654843688,ok,located,false
flux2_class_word_greenbbox_oracle,key_x_lock_cov50_1,1,key_x_lock,0.5,cov50,0.498359,0.5239333510398865,8.609875775714766,0.4701933069586883,ok,located,false
flux2_class_word_greenbbox_oracle,key_x_lock_cov50_1,2,key_x_lock,0.5,cov50,0.498359,0.523816704750061,8.534231030694503,0.4678896699574438,ok,located,false
flux2_class_word_greenbbox_oracle,key_x_lock_cov50_1,3,key_x_lock,0.5,cov50,0.498359,0.5231924653053284,8.618970445269339,0.46826204745805894,ok,located,false
flux2_class_word_greenbbox_oracle,key_x_lock_cov50_1,4,key_x_lock,0.5,cov50,0.498359,0.5237458348274231,8.692388764842892,0.46997533126481267,ok,located,true
flux2_class_word_greenbbox_oracle,key_x_lock_cov50_2,0,key_x_lock,0.5,cov50,0.511836,0.5358363389968872,8.122137799604044,0.44721979747305524,ok,located,false
flux2_class_word_greenbbox_oracle,key_x_lock_cov50_2,1,key_x_lock,0.5,cov50,0.511836,0.5349801778793335,8.077187095226257,0.4479257066276145,ok,located,false
flux2_class_word_greenbbox_oracle,key_x_lock_cov50_2,2,key_x_lock,0.5,cov50,0.511836,0.5361599922180176,8.012454967368063,0.44715741694163036,ok,located,true
flux2_class_word_greenbbox_oracle,key_x_lock_cov50_2,3,key_x_lock,0.5,cov50,0.511836,0.5379745960235596,8.09420067245594,0.4477681669192091,ok,located,false
flux2_class_word_greenbbox_oracle,key_x_lock_cov50_2,4,key_x_lock,0.5,cov50,0.511836,0.5398873686790466,8.104980684877985,0.4481374078549394,ok,located,false
flux2_class_word_greenbbox_oracle,potion_x_crate_cov50_0,0,potion_x_crate,0.5,cov50,0.518319,0.40763577818870544,11.298969303374681,0.3793579645319474,ok,located,false
flux2_class_word_greenbbox_oracle,potion_x_crate_cov50_0,1,potion_x_crate,0.5,cov50,0.518319,0.556833028793335,10.001601701707907,0.3417263377029411,ok,located,false
flux2_class_word_greenbbox_oracle,potion_x_crate_cov50_0,2,potion_x_crate,0.5,cov50,0.518319,0.04419615492224693,26.53521569014936,0.8990322326825962,ok,located,true
flux2_class_word_greenbbox_oracle,potion_x_crate_cov50_0,3,potion_x_crate,0.5,cov50,0.518319,0.03956396505236626,26.578379583973152,0.8997989349542248,ok,located,false
flux2_class_word_greenbbox_oracle,potion_x_crate_cov50_0,4,potion_x_crate,0.5,cov50,0.518319,0.03911859542131424,26.63764065904218,0.9015611382110552,ok,located,false
flux2_class_word_greenbbox_oracle,potion_x_crate_cov50_1,0,potion_x_crate,0.5,cov50,0.505658,0.36942028999328613,12.659001013210672,0.4192756419656967,ok,located,false
flux2_class_word_greenbbox_oracle,potion_x_crate_cov50_1,1,potion_x_crate,0.5,cov50,0.505658,0.5030044913291931,10.975512499992572,0.47137178433018306,ok,located,false
flux2_class_word_greenbbox_oracle,potion_x_crate_cov50_1,2,potion_x_crate,0.5,cov50,0.505658,0.015175746753811836,32.91819312728927,0.9284065030778867,ok,located,true
flux2_class_word_greenbbox_oracle,potion_x_crate_cov50_1,3,potion_x_crate,0.5,cov50,0.505658,0.014898364432156086,33.37955855046266,0.9409180235493055,ok,located,false
flux2_class_word_greenbbox_oracle,potion_x_crate_cov50_1,4,potion_x_crate,0.5,cov50,0.505658,0.01404585875570774,31.94718070201063,0.9541908248073968,ok,located,false
flux2_class_word_greenbbox_oracle,potion_x_crate_cov50_2,0,potion_x_crate,0.5,cov50,0.514935,0.38269728422164917,11.285819256391406,0.4286888267588262,ok,located,true
flux2_class_word_greenbbox_oracle,potion_x_crate_cov50_2,1,potion_x_crate,0.5,cov50,0.514935,0.5105188488960266,10.142883654725338,0.38946491756237517,ok,located,false
flux2_class_word_greenbbox_oracle,potion_x_crate_cov50_2,2,potion_x_crate,0.5,cov50,0.514935,0.03493649885058403,27.345192006424067,0.8985223793214381,ok,located,false
flux2_class_word_greenbbox_oracle,potion_x_crate_cov50_2,3,potion_x_crate,0.5,cov50,0.514935,0.5064982175827026,10.127533104011716,0.3992177434816222,ok,located,false
flux2_class_word_greenbbox_oracle,potion_x_crate_cov50_2,4,potion_x_crate,0.5,cov50,0.514935,0.032371748238801956,27.683888204687356,0.9271350462378942,ok,located,false
flux2_class_word_greenbbox_oracle,gem_x_ring_cov30_0,0,gem_x_ring,0.3,cov30,0.299812,0.46653124690055847,6.906999901992968,0.38790024521333794,ok,located,true
flux2_class_word_greenbbox_oracle,gem_x_ring_cov30_0,1,gem_x_ring,0.3,cov30,0.299812,0.46584799885749817,6.71447627389611,0.38166872498194354,ok,located,false
flux2_class_word_greenbbox_oracle,gem_x_ring_cov30_0,2,gem_x_ring,0.3,cov30,0.299812,0.4668583273887634,6.936345191304923,0.38727480263783054,ok,located,false
flux2_class_word_greenbbox_oracle,gem_x_ring_cov30_0,3,gem_x_ring,0.3,cov30,0.299812,0.46620917320251465,6.861222805775937,0.3878987446825031,ok,located,false
flux2_class_word_greenbbox_oracle,gem_x_ring_cov30_0,4,gem_x_ring,0.3,cov30,0.299812,0.4686480760574341,6.91180859752728,0.3876220782264581,ok,located,false
flux2_class_word_greenbbox_oracle,gem_x_ring_cov30_1,0,gem_x_ring,0.3,cov30,0.287595,0.48785796761512756,6.044915579716827,0.36343174689491864,ok,located,false
flux2_class_word_greenbbox_oracle,gem_x_ring_cov30_1,1,gem_x_ring,0.3,cov30,0.287595,0.48828256130218506,5.917241821214341,0.36305662558137786,ok,located,true
flux2_class_word_greenbbox_oracle,gem_x_ring_cov30_1,2,gem_x_ring,0.3,cov30,0.287595,0.4879971146583557,6.023141182006945,0.3634272772844367,ok,located,false
flux2_class_word_greenbbox_oracle,gem_x_ring_cov30_1,3,gem_x_ring,0.3,cov30,0.287595,0.48982304334640503,5.982104952971083,0.36268575612979265,ok,located,false
flux2_class_word_greenbbox_oracle,gem_x_ring_cov30_1,4,gem_x_ring,0.3,cov30,0.287595,0.4897167384624481,5.99505673528427,0.3630043049778166,ok,located,false
flux2_class_word_greenbbox_oracle,gem_x_ring_cov30_2,0,gem_x_ring,0.3,cov30,0.290504,0.530844509601593,5.831155499953878,0.37808593252331407,ok,located,false
flux2_class_word_greenbbox_oracle,gem_x_ring_cov30_2,1,gem_x_ring,0.3,cov30,0.290504,0.5274369120597839,5.959063188188567,0.3732034343720038,ok,located,false
flux2_class_word_greenbbox_oracle,gem_x_ring_cov30_2,2,gem_x_ring,0.3,cov30,0.290504,0.5265317559242249,5.979292310082296,0.3721050873420098,ok,located,false
flux2_class_word_greenbbox_oracle,gem_x_ring_cov30_2,3,gem_x_ring,0.3,cov30,0.290504,0.5267232060432434,5.861992471829822,0.371235430072179,ok,located,true
flux2_class_word_greenbbox_oracle,gem_x_ring_cov30_2,4,gem_x_ring,0.3,cov30,0.290504,0.5266710519790649,5.924378096512715,0.37859725779347103,ok,located,false
flux2_class_word_greenbbox_oracle,pen_x_book_cov30_0,0,pen_x_book,0.3,cov30,0.310811,0.6978186368942261,10.182852594212989,0.41245413733082,ok,located,false
flux2_class_word_greenbbox_oracle,pen_x_book_cov30_0,1,pen_x_book,0.3,cov30,0.310811,0.6970674991607666,10.019562913871065,0.40695838795242995,ok,located,true
flux2_class_word_greenbbox_oracle,pen_x_book_cov30_0,2,pen_x_book,0.3,cov30,0.310811,0.6994864344596863,10.246982590584121,0.4056915023103329,ok,located,false
flux2_class_word_greenbbox_oracle,pen_x_book_cov30_0,3,pen_x_book,0.3,cov30,0.310811,0.6959869265556335,10.289199172648242,0.41704089154066276,ok,located,false
flux2_class_word_greenbbox_oracle,pen_x_book_cov30_0,4,pen_x_book,0.3,cov30,0.310811,0.695497989654541,10.365260231752584,0.4170237203796316,ok,located,false
flux2_class_word_greenbbox_oracle,pen_x_book_cov30_1,0,pen_x_book,0.3,cov30,0.304428,0.6748695373535156,10.444189110045599,0.37929021040072014,ok,located,false
flux2_class_word_greenbbox_oracle,pen_x_book_cov30_1,1,pen_x_book,0.3,cov30,0.304428,0.64383864402771,12.253675088395855,0.41845699125461633,ok,located,false
flux2_class_word_greenbbox_oracle,pen_x_book_cov30_1,2,pen_x_book,0.3,cov30,0.304428,0.6771539449691772,10.5517928463699,0.3650379989095229,ok,located,true
flux2_class_word_greenbbox_oracle,pen_x_book_cov30_1,3,pen_x_book,0.3,cov30,0.304428,0.6868069171905518,10.570291144684234,0.37465980689347833,ok,located,false
flux2_class_word_greenbbox_oracle,pen_x_book_cov30_1,4,pen_x_book,0.3,cov30,0.304428,0.6853487491607666,10.567131618166638,0.3749564380446546,ok,located,false
flux2_class_word_greenbbox_oracle,pen_x_book_cov30_2,0,pen_x_book,0.3,cov30,0.306125,0.6138562560081482,11.167107240543118,0.4712039687456892,ok,located,false
flux2_class_word_greenbbox_oracle,pen_x_book_cov30_2,1,pen_x_book,0.3,cov30,0.306125,0.5904991030693054,11.239637474651168,0.5008877765254058,ok,located,false
flux2_class_word_greenbbox_oracle,pen_x_book_cov30_2,2,pen_x_book,0.3,cov30,0.306125,0.5992059111595154,11.2827647306368,0.4652507027422808,ok,located,false
flux2_class_word_greenbbox_oracle,pen_x_book_cov30_2,3,pen_x_book,0.3,cov30,0.306125,0.5940250754356384,11.260307228577561,0.49332886562708217,ok,located,true
flux2_class_word_greenbbox_oracle,pen_x_book_cov30_2,4,pen_x_book,0.3,cov30,0.306125,0.5932918787002563,11.258395200433283,0.49301159408969103,ok,located,false
flux2_class_word_greenbbox_oracle,sword_x_shield_cov30_0,0,sword_x_shield,0.3,cov30,0.286166,0.5462509393692017,10.02399003336347,0.48735600318097516,ok,located,true
flux2_class_word_greenbbox_oracle,sword_x_shield_cov30_0,1,sword_x_shield,0.3,cov30,0.286166,0.5482600927352905,9.983879171780568,0.4813405216412185,ok,located,false
flux2_class_word_greenbbox_oracle,sword_x_shield_cov30_0,2,sword_x_shield,0.3,cov30,0.286166,0.5445581674575806,10.009606989909866,0.4820924204438981,ok,located,false
flux2_class_word_greenbbox_oracle,sword_x_shield_cov30_0,3,sword_x_shield,0.3,cov30,0.286166,0.5465214252471924,10.042143119575055,0.4881592153175392,ok,located,false
flux2_class_word_greenbbox_oracle,sword_x_shield_cov30_0,4,sword_x_shield,0.3,cov30,0.286166,0.5460832118988037,10.037780998696062,0.48842490922193127,ok,located,false
flux2_class_word_greenbbox_oracle,sword_x_shield_cov30_1,0,sword_x_shield,0.3,cov30,0.280355,0.5668196082115173,9.34241196483698,0.4745893524511493,ok,located,true
flux2_class_word_greenbbox_oracle,sword_x_shield_cov30_1,1,sword_x_shield,0.3,cov30,0.280355,0.5671810507774353,9.309874454142026,0.47352851761728054,ok,located,false
flux2_class_word_greenbbox_oracle,sword_x_shield_cov30_1,2,sword_x_shield,0.3,cov30,0.280355,0.5671128630638123,9.347025841105062,0.47022859401855904,ok,located,false
flux2_class_word_greenbbox_oracle,sword_x_shield_cov30_1,3,sword_x_shield,0.3,cov30,0.280355,0.5663818717002869,9.346455751873291,0.4748560079443895,ok,located,false
flux2_class_word_greenbbox_oracle,sword_x_shield_cov30_1,4,sword_x_shield,0.3,cov30,0.280355,0.5667852163314819,9.352099818052992,0.4746007953659772,ok,located,false
flux2_class_word_greenbbox_oracle,sword_x_shield_cov30_2,0,sword_x_shield,0.3,cov30,0.284125,0.564704179763794,9.73681068082169,0.49840861203285414,ok,located,true
flux2_class_word_greenbbox_oracle,sword_x_shield_cov30_2,1,sword_x_shield,0.3,cov30,0.284125,0.5649830102920532,9.63639114146821,0.49606789571280147,ok,located,false
flux2_class_word_greenbbox_oracle,sword_x_shield_cov30_2,2,sword_x_shield,0.3,cov30,0.284125,0.5669237971305847,9.661797797478883,0.496130025117254,ok,located,false
flux2_class_word_greenbbox_oracle,sword_x_shield_cov30_2,3,sword_x_shield,0.3,cov30,0.284125,0.564426839351654,9.733036200824403,0.4980140215763685,ok,located,false
flux2_class_word_greenbbox_oracle,sword_x_shield_cov30_2,4,sword_x_shield,0.3,cov30,0.284125,0.5640531182289124,9.738779713144492,0.49839075081307377,ok,located,false
flux2_class_word_greenbbox_oracle,hammer_x_anvil_cov30_0,0,hammer_x_anvil,0.3,cov30,0.310627,0.5295929908752441,11.062744400811093,0.5753061324791995,ok,located,false
flux2_class_word_greenbbox_oracle,hammer_x_anvil_cov30_0,1,hammer_x_anvil,0.3,cov30,0.310627,0.02789997309446335,26.237386667321548,0.9756944822192285,ok,located,false
flux2_class_word_greenbbox_oracle,hammer_x_anvil_cov30_0,2,hammer_x_anvil,0.3,cov30,0.310627,0.528975248336792,11.035063513981342,0.5496783949730767,ok,located,false
flux2_class_word_greenbbox_oracle,hammer_x_anvil_cov30_0,3,hammer_x_anvil,0.3,cov30,0.310627,0.025579171255230904,26.095793349468806,0.944502989042635,ok,located,false
flux2_class_word_greenbbox_oracle,hammer_x_anvil_cov30_0,4,hammer_x_anvil,0.3,cov30,0.310627,0.1211562380194664,17.678126388459294,0.8326736510155661,ok,located,true
flux2_class_word_greenbbox_oracle,hammer_x_anvil_cov30_1,0,hammer_x_anvil,0.3,cov30,0.280833,0.5699567794799805,9.866898837659214,0.506178827412951,ok,located,true
flux2_class_word_greenbbox_oracle,hammer_x_anvil_cov30_1,1,hammer_x_anvil,0.3,cov30,0.280833,0.5718971490859985,9.803542218104342,0.5298234048434947,ok,located,false
flux2_class_word_greenbbox_oracle,hammer_x_anvil_cov30_1,2,hammer_x_anvil,0.3,cov30,0.280833,0.5700988173484802,9.892269732012087,0.5296744792047726,ok,located,false
flux2_class_word_greenbbox_oracle,hammer_x_anvil_cov30_1,3,hammer_x_anvil,0.3,cov30,0.280833,0.5688778758049011,9.561817007057426,0.5552784097630233,ok,located,false
flux2_class_word_greenbbox_oracle,hammer_x_anvil_cov30_1,4,hammer_x_anvil,0.3,cov30,0.280833,0.5673075318336487,9.887519174267418,0.5595166379945027,ok,located,false
flux2_class_word_greenbbox_oracle,hammer_x_anvil_cov30_2,0,hammer_x_anvil,0.3,cov30,0.306076,0.5521838068962097,10.415122768211313,0.5517203466059913,ok,located,false
flux2_class_word_greenbbox_oracle,hammer_x_anvil_cov30_2,1,hammer_x_anvil,0.3,cov30,0.306076,0.5555126667022705,10.368885413833421,0.5099420642761846,ok,located,false
flux2_class_word_greenbbox_oracle,hammer_x_anvil_cov30_2,2,hammer_x_anvil,0.3,cov30,0.306076,0.5541921854019165,10.3324080387684,0.5015613684886094,ok,located,false
flux2_class_word_greenbbox_oracle,hammer_x_anvil_cov30_2,3,hammer_x_anvil,0.3,cov30,0.306076,0.5541730523109436,10.468851272774295,0.5517046555596111,ok,located,true
flux2_class_word_greenbbox_oracle,hammer_x_anvil_cov30_2,4,hammer_x_anvil,0.3,cov30,0.306076,0.5508822798728943,10.55648994012818,0.5564345492599004,ok,located,false
flux2_class_word_greenbbox_oracle_1pct,emblem_x_banner_cov50_0,0,emblem_x_banner,0.5,cov50,0.497214,0.21882392466068268,14.742381790064268,0.8127289777190815,ok,located,false
flux2_class_word_greenbbox_oracle_1pct,emblem_x_banner_cov50_0,1,emblem_x_banner,0.5,cov50,0.497214,0.21791896224021912,14.765139536039412,0.8175870076490276,ok,located,false
flux2_class_word_greenbbox_oracle_1pct,emblem_x_banner_cov50_0,2,emblem_x_banner,0.5,cov50,0.497214,0.21918609738349915,14.763670805868793,0.8169154846360803,ok,located,false
flux2_class_word_greenbbox_oracle_1pct,emblem_x_banner_cov50_0,3,emblem_x_banner,0.5,cov50,0.497214,0.218011274933815,14.789387320089364,0.8156781714471054,ok,located,true
flux2_class_word_greenbbox_oracle_1pct,emblem_x_banner_cov50_0,4,emblem_x_banner,0.5,cov50,0.497214,0.21798700094223022,14.777150953846734,0.8167062396251845,ok,located,false
flux2_class_word_greenbbox_oracle_1pct,emblem_x_banner_cov50_1,0,emblem_x_banner,0.5,cov50,0.486007,0.18685749173164368,14.674873966518367,0.8393173642626929,ok,located,false
flux2_class_word_greenbbox_oracle_1pct,emblem_x_banner_cov50_1,1,emblem_x_banner,0.5,cov50,0.486007,0.18825235962867737,14.740631060085736,0.8394479519123679,ok,located,false
flux2_class_word_greenbbox_oracle_1pct,emblem_x_banner_cov50_1,2,emblem_x_banner,0.5,cov50,0.486007,0.1877019703388214,14.725424580774217,0.8383104179751258,ok,located,true
flux2_class_word_greenbbox_oracle_1pct,emblem_x_banner_cov50_1,3,emblem_x_banner,0.5,cov50,0.486007,0.18685641884803772,14.785125403147886,0.8404938392356885,ok,located,false
flux2_class_word_greenbbox_oracle_1pct,emblem_x_banner_cov50_1,4,emblem_x_banner,0.5,cov50,0.486007,0.1886194348335266,14.701731522438802,0.8391218601620812,ok,located,false
flux2_class_word_greenbbox_oracle_1pct,emblem_x_banner_cov50_2,0,emblem_x_banner,0.5,cov50,0.505033,0.3038727343082428,12.502113011352467,0.7415117405608411,ok,located,false
flux2_class_word_greenbbox_oracle_1pct,emblem_x_banner_cov50_2,1,emblem_x_banner,0.5,cov50,0.505033,0.2902276813983917,12.951379963300152,0.7621622710485703,ok,located,false
flux2_class_word_greenbbox_oracle_1pct,emblem_x_banner_cov50_2,2,emblem_x_banner,0.5,cov50,0.505033,0.29292988777160645,12.647325652071942,0.7496183342799738,ok,located,false
flux2_class_word_greenbbox_oracle_1pct,emblem_x_banner_cov50_2,3,emblem_x_banner,0.5,cov50,0.505033,0.29443150758743286,12.656631821609889,0.7541561284871868,ok,located,true
flux2_class_word_greenbbox_oracle_1pct,emblem_x_banner_cov50_2,4,emblem_x_banner,0.5,cov50,0.505033,0.2950635254383087,12.620386755523514,0.7547568307796313,ok,located,false
flux2_class_word_greenbbox_oracle_1pct,food_x_plate_cov70_0,0,food_x_plate,0.7,cov70,0.713963,0.5607308149337769,6.381336476131809,0.41078436206066127,ok,located,true
flux2_class_word_greenbbox_oracle_1pct,food_x_plate_cov70_0,1,food_x_plate,0.7,cov70,0.713963,0.5652874708175659,6.42885557655858,0.39715593086556106,ok,located,false
flux2_class_word_greenbbox_oracle_1pct,food_x_plate_cov70_0,2,food_x_plate,0.7,cov70,0.713963,0.5602425336837769,6.435327195584462,0.401261745185345,ok,located,false
flux2_class_word_greenbbox_oracle_1pct,food_x_plate_cov70_0,3,food_x_plate,0.7,cov70,0.713963,0.5635027885437012,6.481533017155004,0.3933798419587995,ok,located,false
flux2_class_word_greenbbox_oracle_1pct,food_x_plate_cov70_0,4,food_x_plate,0.7,cov70,0.713963,0.559417724609375,6.475899168447178,0.41212473811757416,ok,located,false
flux2_class_word_greenbbox_oracle_1pct,food_x_plate_cov70_1,0,food_x_plate,0.7,cov70,0.695275,0.4780223071575165,8.563206278298619,0.5834210060174602,ok,located,false
flux2_class_word_greenbbox_oracle_1pct,food_x_plate_cov70_1,1,food_x_plate,0.7,cov70,0.695275,0.47389036417007446,8.89094982176838,0.5992616501260755,ok,located,false
flux2_class_word_greenbbox_oracle_1pct,food_x_plate_cov70_1,2,food_x_plate,0.7,cov70,0.695275,0.4724735617637634,8.567409677241557,0.5706698573243453,ok,located,false
flux2_class_word_greenbbox_oracle_1pct,food_x_plate_cov70_1,3,food_x_plate,0.7,cov70,0.695275,0.466741681098938,8.67909876255284,0.5689118085276055,ok,located,false
flux2_class_word_greenbbox_oracle_1pct,food_x_plate_cov70_1,4,food_x_plate,0.7,cov70,0.695275,0.4725739061832428,8.364414843056585,0.5387949592120654,ok,located,true
flux2_class_word_greenbbox_oracle_1pct,food_x_plate_cov70_2,0,food_x_plate,0.7,cov70,0.695829,0.5328685641288757,7.136339701693685,0.4563685818845733,ok,located,false
flux2_class_word_greenbbox_oracle_1pct,food_x_plate_cov70_2,1,food_x_plate,0.7,cov70,0.695829,0.5310446619987488,7.337034136916264,0.46512202962212695,ok,located,true
flux2_class_word_greenbbox_oracle_1pct,food_x_plate_cov70_2,2,food_x_plate,0.7,cov70,0.695829,0.5293279886245728,7.203183910635829,0.46089492565019813,ok,located,false
flux2_class_word_greenbbox_oracle_1pct,food_x_plate_cov70_2,3,food_x_plate,0.7,cov70,0.695829,0.5301227569580078,7.3148249775734,0.4666161465942334,ok,located,false
flux2_class_word_greenbbox_oracle_1pct,food_x_plate_cov70_2,4,food_x_plate,0.7,cov70,0.695829,0.5338027477264404,7.097982443403579,0.4613460473575696,ok,located,false
flux2_class_word_greenbbox_oracle_1pct,coin_x_chest_cov70_0,0,coin_x_chest,0.7,cov70,0.7127,0.5007321834564209,11.432833122043409,0.4628987786803647,ok,located,false
flux2_class_word_greenbbox_oracle_1pct,coin_x_chest_cov70_0,1,coin_x_chest,0.7,cov70,0.7127,0.4985772669315338,11.397947575667962,0.4551973602195846,ok,located,true
flux2_class_word_greenbbox_oracle_1pct,coin_x_chest_cov70_0,2,coin_x_chest,0.7,cov70,0.7127,0.49514710903167725,11.667777668202955,0.4610267773875396,ok,located,false
flux2_class_word_greenbbox_oracle_1pct,coin_x_chest_cov70_0,3,coin_x_chest,0.7,cov70,0.7127,0.49856895208358765,11.338848408554629,0.44713742950367474,ok,located,false
flux2_class_word_greenbbox_oracle_1pct,coin_x_chest_cov70_0,4,coin_x_chest,0.7,cov70,0.7127,0.4990416169166565,11.51475798777859,0.467675603237377,ok,located,false
flux2_class_word_greenbbox_oracle_1pct,coin_x_chest_cov70_1,0,coin_x_chest,0.7,cov70,0.709374,0.4532301425933838,11.584173840609733,0.5393778392367892,ok,located,false
flux2_class_word_greenbbox_oracle_1pct,coin_x_chest_cov70_1,1,coin_x_chest,0.7,cov70,0.709374,0.44965147972106934,11.712553604564642,0.5402797350178913,ok,located,false
flux2_class_word_greenbbox_oracle_1pct,coin_x_chest_cov70_1,2,coin_x_chest,0.7,cov70,0.709374,0.45227593183517456,11.689505636747617,0.5205656255776853,ok,located,true
flux2_class_word_greenbbox_oracle_1pct,coin_x_chest_cov70_1,3,coin_x_chest,0.7,cov70,0.709374,0.4534006416797638,11.598730533404007,0.5276929377411892,ok,located,false
flux2_class_word_greenbbox_oracle_1pct,coin_x_chest_cov70_1,4,coin_x_chest,0.7,cov70,0.709374,0.450263649225235,11.522020996793128,0.548043642648627,ok,located,false
flux2_class_word_greenbbox_oracle_1pct,coin_x_chest_cov70_2,0,coin_x_chest,0.7,cov70,0.707081,0.5273605585098267,11.491891062014156,0.49958051424007666,ok,located,true
flux2_class_word_greenbbox_oracle_1pct,coin_x_chest_cov70_2,1,coin_x_chest,0.7,cov70,0.707081,0.5254963040351868,11.651777923090872,0.5194747156204289,ok,located,false
flux2_class_word_greenbbox_oracle_1pct,coin_x_chest_cov70_2,2,coin_x_chest,0.7,cov70,0.707081,0.527202844619751,11.537086073204856,0.5061227559156317,ok,located,false
flux2_class_word_greenbbox_oracle_1pct,coin_x_chest_cov70_2,3,coin_x_chest,0.7,cov70,0.707081,0.5333714485168457,11.434879473849655,0.5249511025456514,ok,located,false
flux2_class_word_greenbbox_oracle_1pct,coin_x_chest_cov70_2,4,coin_x_chest,0.7,cov70,0.707081,0.5284411907196045,11.584648549686491,0.527347127508368,ok,located,false
flux2_class_word_greenbbox_oracle_1pct,key_x_lock_cov50_0,0,key_x_lock,0.5,cov50,0.485743,0.44997668266296387,9.82246848620161,0.548162065939278,ok,located,false
flux2_class_word_greenbbox_oracle_1pct,key_x_lock_cov50_0,1,key_x_lock,0.5,cov50,0.485743,0.45065420866012573,9.717937735908574,0.5532557753190978,ok,located,false
flux2_class_word_greenbbox_oracle_1pct,key_x_lock_cov50_0,2,key_x_lock,0.5,cov50,0.485743,0.4470992982387543,9.85599406276252,0.5452345755028051,ok,located,false
flux2_class_word_greenbbox_oracle_1pct,key_x_lock_cov50_0,3,key_x_lock,0.5,cov50,0.485743,0.44795936346054077,9.762877054328719,0.5440938384127872,ok,located,false
flux2_class_word_greenbbox_oracle_1pct,key_x_lock_cov50_0,4,key_x_lock,0.5,cov50,0.485743,0.44873106479644775,9.981790772269793,0.554046263867852,ok,located,true
flux2_class_word_greenbbox_oracle_1pct,key_x_lock_cov50_1,0,key_x_lock,0.5,cov50,0.498359,0.5215057730674744,8.668971221137234,0.47091180762495705,ok,located,true
flux2_class_word_greenbbox_oracle_1pct,key_x_lock_cov50_1,1,key_x_lock,0.5,cov50,0.498359,0.523443341255188,8.611309609622273,0.47054079703677737,ok,located,false
flux2_class_word_greenbbox_oracle_1pct,key_x_lock_cov50_1,2,key_x_lock,0.5,cov50,0.498359,0.5235127806663513,8.442301902085696,0.4675189245904841,ok,located,false
flux2_class_word_greenbbox_oracle_1pct,key_x_lock_cov50_1,3,key_x_lock,0.5,cov50,0.498359,0.5205710530281067,8.620745297422026,0.4686928935648134,ok,located,false
flux2_class_word_greenbbox_oracle_1pct,key_x_lock_cov50_1,4,key_x_lock,0.5,cov50,0.498359,0.5204634070396423,8.697787409859142,0.4701489271862447,ok,located,false
flux2_class_word_greenbbox_oracle_1pct,key_x_lock_cov50_2,0,key_x_lock,0.5,cov50,0.511836,0.536864697933197,8.120325710121291,0.44713239988884107,ok,located,true
flux2_class_word_greenbbox_oracle_1pct,key_x_lock_cov50_2,1,key_x_lock,0.5,cov50,0.511836,0.536282479763031,8.07890904011778,0.4481036703921227,ok,located,false
flux2_class_word_greenbbox_oracle_1pct,key_x_lock_cov50_2,2,key_x_lock,0.5,cov50,0.511836,0.5366857051849365,8.006060282614797,0.44696671173685515,ok,located,false
flux2_class_word_greenbbox_oracle_1pct,key_x_lock_cov50_2,3,key_x_lock,0.5,cov50,0.511836,0.5388379096984863,8.091135765733203,0.4475736636981001,ok,located,false
flux2_class_word_greenbbox_oracle_1pct,key_x_lock_cov50_2,4,key_x_lock,0.5,cov50,0.511836,0.5414820909500122,8.10422152832636,0.4481157572278016,ok,located,false
flux2_class_word_greenbbox_oracle_1pct,potion_x_crate_cov50_0,0,potion_x_crate,0.5,cov50,0.518319,0.4125261902809143,11.224494671237732,0.376227174957291,ok,located,false
flux2_class_word_greenbbox_oracle_1pct,potion_x_crate_cov50_0,1,potion_x_crate,0.5,cov50,0.518319,0.47356367111206055,10.809184928179691,0.36595543486242876,ok,located,false
flux2_class_word_greenbbox_oracle_1pct,potion_x_crate_cov50_0,2,potion_x_crate,0.5,cov50,0.518319,0.04386533796787262,26.52696724081125,0.8966976479420792,ok,located,true
flux2_class_word_greenbbox_oracle_1pct,potion_x_crate_cov50_0,3,potion_x_crate,0.5,cov50,0.518319,0.03949076309800148,26.5910862065087,0.8996628127699969,ok,located,false
flux2_class_word_greenbbox_oracle_1pct,potion_x_crate_cov50_0,4,potion_x_crate,0.5,cov50,0.518319,0.038976144045591354,26.634167746275594,0.9020123211711364,ok,located,false
flux2_class_word_greenbbox_oracle_1pct,potion_x_crate_cov50_1,0,potion_x_crate,0.5,cov50,0.505658,0.3689202070236206,12.662035976058075,0.42808446190911137,ok,located,false
flux2_class_word_greenbbox_oracle_1pct,potion_x_crate_cov50_1,1,potion_x_crate,0.5,cov50,0.505658,0.5029821395874023,10.968643067446903,0.47686226528060627,ok,located,false
flux2_class_word_greenbbox_oracle_1pct,potion_x_crate_cov50_1,2,potion_x_crate,0.5,cov50,0.505658,0.015323441475629807,32.79634494403346,0.9291269198435111,ok,located,false
flux2_class_word_greenbbox_oracle_1pct,potion_x_crate_cov50_1,3,potion_x_crate,0.5,cov50,0.505658,0.015350302681326866,33.33258042274077,0.9479395303813828,ok,located,true
flux2_class_word_greenbbox_oracle_1pct,potion_x_crate_cov50_1,4,potion_x_crate,0.5,cov50,0.505658,0.014017599634826183,32.024373823404346,0.9537144667613034,ok,located,false
flux2_class_word_greenbbox_oracle_1pct,potion_x_crate_cov50_2,0,potion_x_crate,0.5,cov50,0.514935,0.37667566537857056,11.305693133401714,0.42827652676611444,ok,located,true
flux2_class_word_greenbbox_oracle_1pct,potion_x_crate_cov50_2,1,potion_x_crate,0.5,cov50,0.514935,0.506432294845581,10.100393252901451,0.3704475551227567,ok,located,false
flux2_class_word_greenbbox_oracle_1pct,potion_x_crate_cov50_2,2,potion_x_crate,0.5,cov50,0.514935,0.03510629013180733,27.263208967095757,0.8953653866569962,ok,located,false
flux2_class_word_greenbbox_oracle_1pct,potion_x_crate_cov50_2,3,potion_x_crate,0.5,cov50,0.514935,0.5031744837760925,10.167949343453843,0.39873200135396675,ok,located,false
flux2_class_word_greenbbox_oracle_1pct,potion_x_crate_cov50_2,4,potion_x_crate,0.5,cov50,0.514935,0.03264233097434044,27.673606513823366,0.926528918632041,ok,located,false
flux2_class_word_greenbbox_oracle_1pct,gem_x_ring_cov30_0,0,gem_x_ring,0.3,cov30,0.299812,0.46978843212127686,6.907604968394779,0.38720779189623017,ok,located,true
flux2_class_word_greenbbox_oracle_1pct,gem_x_ring_cov30_0,1,gem_x_ring,0.3,cov30,0.299812,0.4702876806259155,6.7119765283637545,0.38176107183061286,ok,located,false
flux2_class_word_greenbbox_oracle_1pct,gem_x_ring_cov30_0,2,gem_x_ring,0.3,cov30,0.299812,0.4661720395088196,6.962887411196348,0.38787496698189017,ok,located,false
flux2_class_word_greenbbox_oracle_1pct,gem_x_ring_cov30_0,3,gem_x_ring,0.3,cov30,0.299812,0.47047924995422363,6.879224414137882,0.3878268802873747,ok,located,false
flux2_class_word_greenbbox_oracle_1pct,gem_x_ring_cov30_0,4,gem_x_ring,0.3,cov30,0.299812,0.4659635126590729,6.912583315251918,0.3880462681038061,ok,located,false
flux2_class_word_greenbbox_oracle_1pct,gem_x_ring_cov30_1,0,gem_x_ring,0.3,cov30,0.287595,0.49243244528770447,6.038540087678891,0.3625141544583144,ok,located,false
flux2_class_word_greenbbox_oracle_1pct,gem_x_ring_cov30_1,1,gem_x_ring,0.3,cov30,0.287595,0.49076932668685913,5.918521116051922,0.3622894432888976,ok,located,false
flux2_class_word_greenbbox_oracle_1pct,gem_x_ring_cov30_1,2,gem_x_ring,0.3,cov30,0.287595,0.49084755778312683,6.033201982743797,0.3629536217247762,ok,located,true
flux2_class_word_greenbbox_oracle_1pct,gem_x_ring_cov30_1,3,gem_x_ring,0.3,cov30,0.287595,0.4920503795146942,5.989447513219284,0.36213299947854444,ok,located,false
flux2_class_word_greenbbox_oracle_1pct,gem_x_ring_cov30_1,4,gem_x_ring,0.3,cov30,0.287595,0.4907289743423462,6.023558362735958,0.3631872251897117,ok,located,false
flux2_class_word_greenbbox_oracle_1pct,gem_x_ring_cov30_2,0,gem_x_ring,0.3,cov30,0.290504,0.5267181396484375,5.845565373238777,0.37858429639730035,ok,located,false
flux2_class_word_greenbbox_oracle_1pct,gem_x_ring_cov30_2,1,gem_x_ring,0.3,cov30,0.290504,0.5308926701545715,5.960756792587425,0.3716849288459889,ok,located,false
flux2_class_word_greenbbox_oracle_1pct,gem_x_ring_cov30_2,2,gem_x_ring,0.3,cov30,0.290504,0.526261568069458,5.960717376682831,0.37813816747069295,ok,located,false
flux2_class_word_greenbbox_oracle_1pct,gem_x_ring_cov30_2,3,gem_x_ring,0.3,cov30,0.290504,0.5268036127090454,5.877813942065884,0.37819612997802493,ok,located,true
flux2_class_word_greenbbox_oracle_1pct,gem_x_ring_cov30_2,4,gem_x_ring,0.3,cov30,0.290504,0.5270435810089111,5.939811727594102,0.37922540276246597,ok,located,false
flux2_class_word_greenbbox_oracle_1pct,pen_x_book_cov30_0,0,pen_x_book,0.3,cov30,0.310811,0.6941321492195129,10.17382350974276,0.41421136073134196,ok,located,true
flux2_class_word_greenbbox_oracle_1pct,pen_x_book_cov30_0,1,pen_x_book,0.3,cov30,0.310811,0.6962522864341736,10.015801386904226,0.4038719920433656,ok,located,false
flux2_class_word_greenbbox_oracle_1pct,pen_x_book_cov30_0,2,pen_x_book,0.3,cov30,0.310811,0.6981735229492188,10.251121571722754,0.4013330275076019,ok,located,false
flux2_class_word_greenbbox_oracle_1pct,pen_x_book_cov30_0,3,pen_x_book,0.3,cov30,0.310811,0.6894741654396057,10.12254509607202,0.4218150429753516,ok,located,false
flux2_class_word_greenbbox_oracle_1pct,pen_x_book_cov30_0,4,pen_x_book,0.3,cov30,0.310811,0.6895352005958557,10.341715778369005,0.423272738517441,ok,located,false
flux2_class_word_greenbbox_oracle_1pct,pen_x_book_cov30_1,0,pen_x_book,0.3,cov30,0.304428,0.675081729888916,10.457926515183381,0.3797975050548645,ok,located,false
flux2_class_word_greenbbox_oracle_1pct,pen_x_book_cov30_1,1,pen_x_book,0.3,cov30,0.304428,0.6399924159049988,12.297578573957338,0.42078122100209425,ok,located,false
flux2_class_word_greenbbox_oracle_1pct,pen_x_book_cov30_1,2,pen_x_book,0.3,cov30,0.304428,0.6878370046615601,10.54734073314912,0.35585051065738355,ok,located,false
flux2_class_word_greenbbox_oracle_1pct,pen_x_book_cov30_1,3,pen_x_book,0.3,cov30,0.304428,0.6814375519752502,10.551342350086363,0.379927653604861,ok,located,true
flux2_class_word_greenbbox_oracle_1pct,pen_x_book_cov30_1,4,pen_x_book,0.3,cov30,0.304428,0.6829198002815247,10.567375106830623,0.3810702927462781,ok,located,false
flux2_class_word_greenbbox_oracle_1pct,pen_x_book_cov30_2,0,pen_x_book,0.3,cov30,0.306125,0.6091636419296265,11.18922453611978,0.4847722306725739,ok,located,false
flux2_class_word_greenbbox_oracle_1pct,pen_x_book_cov30_2,1,pen_x_book,0.3,cov30,0.306125,0.5866515636444092,11.243725497416506,0.5025310773286574,ok,located,false
flux2_class_word_greenbbox_oracle_1pct,pen_x_book_cov30_2,2,pen_x_book,0.3,cov30,0.306125,0.5973235964775085,11.287253996372124,0.46239305106258927,ok,located,false
flux2_class_word_greenbbox_oracle_1pct,pen_x_book_cov30_2,3,pen_x_book,0.3,cov30,0.306125,0.595696210861206,11.258381234528297,0.49335460674158266,ok,located,false
flux2_class_word_greenbbox_oracle_1pct,pen_x_book_cov30_2,4,pen_x_book,0.3,cov30,0.306125,0.5958825349807739,11.252266111437272,0.4901930740403069,ok,located,true
flux2_class_word_greenbbox_oracle_1pct,sword_x_shield_cov30_0,0,sword_x_shield,0.3,cov30,0.286166,0.5447492599487305,10.022602573520125,0.4882317474101245,ok,located,true
flux2_class_word_greenbbox_oracle_1pct,sword_x_shield_cov30_0,1,sword_x_shield,0.3,cov30,0.286166,0.5457965135574341,9.984100596228298,0.48361883473400913,ok,located,false
flux2_class_word_greenbbox_oracle_1pct,sword_x_shield_cov30_0,2,sword_x_shield,0.3,cov30,0.286166,0.5431193113327026,10.011048850705768,0.48368133362162175,ok,located,false
flux2_class_word_greenbbox_oracle_1pct,sword_x_shield_cov30_0,3,sword_x_shield,0.3,cov30,0.286166,0.5422924757003784,10.037818292042775,0.48986813603057056,ok,located,false
flux2_class_word_greenbbox_oracle_1pct,sword_x_shield_cov30_0,4,sword_x_shield,0.3,cov30,0.286166,0.5453106164932251,10.038763123672862,0.48887059818378326,ok,located,false
flux2_class_word_greenbbox_oracle_1pct,sword_x_shield_cov30_1,0,sword_x_shield,0.3,cov30,0.280355,0.5670456886291504,9.341257358821288,0.47359064858833966,ok,located,false
flux2_class_word_greenbbox_oracle_1pct,sword_x_shield_cov30_1,1,sword_x_shield,0.3,cov30,0.280355,0.5669787526130676,9.312370018069775,0.473034899204523,ok,located,false
flux2_class_word_greenbbox_oracle_1pct,sword_x_shield_cov30_1,2,sword_x_shield,0.3,cov30,0.280355,0.5668794512748718,9.34715847878061,0.4704734130261356,ok,located,true
flux2_class_word_greenbbox_oracle_1pct,sword_x_shield_cov30_1,3,sword_x_shield,0.3,cov30,0.280355,0.5659574866294861,9.337972103998775,0.47441201013947065,ok,located,false
flux2_class_word_greenbbox_oracle_1pct,sword_x_shield_cov30_1,4,sword_x_shield,0.3,cov30,0.280355,0.5661071538925171,9.348939651594064,0.47443167991459667,ok,located,false
flux2_class_word_greenbbox_oracle_1pct,sword_x_shield_cov30_2,0,sword_x_shield,0.3,cov30,0.284125,0.5652339458465576,9.71656480197929,0.49946912202071986,ok,located,false
flux2_class_word_greenbbox_oracle_1pct,sword_x_shield_cov30_2,1,sword_x_shield,0.3,cov30,0.284125,0.5642468333244324,9.641960709490544,0.497051026576148,ok,located,true
flux2_class_word_greenbbox_oracle_1pct,sword_x_shield_cov30_2,2,sword_x_shield,0.3,cov30,0.284125,0.5641049742698669,9.763352255003376,0.4967533786916168,ok,located,false
flux2_class_word_greenbbox_oracle_1pct,sword_x_shield_cov30_2,3,sword_x_shield,0.3,cov30,0.284125,0.5649503469467163,9.746484173124259,0.49774127931909007,ok,located,false
flux2_class_word_greenbbox_oracle_1pct,sword_x_shield_cov30_2,4,sword_x_shield,0.3,cov30,0.284125,0.563657283782959,9.743964889865177,0.49953144615594275,ok,located,false
flux2_class_word_greenbbox_oracle_1pct,hammer_x_anvil_cov30_0,0,hammer_x_anvil,0.3,cov30,0.310627,0.5258708000183105,11.110585607244518,0.5786719899714611,ok,located,false
flux2_class_word_greenbbox_oracle_1pct,hammer_x_anvil_cov30_0,1,hammer_x_anvil,0.3,cov30,0.310627,0.02811894379556179,26.348227763022535,0.976901081245159,ok,located,false
flux2_class_word_greenbbox_oracle_1pct,hammer_x_anvil_cov30_0,2,hammer_x_anvil,0.3,cov30,0.310627,0.524487316608429,11.083137937729969,0.550745916186168,ok,located,false
flux2_class_word_greenbbox_oracle_1pct,hammer_x_anvil_cov30_0,3,hammer_x_anvil,0.3,cov30,0.310627,0.026926742866635323,26.575563110534695,0.9393325329589466,ok,located,false
flux2_class_word_greenbbox_oracle_1pct,hammer_x_anvil_cov30_0,4,hammer_x_anvil,0.3,cov30,0.310627,0.1181948184967041,18.472698273195675,0.8712423608744064,ok,located,true
flux2_class_word_greenbbox_oracle_1pct,hammer_x_anvil_cov30_1,0,hammer_x_anvil,0.3,cov30,0.280833,0.574961245059967,9.847191076354122,0.49667490668772096,ok,located,false
flux2_class_word_greenbbox_oracle_1pct,hammer_x_anvil_cov30_1,1,hammer_x_anvil,0.3,cov30,0.280833,0.5752964019775391,9.790482081382727,0.5323460653200002,ok,located,false
flux2_class_word_greenbbox_oracle_1pct,hammer_x_anvil_cov30_1,2,hammer_x_anvil,0.3,cov30,0.280833,0.5731873512268066,9.857890281719621,0.5122439504982675,ok,located,true
flux2_class_word_greenbbox_oracle_1pct,hammer_x_anvil_cov30_1,3,hammer_x_anvil,0.3,cov30,0.280833,0.567503809928894,9.573287456438123,0.5550327305079378,ok,located,false
flux2_class_word_greenbbox_oracle_1pct,hammer_x_anvil_cov30_1,4,hammer_x_anvil,0.3,cov30,0.280833,0.565936267375946,10.024215135007557,0.5585804332032177,ok,located,false
flux2_class_word_greenbbox_oracle_1pct,hammer_x_anvil_cov30_2,0,hammer_x_anvil,0.3,cov30,0.306076,0.5501469373703003,10.428189487357473,0.5549854218706547,ok,located,false
flux2_class_word_greenbbox_oracle_1pct,hammer_x_anvil_cov30_2,1,hammer_x_anvil,0.3,cov30,0.306076,0.5542599558830261,10.391477606124635,0.4924609319104564,ok,located,false
flux2_class_word_greenbbox_oracle_1pct,hammer_x_anvil_cov30_2,2,hammer_x_anvil,0.3,cov30,0.306076,0.552317202091217,10.358048500278358,0.4997651692522537,ok,located,true
flux2_class_word_greenbbox_oracle_1pct,hammer_x_anvil_cov30_2,3,hammer_x_anvil,0.3,cov30,0.306076,0.5538830757141113,10.355132077958684,0.5364530901500105,ok,located,false
flux2_class_word_greenbbox_oracle_1pct,hammer_x_anvil_cov30_2,4,hammer_x_anvil,0.3,cov30,0.306076,0.5492895245552063,10.571535448292506,0.5563069699441789,ok,located,false
flux2_class_word_greenbbox_oracle_2pct,emblem_x_banner_cov50_0,0,emblem_x_banner,0.5,cov50,0.497214,0.21891453862190247,14.758918959424053,0.8116138199416438,ok,located,false
flux2_class_word_greenbbox_oracle_2pct,emblem_x_banner_cov50_0,1,emblem_x_banner,0.5,cov50,0.497214,0.21741455793380737,14.799958980101348,0.8162266300089084,ok,located,false
flux2_class_word_greenbbox_oracle_2pct,emblem_x_banner_cov50_0,2,emblem_x_banner,0.5,cov50,0.497214,0.21884797513484955,14.760688851464714,0.8153020659412485,ok,located,false
flux2_class_word_greenbbox_oracle_2pct,emblem_x_banner_cov50_0,3,emblem_x_banner,0.5,cov50,0.497214,0.21761628985404968,14.834569420201243,0.814185117023882,ok,located,true
flux2_class_word_greenbbox_oracle_2pct,emblem_x_banner_cov50_0,4,emblem_x_banner,0.5,cov50,0.497214,0.217271625995636,14.823553691439601,0.8166086003387547,ok,located,false
flux2_class_word_greenbbox_oracle_2pct,emblem_x_banner_cov50_1,0,emblem_x_banner,0.5,cov50,0.486007,0.1866140365600586,14.668533508486249,0.8389104184160338,ok,located,false
flux2_class_word_greenbbox_oracle_2pct,emblem_x_banner_cov50_1,1,emblem_x_banner,0.5,cov50,0.486007,0.18788322806358337,14.749913403650279,0.8383477337179182,ok,located,false
flux2_class_word_greenbbox_oracle_2pct,emblem_x_banner_cov50_1,2,emblem_x_banner,0.5,cov50,0.486007,0.1877201646566391,14.73057720791422,0.8370736016303774,ok,located,true
flux2_class_word_greenbbox_oracle_2pct,emblem_x_banner_cov50_1,3,emblem_x_banner,0.5,cov50,0.486007,0.18756699562072754,14.789550246956546,0.8392737991511408,ok,located,false
flux2_class_word_greenbbox_oracle_2pct,emblem_x_banner_cov50_1,4,emblem_x_banner,0.5,cov50,0.486007,0.1894717812538147,14.708623359728474,0.8376131956235316,ok,located,false
flux2_class_word_greenbbox_oracle_2pct,emblem_x_banner_cov50_2,0,emblem_x_banner,0.5,cov50,0.505033,0.2969920039176941,12.585170984630965,0.7529334978774652,ok,located,false
flux2_class_word_greenbbox_oracle_2pct,emblem_x_banner_cov50_2,1,emblem_x_banner,0.5,cov50,0.505033,0.2895927429199219,12.958055258092998,0.7618606892077798,ok,located,false
flux2_class_word_greenbbox_oracle_2pct,emblem_x_banner_cov50_2,2,emblem_x_banner,0.5,cov50,0.505033,0.2931528389453888,12.636097392517238,0.7482533604784142,ok,located,false
flux2_class_word_greenbbox_oracle_2pct,emblem_x_banner_cov50_2,3,emblem_x_banner,0.5,cov50,0.505033,0.29446229338645935,12.674882788182293,0.7536500735607716,ok,located,false
flux2_class_word_greenbbox_oracle_2pct,emblem_x_banner_cov50_2,4,emblem_x_banner,0.5,cov50,0.505033,0.29429376125335693,12.628697493532764,0.7537418963774618,ok,located,true
flux2_class_word_greenbbox_oracle_2pct,food_x_plate_cov70_0,0,food_x_plate,0.7,cov70,0.713963,0.5593828558921814,6.421673062461878,0.4124891093021976,ok,located,false
flux2_class_word_greenbbox_oracle_2pct,food_x_plate_cov70_0,1,food_x_plate,0.7,cov70,0.713963,0.5622988343238831,6.453879219437015,0.3999456756120419,ok,located,false
flux2_class_word_greenbbox_oracle_2pct,food_x_plate_cov70_0,2,food_x_plate,0.7,cov70,0.713963,0.5609277486801147,6.4421342125613625,0.40092949035761033,ok,located,true
flux2_class_word_greenbbox_oracle_2pct,food_x_plate_cov70_0,3,food_x_plate,0.7,cov70,0.713963,0.5617044568061829,6.509549476962125,0.3968636531249474,ok,located,false
flux2_class_word_greenbbox_oracle_2pct,food_x_plate_cov70_0,4,food_x_plate,0.7,cov70,0.713963,0.5605952739715576,6.480641163039377,0.41585994602333787,ok,located,false
flux2_class_word_greenbbox_oracle_2pct,food_x_plate_cov70_1,0,food_x_plate,0.7,cov70,0.695275,0.47525715827941895,8.490299346681589,0.5591730010955062,ok,located,false
flux2_class_word_greenbbox_oracle_2pct,food_x_plate_cov70_1,1,food_x_plate,0.7,cov70,0.695275,0.4737207591533661,8.651745742643776,0.5877173276952725,ok,located,true
flux2_class_word_greenbbox_oracle_2pct,food_x_plate_cov70_1,2,food_x_plate,0.7,cov70,0.695275,0.4753994941711426,8.478920046049112,0.5728511163783129,ok,located,false
flux2_class_word_greenbbox_oracle_2pct,food_x_plate_cov70_1,3,food_x_plate,0.7,cov70,0.695275,0.46642810106277466,8.772621016206921,0.5730671438038858,ok,located,false
flux2_class_word_greenbbox_oracle_2pct,food_x_plate_cov70_1,4,food_x_plate,0.7,cov70,0.695275,0.4732719659805298,8.320106610131967,0.5306802087123633,ok,located,false
flux2_class_word_greenbbox_oracle_2pct,food_x_plate_cov70_2,0,food_x_plate,0.7,cov70,0.695829,0.5383697152137756,7.076997218780336,0.4524669439256645,ok,located,true
flux2_class_word_greenbbox_oracle_2pct,food_x_plate_cov70_2,1,food_x_plate,0.7,cov70,0.695829,0.5353886485099792,7.304586438408181,0.46345115311333523,ok,located,false
flux2_class_word_greenbbox_oracle_2pct,food_x_plate_cov70_2,2,food_x_plate,0.7,cov70,0.695829,0.5467195510864258,7.073140474657038,0.45122903156919153,ok,located,false
flux2_class_word_greenbbox_oracle_2pct,food_x_plate_cov70_2,3,food_x_plate,0.7,cov70,0.695829,0.53578782081604,7.302418281853555,0.4639258331425127,ok,located,false
flux2_class_word_greenbbox_oracle_2pct,food_x_plate_cov70_2,4,food_x_plate,0.7,cov70,0.695829,0.5392536520957947,7.059918705214686,0.4631247712977382,ok,located,false
flux2_class_word_greenbbox_oracle_2pct,coin_x_chest_cov70_0,0,coin_x_chest,0.7,cov70,0.7127,0.5009020566940308,11.536744912667537,0.47023509995304763,ok,located,false
flux2_class_word_greenbbox_oracle_2pct,coin_x_chest_cov70_0,1,coin_x_chest,0.7,cov70,0.7127,0.5010048151016235,11.324134656582219,0.44753463659459874,ok,located,false
flux2_class_word_greenbbox_oracle_2pct,coin_x_chest_cov70_0,2,coin_x_chest,0.7,cov70,0.7127,0.4949214458465576,11.673504692261078,0.45995639329506854,ok,located,false
flux2_class_word_greenbbox_oracle_2pct,coin_x_chest_cov70_0,3,coin_x_chest,0.7,cov70,0.7127,0.49830007553100586,11.440446354503663,0.4472557666516255,ok,located,false
flux2_class_word_greenbbox_oracle_2pct,coin_x_chest_cov70_0,4,coin_x_chest,0.7,cov70,0.7127,0.5009011030197144,11.452244337762368,0.4670857676152687,ok,located,true
flux2_class_word_greenbbox_oracle_2pct,coin_x_chest_cov70_1,0,coin_x_chest,0.7,cov70,0.709374,0.4611522853374481,11.49049753567393,0.5122643938666848,ok,located,false
flux2_class_word_greenbbox_oracle_2pct,coin_x_chest_cov70_1,1,coin_x_chest,0.7,cov70,0.709374,0.454659640789032,11.67483339376484,0.5345552238492278,ok,located,false
flux2_class_word_greenbbox_oracle_2pct,coin_x_chest_cov70_1,2,coin_x_chest,0.7,cov70,0.709374,0.4569378197193146,11.628926616140692,0.5155346020456492,ok,located,false
flux2_class_word_greenbbox_oracle_2pct,coin_x_chest_cov70_1,3,coin_x_chest,0.7,cov70,0.709374,0.45809754729270935,11.568156945298668,0.51335428283856,ok,located,true
flux2_class_word_greenbbox_oracle_2pct,coin_x_chest_cov70_1,4,coin_x_chest,0.7,cov70,0.709374,0.4586271047592163,11.449811482336916,0.5298587343633442,ok,located,false
flux2_class_word_greenbbox_oracle_2pct,coin_x_chest_cov70_2,0,coin_x_chest,0.7,cov70,0.707081,0.5295207500457764,11.473242184226864,0.48650269377324734,ok,located,true
flux2_class_word_greenbbox_oracle_2pct,coin_x_chest_cov70_2,1,coin_x_chest,0.7,cov70,0.707081,0.5265423059463501,11.669055896170947,0.5189714800579064,ok,located,false
flux2_class_word_greenbbox_oracle_2pct,coin_x_chest_cov70_2,2,coin_x_chest,0.7,cov70,0.707081,0.528928816318512,11.540718178636393,0.4997931272660076,ok,located,false
flux2_class_word_greenbbox_oracle_2pct,coin_x_chest_cov70_2,3,coin_x_chest,0.7,cov70,0.707081,0.5343216061592102,11.435037984371395,0.520021170720608,ok,located,false
flux2_class_word_greenbbox_oracle_2pct,coin_x_chest_cov70_2,4,coin_x_chest,0.7,cov70,0.707081,0.5314575433731079,11.571035292933852,0.513534443127731,ok,located,false
flux2_class_word_greenbbox_oracle_2pct,key_x_lock_cov50_0,0,key_x_lock,0.5,cov50,0.485743,0.44727039337158203,9.847074674804576,0.5506315433381451,ok,located,false
flux2_class_word_greenbbox_oracle_2pct,key_x_lock_cov50_0,1,key_x_lock,0.5,cov50,0.485743,0.4489903151988983,9.727308428664086,0.5529801652606348,ok,located,false
flux2_class_word_greenbbox_oracle_2pct,key_x_lock_cov50_0,2,key_x_lock,0.5,cov50,0.485743,0.44624680280685425,9.853447214021955,0.5457789940629575,ok,located,false
flux2_class_word_greenbbox_oracle_2pct,key_x_lock_cov50_0,3,key_x_lock,0.5,cov50,0.485743,0.44434335827827454,9.808465201711382,0.5515329537803876,ok,located,false
flux2_class_word_greenbbox_oracle_2pct,key_x_lock_cov50_0,4,key_x_lock,0.5,cov50,0.485743,0.44649410247802734,9.976346753144849,0.5572436718541282,ok,located,true
flux2_class_word_greenbbox_oracle_2pct,key_x_lock_cov50_1,0,key_x_lock,0.5,cov50,0.498359,0.5212059617042542,8.680397321953087,0.47168854617883266,ok,located,true
flux2_class_word_greenbbox_oracle_2pct,key_x_lock_cov50_1,1,key_x_lock,0.5,cov50,0.498359,0.5238423943519592,8.604916728508055,0.4708284917537416,ok,located,false
flux2_class_word_greenbbox_oracle_2pct,key_x_lock_cov50_1,2,key_x_lock,0.5,cov50,0.498359,0.5246003270149231,8.445530821818203,0.46667205304144455,ok,located,false
flux2_class_word_greenbbox_oracle_2pct,key_x_lock_cov50_1,3,key_x_lock,0.5,cov50,0.498359,0.5184966921806335,8.625306930454599,0.4694862954158925,ok,located,false
flux2_class_word_greenbbox_oracle_2pct,key_x_lock_cov50_1,4,key_x_lock,0.5,cov50,0.498359,0.5211396813392639,8.702369094089288,0.47084100018741976,ok,located,false
flux2_class_word_greenbbox_oracle_2pct,key_x_lock_cov50_2,0,key_x_lock,0.5,cov50,0.511836,0.5364612340927124,8.122549209141553,0.44706389684744335,ok,located,false
flux2_class_word_greenbbox_oracle_2pct,key_x_lock_cov50_2,1,key_x_lock,0.5,cov50,0.511836,0.536089301109314,8.069580072304047,0.4481062465932042,ok,located,false
flux2_class_word_greenbbox_oracle_2pct,key_x_lock_cov50_2,2,key_x_lock,0.5,cov50,0.511836,0.538202702999115,8.087329482288869,0.44745928750014813,ok,located,true
flux2_class_word_greenbbox_oracle_2pct,key_x_lock_cov50_2,3,key_x_lock,0.5,cov50,0.511836,0.5394787788391113,8.10152159350081,0.44787393754000826,ok,located,false
flux2_class_word_greenbbox_oracle_2pct,key_x_lock_cov50_2,4,key_x_lock,0.5,cov50,0.511836,0.541660487651825,8.101795635518265,0.44815284931852517,ok,located,false
flux2_class_word_greenbbox_oracle_2pct,potion_x_crate_cov50_0,0,potion_x_crate,0.5,cov50,0.518319,0.41047966480255127,11.278959244053175,0.38603759269961313,ok,located,false
flux2_class_word_greenbbox_oracle_2pct,potion_x_crate_cov50_0,1,potion_x_crate,0.5,cov50,0.518319,0.5449486970901489,10.075894095027591,0.34537539706793896,ok,located,false
flux2_class_word_greenbbox_oracle_2pct,potion_x_crate_cov50_0,2,potion_x_crate,0.5,cov50,0.518319,0.04234619811177254,26.477039172876523,0.8929800262970645,ok,located,true
flux2_class_word_greenbbox_oracle_2pct,potion_x_crate_cov50_0,3,potion_x_crate,0.5,cov50,0.518319,0.039766255766153336,26.513613710875358,0.8988070756649086,ok,located,false
flux2_class_word_greenbbox_oracle_2pct,potion_x_crate_cov50_0,4,potion_x_crate,0.5,cov50,0.518319,0.04007575660943985,26.556167461621957,0.9009111678308255,ok,located,false
flux2_class_word_greenbbox_oracle_2pct,potion_x_crate_cov50_1,0,potion_x_crate,0.5,cov50,0.505658,0.49570807814598083,11.129739166587921,0.48102106987886234,ok,located,false
flux2_class_word_greenbbox_oracle_2pct,potion_x_crate_cov50_1,1,potion_x_crate,0.5,cov50,0.505658,0.4943179488182068,11.1813608834239,0.4898338566886488,ok,located,false
flux2_class_word_greenbbox_oracle_2pct,potion_x_crate_cov50_1,2,potion_x_crate,0.5,cov50,0.505658,0.016853323206305504,32.459202938508554,0.9269253866710626,ok,located,false
flux2_class_word_greenbbox_oracle_2pct,potion_x_crate_cov50_1,3,potion_x_crate,0.5,cov50,0.505658,0.01757197082042694,32.61632460148289,0.9300975935093841,ok,located,true
flux2_class_word_greenbbox_oracle_2pct,potion_x_crate_cov50_1,4,potion_x_crate,0.5,cov50,0.505658,0.012679506093263626,32.540751254079005,0.9546055711887346,ok,located,false
flux2_class_word_greenbbox_oracle_2pct,potion_x_crate_cov50_2,0,potion_x_crate,0.5,cov50,0.514935,0.4980851411819458,10.174869830360961,0.38427273070576967,ok,located,true
flux2_class_word_greenbbox_oracle_2pct,potion_x_crate_cov50_2,1,potion_x_crate,0.5,cov50,0.514935,0.5055414438247681,10.121047445328191,0.3732839824987079,ok,located,false
flux2_class_word_greenbbox_oracle_2pct,potion_x_crate_cov50_2,2,potion_x_crate,0.5,cov50,0.514935,0.4508902430534363,12.092511490968878,0.37560856940260345,ok,located,false
flux2_class_word_greenbbox_oracle_2pct,potion_x_crate_cov50_2,3,potion_x_crate,0.5,cov50,0.514935,0.506205677986145,10.166093260467202,0.39967669260162064,ok,located,false
flux2_class_word_greenbbox_oracle_2pct,potion_x_crate_cov50_2,4,potion_x_crate,0.5,cov50,0.514935,0.033436644822359085,27.68162423092911,0.9270602299611923,ok,located,false
flux2_class_word_greenbbox_oracle_2pct,gem_x_ring_cov30_0,0,gem_x_ring,0.3,cov30,0.299812,0.4732668101787567,6.880427373688985,0.38448228387138633,ok,located,false
flux2_class_word_greenbbox_oracle_2pct,gem_x_ring_cov30_0,1,gem_x_ring,0.3,cov30,0.299812,0.46417707204818726,6.716340407578135,0.38489717769659654,ok,located,false
flux2_class_word_greenbbox_oracle_2pct,gem_x_ring_cov30_0,2,gem_x_ring,0.3,cov30,0.299812,0.4661235213279724,6.979043021053712,0.39074944375108944,ok,located,true
flux2_class_word_greenbbox_oracle_2pct,gem_x_ring_cov30_0,3,gem_x_ring,0.3,cov30,0.299812,0.47335246205329895,6.8531339485081055,0.3884182308699545,ok,located,false
flux2_class_word_greenbbox_oracle_2pct,gem_x_ring_cov30_0,4,gem_x_ring,0.3,cov30,0.299812,0.463430255651474,6.963896763836834,0.39475006156271286,ok,located,false
flux2_class_word_greenbbox_oracle_2pct,gem_x_ring_cov30_1,0,gem_x_ring,0.3,cov30,0.287595,0.48907768726348877,6.053605519422478,0.3630555062957193,ok,located,true
flux2_class_word_greenbbox_oracle_2pct,gem_x_ring_cov30_1,1,gem_x_ring,0.3,cov30,0.287595,0.488363653421402,5.968374154467886,0.3630739622056945,ok,located,false
flux2_class_word_greenbbox_oracle_2pct,gem_x_ring_cov30_1,2,gem_x_ring,0.3,cov30,0.287595,0.4885407090187073,6.0546907261141145,0.364298977985247,ok,located,false
flux2_class_word_greenbbox_oracle_2pct,gem_x_ring_cov30_1,3,gem_x_ring,0.3,cov30,0.287595,0.4899322986602783,6.014894787883371,0.36319072208937997,ok,located,false
flux2_class_word_greenbbox_oracle_2pct,gem_x_ring_cov30_1,4,gem_x_ring,0.3,cov30,0.287595,0.49050021171569824,6.014111958369086,0.36351614723191933,ok,located,false
flux2_class_word_greenbbox_oracle_2pct,gem_x_ring_cov30_2,0,gem_x_ring,0.3,cov30,0.290504,0.5271731019020081,5.831455780683228,0.37822887760739626,ok,located,true
flux2_class_word_greenbbox_oracle_2pct,gem_x_ring_cov30_2,1,gem_x_ring,0.3,cov30,0.290504,0.5309603810310364,5.924081601403744,0.3742555146448157,ok,located,false
flux2_class_word_greenbbox_oracle_2pct,gem_x_ring_cov30_2,2,gem_x_ring,0.3,cov30,0.290504,0.5259329676628113,5.961321174829081,0.37830958255554265,ok,located,false
flux2_class_word_greenbbox_oracle_2pct,gem_x_ring_cov30_2,3,gem_x_ring,0.3,cov30,0.290504,0.5271687507629395,5.78500220298058,0.37796533086442147,ok,located,false
flux2_class_word_greenbbox_oracle_2pct,gem_x_ring_cov30_2,4,gem_x_ring,0.3,cov30,0.290504,0.528728723526001,5.839225396997603,0.37836517836222966,ok,located,false
flux2_class_word_greenbbox_oracle_2pct,pen_x_book_cov30_0,0,pen_x_book,0.3,cov30,0.310811,0.6973789930343628,10.197877545586449,0.4147151982873947,ok,located,false
flux2_class_word_greenbbox_oracle_2pct,pen_x_book_cov30_0,1,pen_x_book,0.3,cov30,0.310811,0.6968200206756592,10.028444822940871,0.41238892362774654,ok,located,true
flux2_class_word_greenbbox_oracle_2pct,pen_x_book_cov30_0,2,pen_x_book,0.3,cov30,0.310811,0.6987662315368652,10.265493829448967,0.3985456949766615,ok,located,false
flux2_class_word_greenbbox_oracle_2pct,pen_x_book_cov30_0,3,pen_x_book,0.3,cov30,0.310811,0.6888860464096069,10.186191917280432,0.42318871858866935,ok,located,false
flux2_class_word_greenbbox_oracle_2pct,pen_x_book_cov30_0,4,pen_x_book,0.3,cov30,0.310811,0.6881303191184998,10.323195633792722,0.4236674129026783,ok,located,false
flux2_class_word_greenbbox_oracle_2pct,pen_x_book_cov30_1,0,pen_x_book,0.3,cov30,0.304428,0.6748892068862915,10.464356612080634,0.38086699871417196,ok,located,false
flux2_class_word_greenbbox_oracle_2pct,pen_x_book_cov30_1,1,pen_x_book,0.3,cov30,0.304428,0.6318047046661377,12.363754595131553,0.43893264803898596,ok,located,false
flux2_class_word_greenbbox_oracle_2pct,pen_x_book_cov30_1,2,pen_x_book,0.3,cov30,0.304428,0.68644118309021,10.552585491064042,0.36043858289176606,ok,located,false
flux2_class_word_greenbbox_oracle_2pct,pen_x_book_cov30_1,3,pen_x_book,0.3,cov30,0.304428,0.6809353232383728,10.569935080069175,0.3818142258218662,ok,located,true
flux2_class_word_greenbbox_oracle_2pct,pen_x_book_cov30_1,4,pen_x_book,0.3,cov30,0.304428,0.6818047165870667,10.57346016250623,0.3829200717044643,ok,located,false
flux2_class_word_greenbbox_oracle_2pct,pen_x_book_cov30_2,0,pen_x_book,0.3,cov30,0.306125,0.6168363094329834,11.180497102217458,0.4783629771058955,ok,located,false
flux2_class_word_greenbbox_oracle_2pct,pen_x_book_cov30_2,1,pen_x_book,0.3,cov30,0.306125,0.5982882380485535,11.223343908282475,0.4959568829833372,ok,located,false
flux2_class_word_greenbbox_oracle_2pct,pen_x_book_cov30_2,2,pen_x_book,0.3,cov30,0.306125,0.6144226789474487,11.285893219593488,0.46133771133550194,ok,located,false
flux2_class_word_greenbbox_oracle_2pct,pen_x_book_cov30_2,3,pen_x_book,0.3,cov30,0.306125,0.6103882193565369,11.191387541907933,0.48480537769479176,ok,located,false
flux2_class_word_greenbbox_oracle_2pct,pen_x_book_cov30_2,4,pen_x_book,0.3,cov30,0.306125,0.6134094595909119,11.210040591465372,0.48416848313202493,ok,located,true
flux2_class_word_greenbbox_oracle_2pct,sword_x_shield_cov30_0,0,sword_x_shield,0.3,cov30,0.286166,0.5445553660392761,10.02161622663775,0.4884498041706629,ok,located,true
flux2_class_word_greenbbox_oracle_2pct,sword_x_shield_cov30_0,1,sword_x_shield,0.3,cov30,0.286166,0.547951340675354,9.990850243363457,0.48265904570637747,ok,located,false
flux2_class_word_greenbbox_oracle_2pct,sword_x_shield_cov30_0,2,sword_x_shield,0.3,cov30,0.286166,0.5414109826087952,10.026670093617104,0.4861247657837142,ok,located,false
flux2_class_word_greenbbox_oracle_2pct,sword_x_shield_cov30_0,3,sword_x_shield,0.3,cov30,0.286166,0.5425479412078857,10.03209726016236,0.4898467837011597,ok,located,false
flux2_class_word_greenbbox_oracle_2pct,sword_x_shield_cov30_0,4,sword_x_shield,0.3,cov30,0.286166,0.5452184677124023,10.0411705594065,0.4890741769221704,ok,located,false
flux2_class_word_greenbbox_oracle_2pct,sword_x_shield_cov30_1,0,sword_x_shield,0.3,cov30,0.280355,0.567757785320282,9.339389431993732,0.4730589454918426,ok,located,false
flux2_class_word_greenbbox_oracle_2pct,sword_x_shield_cov30_1,1,sword_x_shield,0.3,cov30,0.280355,0.5672550797462463,9.31547385298969,0.47225898557044316,ok,located,false
flux2_class_word_greenbbox_oracle_2pct,sword_x_shield_cov30_1,2,sword_x_shield,0.3,cov30,0.280355,0.5671194791793823,9.348048409631849,0.4702923404604313,ok,located,true
flux2_class_word_greenbbox_oracle_2pct,sword_x_shield_cov30_1,3,sword_x_shield,0.3,cov30,0.280355,0.5651696920394897,9.342150492604134,0.4737610823495708,ok,located,false
flux2_class_word_greenbbox_oracle_2pct,sword_x_shield_cov30_1,4,sword_x_shield,0.3,cov30,0.280355,0.5667257905006409,9.34593980787604,0.4744956596097967,ok,located,false
flux2_class_word_greenbbox_oracle_2pct,sword_x_shield_cov30_2,0,sword_x_shield,0.3,cov30,0.284125,0.5661239624023438,9.73385446621435,0.49927921262084424,ok,located,false
flux2_class_word_greenbbox_oracle_2pct,sword_x_shield_cov30_2,1,sword_x_shield,0.3,cov30,0.284125,0.5647552013397217,9.651516746588278,0.4973555620543868,ok,located,false
flux2_class_word_greenbbox_oracle_2pct,sword_x_shield_cov30_2,2,sword_x_shield,0.3,cov30,0.284125,0.5656387805938721,9.769442073542749,0.49737269023585756,ok,located,true
flux2_class_word_greenbbox_oracle_2pct,sword_x_shield_cov30_2,3,sword_x_shield,0.3,cov30,0.284125,0.5647770166397095,9.750262297884824,0.4975869967889659,ok,located,false
flux2_class_word_greenbbox_oracle_2pct,sword_x_shield_cov30_2,4,sword_x_shield,0.3,cov30,0.284125,0.5659337639808655,9.747695620914657,0.4993861295146976,ok,located,false
flux2_class_word_greenbbox_oracle_2pct,hammer_x_anvil_cov30_0,0,hammer_x_anvil,0.3,cov30,0.310627,0.5256174802780151,11.122193849568852,0.5873869916591565,ok,located,true
flux2_class_word_greenbbox_oracle_2pct,hammer_x_anvil_cov30_0,1,hammer_x_anvil,0.3,cov30,0.310627,0.030040768906474113,26.05651863606075,0.9730840697588952,ok,located,false
flux2_class_word_greenbbox_oracle_2pct,hammer_x_anvil_cov30_0,2,hammer_x_anvil,0.3,cov30,0.310627,0.5276737809181213,11.057857455455672,0.5519076569241114,ok,located,false
flux2_class_word_greenbbox_oracle_2pct,hammer_x_anvil_cov30_0,3,hammer_x_anvil,0.3,cov30,0.310627,0.027957256883382797,26.969026163412032,0.9474460947081199,ok,located,false
flux2_class_word_greenbbox_oracle_2pct,hammer_x_anvil_cov30_0,4,hammer_x_anvil,0.3,cov30,0.310627,0.5261721611022949,11.260187543513293,0.5903521510959703,ok,located,false
flux2_class_word_greenbbox_oracle_2pct,hammer_x_anvil_cov30_1,0,hammer_x_anvil,0.3,cov30,0.280833,0.43498480319976807,11.671968263687498,0.6583881208550757,ok,located,false
flux2_class_word_greenbbox_oracle_2pct,hammer_x_anvil_cov30_1,1,hammer_x_anvil,0.3,cov30,0.280833,0.5740141868591309,9.772481767820738,0.528653248180914,ok,located,false
flux2_class_word_greenbbox_oracle_2pct,hammer_x_anvil_cov30_1,2,hammer_x_anvil,0.3,cov30,0.280833,0.5673290491104126,9.89151455346656,0.5051176475034592,ok,located,false
flux2_class_word_greenbbox_oracle_2pct,hammer_x_anvil_cov30_1,3,hammer_x_anvil,0.3,cov30,0.280833,0.5633112192153931,9.639864627959968,0.5595639362805275,ok,located,true
flux2_class_word_greenbbox_oracle_2pct,hammer_x_anvil_cov30_1,4,hammer_x_anvil,0.3,cov30,0.280833,0.5598312020301819,10.099480816480089,0.5594820610657846,ok,located,false
flux2_class_word_greenbbox_oracle_2pct,hammer_x_anvil_cov30_2,0,hammer_x_anvil,0.3,cov30,0.306076,0.551932156085968,10.430945372759197,0.5530729078882219,ok,located,false
flux2_class_word_greenbbox_oracle_2pct,hammer_x_anvil_cov30_2,1,hammer_x_anvil,0.3,cov30,0.306076,0.5589834451675415,10.389733246329612,0.501025260911383,ok,located,false
flux2_class_word_greenbbox_oracle_2pct,hammer_x_anvil_cov30_2,2,hammer_x_anvil,0.3,cov30,0.306076,0.5585812926292419,10.346483751611093,0.4950581682085578,ok,located,false
flux2_class_word_greenbbox_oracle_2pct,hammer_x_anvil_cov30_2,3,hammer_x_anvil,0.3,cov30,0.306076,0.5490943193435669,10.336317294679585,0.5302875691954559,ok,located,false
flux2_class_word_greenbbox_oracle_2pct,hammer_x_anvil_cov30_2,4,hammer_x_anvil,0.3,cov30,0.306076,0.5556853413581848,10.586104550270775,0.5504180164116637,ok,located,true
qwen2511_class_word_greenbbox_oracle,emblem_x_banner_cov50_0,0,emblem_x_banner,0.5,cov50,0.497214,0.019308172166347504,30.886932668299572,0.9548610301269829,ok,located,true
qwen2511_class_word_greenbbox_oracle,emblem_x_banner_cov50_0,1,emblem_x_banner,0.5,cov50,0.497214,0.01609237678349018,36.44450858789967,0.9698976729251426,ok,located,false
qwen2511_class_word_greenbbox_oracle,emblem_x_banner_cov50_0,2,emblem_x_banner,0.5,cov50,0.497214,0.025616612285375595,30.360298548699305,0.9537215010199739,ok,located,false
qwen2511_class_word_greenbbox_oracle,emblem_x_banner_cov50_0,3,emblem_x_banner,0.5,cov50,0.497214,0.01903553120791912,31.72869468852388,0.9616625961731559,ok,located,false
qwen2511_class_word_greenbbox_oracle,emblem_x_banner_cov50_0,4,emblem_x_banner,0.5,cov50,0.497214,0.022794485092163086,29.359106843488835,0.9496382723031024,ok,located,false
qwen2511_class_word_greenbbox_oracle,emblem_x_banner_cov50_1,0,emblem_x_banner,0.5,cov50,0.486007,0.01594613492488861,34.110500814706604,0.9674714296700558,ok,located,false
qwen2511_class_word_greenbbox_oracle,emblem_x_banner_cov50_1,1,emblem_x_banner,0.5,cov50,0.486007,0.015040265396237373,31.548423040070446,0.967881621645445,ok,located,false
qwen2511_class_word_greenbbox_oracle,emblem_x_banner_cov50_1,2,emblem_x_banner,0.5,cov50,0.486007,0.012708483263850212,31.51865615976257,0.9734297238327697,ok,located,false
qwen2511_class_word_greenbbox_oracle,emblem_x_banner_cov50_1,3,emblem_x_banner,0.5,cov50,0.486007,0.0074647762812674046,35.25547908545729,0.9755005579692164,ok,located,false
qwen2511_class_word_greenbbox_oracle,emblem_x_banner_cov50_1,4,emblem_x_banner,0.5,cov50,0.486007,0.014337281696498394,34.079073659697634,0.9670696791305802,ok,located,true
qwen2511_class_word_greenbbox_oracle,emblem_x_banner_cov50_2,0,emblem_x_banner,0.5,cov50,0.505033,0.030387787148356438,31.018562103514867,0.9639486661827922,ok,located,true
qwen2511_class_word_greenbbox_oracle,emblem_x_banner_cov50_2,1,emblem_x_banner,0.5,cov50,0.505033,0.03706347942352295,25.8476807609747,0.9308160544580358,ok,located,false
qwen2511_class_word_greenbbox_oracle,emblem_x_banner_cov50_2,2,emblem_x_banner,0.5,cov50,0.505033,0.033373571932315826,26.90710567874494,0.9520862496404797,ok,located,false
qwen2511_class_word_greenbbox_oracle,emblem_x_banner_cov50_2,3,emblem_x_banner,0.5,cov50,0.505033,0.024406637996435165,29.72530395042188,0.9609700519647241,ok,located,false
qwen2511_class_word_greenbbox_oracle,emblem_x_banner_cov50_2,4,emblem_x_banner,0.5,cov50,0.505033,0.028804291039705276,29.235451155004284,0.9587422436445303,ok,located,false
qwen2511_class_word_greenbbox_oracle,food_x_plate_cov70_0,0,food_x_plate,0.7,cov70,0.713963,0.034827474504709244,34.76202209830656,0.9644242727825058,ok,located,false
qwen2511_class_word_greenbbox_oracle,food_x_plate_cov70_0,1,food_x_plate,0.7,cov70,0.713963,0.03238918259739876,33.79485015047544,0.9588617929089437,ok,located,false
qwen2511_class_word_greenbbox_oracle,food_x_plate_cov70_0,2,food_x_plate,0.7,cov70,0.713963,0.04712711274623871,28.078117312363176,0.9499228266502219,ok,located,false
qwen2511_class_word_greenbbox_oracle,food_x_plate_cov70_0,3,food_x_plate,0.7,cov70,0.713963,0.05416174232959747,29.617000711151128,0.9507499148436357,ok,located,false
qwen2511_class_word_greenbbox_oracle,food_x_plate_cov70_0,4,food_x_plate,0.7,cov70,0.713963,0.03659207001328468,32.13800080439014,0.9587108572908613,ok,located,true
qwen2511_class_word_greenbbox_oracle,food_x_plate_cov70_1,0,food_x_plate,0.7,cov70,0.695275,0.022808749228715897,30.21522203979522,0.9579020991242225,ok,located,false
qwen2511_class_word_greenbbox_oracle,food_x_plate_cov70_1,1,food_x_plate,0.7,cov70,0.695275,0.028085626661777496,29.73267355743642,0.9475644185743848,ok,located,false
qwen2511_class_word_greenbbox_oracle,food_x_plate_cov70_1,2,food_x_plate,0.7,cov70,0.695275,0.03952057659626007,26.071048241452857,0.9274665797566066,ok,located,false
qwen2511_class_word_greenbbox_oracle,food_x_plate_cov70_1,3,food_x_plate,0.7,cov70,0.695275,0.043566301465034485,27.109043151732873,0.9439549680881069,ok,located,false
qwen2511_class_word_greenbbox_oracle,food_x_plate_cov70_1,4,food_x_plate,0.7,cov70,0.695275,0.029075687751173973,27.109797948541225,0.9386107162394408,ok,located,true
qwen2511_class_word_greenbbox_oracle,food_x_plate_cov70_2,0,food_x_plate,0.7,cov70,0.695829,0.015153199434280396,29.857250779671872,0.9628828969128799,ok,located,false
qwen2511_class_word_greenbbox_oracle,food_x_plate_cov70_2,1,food_x_plate,0.7,cov70,0.695829,0.03231784701347351,22.63217855879602,0.9016687204589896,ok,located,false
qwen2511_class_word_greenbbox_oracle,food_x_plate_cov70_2,2,food_x_plate,0.7,cov70,0.695829,0.01570357009768486,31.12244154177954,0.9632085705372088,ok,located,true
qwen2511_class_word_greenbbox_oracle,food_x_plate_cov70_2,3,food_x_plate,0.7,cov70,0.695829,0.020949898287653923,29.688671431046462,0.9632843255191789,ok,located,false
qwen2511_class_word_greenbbox_oracle,food_x_plate_cov70_2,4,food_x_plate,0.7,cov70,0.695829,0.014362610876560211,30.31666647631377,0.9619909332197106,ok,located,false
qwen2511_class_word_greenbbox_oracle,coin_x_chest_cov70_0,0,coin_x_chest,0.7,cov70,0.7127,0.9059967994689941,7.684149626899947,0.31404544147696956,roi_failure,target_bbox_fallback,false
qwen2511_class_word_greenbbox_oracle,coin_x_chest_cov70_0,1,coin_x_chest,0.7,cov70,0.7127,0.16825488209724426,18.545504805523883,0.7015945502610462,ok,located,false
qwen2511_class_word_greenbbox_oracle,coin_x_chest_cov70_0,2,coin_x_chest,0.7,cov70,0.7127,0.10860740393400192,19.180078614353842,0.7465203719284181,ok,located,false
qwen2511_class_word_greenbbox_oracle,coin_x_chest_cov70_0,3,coin_x_chest,0.7,cov70,0.7127,0.1341783106327057,19.31596406217283,0.7412341341902172,ok,located,true
qwen2511_class_word_greenbbox_oracle,coin_x_chest_cov70_0,4,coin_x_chest,0.7,cov70,0.7127,0.0917639434337616,20.469541799620696,0.7919292702757678,ok,located,false
qwen2511_class_word_greenbbox_oracle,coin_x_chest_cov70_1,0,coin_x_chest,0.7,cov70,0.709374,0.26214703917503357,10.341906482095325,0.4387581083879044,ok,located,false
qwen2511_class_word_greenbbox_oracle,coin_x_chest_cov70_1,1,coin_x_chest,0.7,cov70,0.709374,0.17297278344631195,17.84087348353953,0.7029471182143788,ok,located,false
qwen2511_class_word_greenbbox_oracle,coin_x_chest_cov70_1,2,coin_x_chest,0.7,cov70,0.709374,0.10520700365304947,19.507282229661048,0.7793147203091338,ok,located,false
qwen2511_class_word_greenbbox_oracle,coin_x_chest_cov70_1,3,coin_x_chest,0.7,cov70,0.709374,0.12327085435390472,18.990113839853976,0.7613947539285895,ok,located,true
qwen2511_class_word_greenbbox_oracle,coin_x_chest_cov70_1,4,coin_x_chest,0.7,cov70,0.709374,0.11750183254480362,18.301066219099717,0.72511032077404,ok,located,false
qwen2511_class_word_greenbbox_oracle,coin_x_chest_cov70_2,0,coin_x_chest,0.7,cov70,0.707081,0.975621223449707,7.224898921696697,0.18200871738088273,roi_failure,target_bbox_fallback,false
qwen2511_class_word_greenbbox_oracle,coin_x_chest_cov70_2,1,coin_x_chest,0.7,cov70,0.707081,0.15028662979602814,19.030216680486788,0.7602591523863969,ok,located,true
qwen2511_class_word_greenbbox_oracle,coin_x_chest_cov70_2,2,coin_x_chest,0.7,cov70,0.707081,0.14441397786140442,19.298332626991815,0.7881640270692388,ok,located,false
qwen2511_class_word_greenbbox_oracle,coin_x_chest_cov70_2,3,coin_x_chest,0.7,cov70,0.707081,0.1661873608827591,17.98236980316062,0.6992382216103192,ok,located,false
qwen2511_class_word_greenbbox_oracle,coin_x_chest_cov70_2,4,coin_x_chest,0.7,cov70,0.707081,0.14449699223041534,19.593634818184146,0.7715593093909288,ok,located,false
qwen2511_class_word_greenbbox_oracle,key_x_lock_cov50_0,0,key_x_lock,0.5,cov50,0.485743,0.11293721199035645,20.79695731852955,0.9258151099679433,ok,located,false
qwen2511_class_word_greenbbox_oracle,key_x_lock_cov50_0,1,key_x_lock,0.5,cov50,0.485743,0.10548943281173706,20.507177593706643,0.9376055438761585,ok,located,false
qwen2511_class_word_greenbbox_oracle,key_x_lock_cov50_0,2,key_x_lock,0.5,cov50,0.485743,0.11075681447982788,21.125500225960195,0.9326397401565995,ok,located,false
qwen2511_class_word_greenbbox_oracle,key_x_lock_cov50_0,3,key_x_lock,0.5,cov50,0.485743,0.10719580203294754,21.283293273812344,0.9451632453703552,ok,located,false
qwen2511_class_word_greenbbox_oracle,key_x_lock_cov50_0,4,key_x_lock,0.5,cov50,0.485743,0.1098613291978836,20.995214614991816,0.9392096595619656,ok,located,true
qwen2511_class_word_greenbbox_oracle,key_x_lock_cov50_1,0,key_x_lock,0.5,cov50,0.498359,0.11527811735868454,20.841003945845436,0.8415744770152469,ok,located,false
qwen2511_class_word_greenbbox_oracle,key_x_lock_cov50_1,1,key_x_lock,0.5,cov50,0.498359,0.12593865394592285,19.976668276491488,0.8113994552849153,ok,located,false
qwen2511_class_word_greenbbox_oracle,key_x_lock_cov50_1,2,key_x_lock,0.5,cov50,0.498359,0.10978969186544418,21.36198785897553,0.8598809915415133,ok,located,false
qwen2511_class_word_greenbbox_oracle,key_x_lock_cov50_1,3,key_x_lock,0.5,cov50,0.498359,0.11967883259057999,20.64966307959965,0.8335644273949913,ok,located,false
qwen2511_class_word_greenbbox_oracle,key_x_lock_cov50_1,4,key_x_lock,0.5,cov50,0.498359,0.11673060804605484,20.522572056445515,0.8304072251002572,ok,located,true
qwen2511_class_word_greenbbox_oracle,key_x_lock_cov50_2,0,key_x_lock,0.5,cov50,0.511836,0.10102740675210953,22.267579403104673,0.9418581457979283,ok,located,false
qwen2511_class_word_greenbbox_oracle,key_x_lock_cov50_2,1,key_x_lock,0.5,cov50,0.511836,0.10054035484790802,22.094994883697908,0.9412764721675592,ok,located,true
qwen2511_class_word_greenbbox_oracle,key_x_lock_cov50_2,2,key_x_lock,0.5,cov50,0.511836,0.09989966452121735,22.315216396885255,0.9439681330134109,ok,located,false
qwen2511_class_word_greenbbox_oracle,key_x_lock_cov50_2,3,key_x_lock,0.5,cov50,0.511836,0.10305483639240265,22.42849462132993,0.9404711210048241,ok,located,false
qwen2511_class_word_greenbbox_oracle,key_x_lock_cov50_2,4,key_x_lock,0.5,cov50,0.511836,0.09942353516817093,22.37310980082639,0.9446425275226273,ok,located,false
qwen2511_class_word_greenbbox_oracle,potion_x_crate_cov50_0,0,potion_x_crate,0.5,cov50,0.518319,0.04528244584798813,26.044965787546225,0.8765254985363127,ok,located,false
qwen2511_class_word_greenbbox_oracle,potion_x_crate_cov50_0,1,potion_x_crate,0.5,cov50,0.518319,0.040791090577840805,26.278172642328496,0.8799930212134294,ok,located,false
qwen2511_class_word_greenbbox_oracle,potion_x_crate_cov50_0,2,potion_x_crate,0.5,cov50,0.518319,0.04206332191824913,26.47236931163023,0.8889117215496549,ok,located,true
qwen2511_class_word_greenbbox_oracle,potion_x_crate_cov50_0,3,potion_x_crate,0.5,cov50,0.518319,0.03684449568390846,26.51875561108341,0.8866008003845581,ok,located,false
qwen2511_class_word_greenbbox_oracle,potion_x_crate_cov50_0,4,potion_x_crate,0.5,cov50,0.518319,0.04341781511902809,26.19151096385768,0.8762336148600015,ok,located,false
qwen2511_class_word_greenbbox_oracle,potion_x_crate_cov50_1,0,potion_x_crate,0.5,cov50,0.505658,0.01951650343835354,30.45842337691278,0.9311800314855309,ok,located,false
qwen2511_class_word_greenbbox_oracle,potion_x_crate_cov50_1,1,potion_x_crate,0.5,cov50,0.505658,0.01371089182794094,35.86368882676643,0.9508054538175065,ok,located,false
qwen2511_class_word_greenbbox_oracle,potion_x_crate_cov50_1,2,potion_x_crate,0.5,cov50,0.505658,0.014397164806723595,32.499904694836765,0.9413657541430714,ok,located,true
qwen2511_class_word_greenbbox_oracle,potion_x_crate_cov50_1,3,potion_x_crate,0.5,cov50,0.505658,0.015824833884835243,32.32140125829253,0.9329086097277545,ok,located,false
qwen2511_class_word_greenbbox_oracle,potion_x_crate_cov50_1,4,potion_x_crate,0.5,cov50,0.505658,0.01268447283655405,32.794162060580845,0.9351798633457825,ok,located,false
qwen2511_class_word_greenbbox_oracle,potion_x_crate_cov50_2,0,potion_x_crate,0.5,cov50,0.514935,0.033523522317409515,27.510098120552236,0.9134883407029414,ok,located,true
qwen2511_class_word_greenbbox_oracle,potion_x_crate_cov50_2,1,potion_x_crate,0.5,cov50,0.514935,0.03710729628801346,27.343440751271373,0.9082523736198443,ok,located,false
qwen2511_class_word_greenbbox_oracle,potion_x_crate_cov50_2,2,potion_x_crate,0.5,cov50,0.514935,0.03230588510632515,27.709566715954345,0.9159302832638024,ok,located,false
qwen2511_class_word_greenbbox_oracle,potion_x_crate_cov50_2,3,potion_x_crate,0.5,cov50,0.514935,0.011682180687785149,35.8420184025003,0.961282121331581,ok,located,false
qwen2511_class_word_greenbbox_oracle,potion_x_crate_cov50_2,4,potion_x_crate,0.5,cov50,0.514935,0.061271585524082184,27.62067760235931,0.9056244380859374,ok,located,false
qwen2511_class_word_greenbbox_oracle,gem_x_ring_cov30_0,0,gem_x_ring,0.3,cov30,0.299812,0.022261910140514374,23.350995767162807,0.8758252258353293,ok,located,false
qwen2511_class_word_greenbbox_oracle,gem_x_ring_cov30_0,1,gem_x_ring,0.3,cov30,0.299812,0.019157828763127327,25.574354293584776,0.913107536604821,ok,located,false
qwen2511_class_word_greenbbox_oracle,gem_x_ring_cov30_0,2,gem_x_ring,0.3,cov30,0.299812,0.012031281366944313,26.709381558797055,0.9234491405692679,ok,located,false
qwen2511_class_word_greenbbox_oracle,gem_x_ring_cov30_0,3,gem_x_ring,0.3,cov30,0.299812,0.012608151882886887,28.427709293721072,0.9358391492168875,ok,located,true
qwen2511_class_word_greenbbox_oracle,gem_x_ring_cov30_0,4,gem_x_ring,0.3,cov30,0.299812,0.01154382899403572,27.66228408451676,0.9275859578302889,ok,located,false
qwen2511_class_word_greenbbox_oracle,gem_x_ring_cov30_1,0,gem_x_ring,0.3,cov30,0.287595,0.013570692390203476,24.003989503761215,0.8858645746477398,ok,located,false
qwen2511_class_word_greenbbox_oracle,gem_x_ring_cov30_1,1,gem_x_ring,0.3,cov30,0.287595,0.012094935402274132,25.253265356084963,0.9128255040665619,ok,located,true
qwen2511_class_word_greenbbox_oracle,gem_x_ring_cov30_1,2,gem_x_ring,0.3,cov30,0.287595,0.011397342197597027,26.807794723999354,0.923336613498727,ok,located,false
qwen2511_class_word_greenbbox_oracle,gem_x_ring_cov30_1,3,gem_x_ring,0.3,cov30,0.287595,0.01681845635175705,23.10229991390463,0.8721075367179477,ok,located,false
qwen2511_class_word_greenbbox_oracle,gem_x_ring_cov30_1,4,gem_x_ring,0.3,cov30,0.287595,0.011554456315934658,26.17407556476037,0.9099451975403069,ok,located,false
qwen2511_class_word_greenbbox_oracle,gem_x_ring_cov30_2,0,gem_x_ring,0.3,cov30,0.290504,0.012813752517104149,25.920760906712566,0.9180492091482884,ok,located,false
qwen2511_class_word_greenbbox_oracle,gem_x_ring_cov30_2,1,gem_x_ring,0.3,cov30,0.290504,0.019010396674275398,24.13830662803719,0.9135389302326183,ok,located,false
qwen2511_class_word_greenbbox_oracle,gem_x_ring_cov30_2,2,gem_x_ring,0.3,cov30,0.290504,0.01529181282967329,24.64144923242329,0.9064269620198595,ok,located,false
qwen2511_class_word_greenbbox_oracle,gem_x_ring_cov30_2,3,gem_x_ring,0.3,cov30,0.290504,0.019506394863128662,23.22981354375336,0.8865139131414224,ok,located,false
qwen2511_class_word_greenbbox_oracle,gem_x_ring_cov30_2,4,gem_x_ring,0.3,cov30,0.290504,0.018228134140372276,23.436428624321533,0.8890945756419472,ok,located,true
qwen2511_class_word_greenbbox_oracle,pen_x_book_cov30_0,0,pen_x_book,0.3,cov30,0.310811,0.03273211419582367,31.08729723873873,0.9662656930419181,ok,located,false
qwen2511_class_word_greenbbox_oracle,pen_x_book_cov30_0,1,pen_x_book,0.3,cov30,0.310811,0.025150535628199577,31.462567692252378,0.9671741776798846,ok,located,false
qwen2511_class_word_greenbbox_oracle,pen_x_book_cov30_0,2,pen_x_book,0.3,cov30,0.310811,0.024681610986590385,30.089979276754946,0.968859107571034,ok,located,true
qwen2511_class_word_greenbbox_oracle,pen_x_book_cov30_0,3,pen_x_book,0.3,cov30,0.310811,0.018847106024622917,31.53286834487485,0.9688166633167566,ok,located,false
qwen2511_class_word_greenbbox_oracle,pen_x_book_cov30_0,4,pen_x_book,0.3,cov30,0.310811,0.024521199986338615,30.124022063406493,0.9667135472790175,ok,located,false
qwen2511_class_word_greenbbox_oracle,pen_x_book_cov30_1,0,pen_x_book,0.3,cov30,0.304428,0.02555985562503338,29.530117452096775,0.9388180061599237,ok,located,true
qwen2511_class_word_greenbbox_oracle,pen_x_book_cov30_1,1,pen_x_book,0.3,cov30,0.304428,0.026182472705841064,28.71407336975693,0.9264019930217819,ok,located,false
qwen2511_class_word_greenbbox_oracle,pen_x_book_cov30_1,2,pen_x_book,0.3,cov30,0.304428,0.0923442468047142,28.23139215290584,0.9017495588668746,ok,located,false
qwen2511_class_word_greenbbox_oracle,pen_x_book_cov30_1,3,pen_x_book,0.3,cov30,0.304428,0.018993670120835304,30.562774654993113,0.9421179054268354,ok,located,false
qwen2511_class_word_greenbbox_oracle,pen_x_book_cov30_1,4,pen_x_book,0.3,cov30,0.304428,0.02351471036672592,29.667426068255644,0.9365661515436412,ok,located,false
qwen2511_class_word_greenbbox_oracle,pen_x_book_cov30_2,0,pen_x_book,0.3,cov30,0.306125,0.6105905175209045,11.310204673056942,0.4699711765452794,ok,located,false
qwen2511_class_word_greenbbox_oracle,pen_x_book_cov30_2,1,pen_x_book,0.3,cov30,0.306125,0.022847849875688553,35.44796872365997,0.9623318839908969,ok,located,false
qwen2511_class_word_greenbbox_oracle,pen_x_book_cov30_2,2,pen_x_book,0.3,cov30,0.306125,0.026212453842163086,33.238885509787416,0.9631723157463865,ok,located,true
qwen2511_class_word_greenbbox_oracle,pen_x_book_cov30_2,3,pen_x_book,0.3,cov30,0.306125,0.03178279101848602,31.67248112670621,0.9402466098944325,ok,located,false
qwen2511_class_word_greenbbox_oracle,pen_x_book_cov30_2,4,pen_x_book,0.3,cov30,0.306125,0.015624010935425758,37.72906910885828,0.974868314604428,ok,located,false
qwen2511_class_word_greenbbox_oracle,sword_x_shield_cov30_0,0,sword_x_shield,0.3,cov30,0.286166,0.014616857282817364,31.52361883972533,0.966955699792761,ok,located,false
qwen2511_class_word_greenbbox_oracle,sword_x_shield_cov30_0,1,sword_x_shield,0.3,cov30,0.286166,0.06628972291946411,24.354026615457258,0.8959355049906783,ok,located,false
qwen2511_class_word_greenbbox_oracle,sword_x_shield_cov30_0,2,sword_x_shield,0.3,cov30,0.286166,0.031981151551008224,30.711240601824223,0.9640915040538679,ok,located,true
qwen2511_class_word_greenbbox_oracle,sword_x_shield_cov30_0,3,sword_x_shield,0.3,cov30,0.286166,0.03162098675966263,24.212713052601146,0.8909857853774438,ok,located,false
qwen2511_class_word_greenbbox_oracle,sword_x_shield_cov30_0,4,sword_x_shield,0.3,cov30,0.286166,0.033368490636348724,26.128656529725816,0.9130264257048836,ok,located,false
qwen2511_class_word_greenbbox_oracle,sword_x_shield_cov30_1,0,sword_x_shield,0.3,cov30,0.280355,0.41836807131767273,10.341644359885748,0.5777983726191799,ok,located,false
qwen2511_class_word_greenbbox_oracle,sword_x_shield_cov30_1,1,sword_x_shield,0.3,cov30,0.280355,0.4304318428039551,10.337111449185965,0.5664072688797656,ok,located,false
qwen2511_class_word_greenbbox_oracle,sword_x_shield_cov30_1,2,sword_x_shield,0.3,cov30,0.280355,0.08764486759901047,20.14050751545353,0.8215839065775343,ok,located,true
qwen2511_class_word_greenbbox_oracle,sword_x_shield_cov30_1,3,sword_x_shield,0.3,cov30,0.280355,0.03305407613515854,21.266034005575186,0.8388135181728927,ok,located,false
qwen2511_class_word_greenbbox_oracle,sword_x_shield_cov30_1,4,sword_x_shield,0.3,cov30,0.280355,0.021083343774080276,23.89439608727629,0.8750878799589875,ok,located,false
qwen2511_class_word_greenbbox_oracle,sword_x_shield_cov30_2,0,sword_x_shield,0.3,cov30,0.284125,0.03632096201181412,22.924115369330153,0.8888091893354977,ok,located,true
qwen2511_class_word_greenbbox_oracle,sword_x_shield_cov30_2,1,sword_x_shield,0.3,cov30,0.284125,0.46524426341056824,11.496577139843609,0.5787209638028824,ok,located,false
qwen2511_class_word_greenbbox_oracle,sword_x_shield_cov30_2,2,sword_x_shield,0.3,cov30,0.284125,0.08324059844017029,19.58333154556936,0.8285384093330322,ok,located,false
qwen2511_class_word_greenbbox_oracle,sword_x_shield_cov30_2,3,sword_x_shield,0.3,cov30,0.284125,0.034550994634628296,23.3412374871112,0.899566103015725,ok,located,false
qwen2511_class_word_greenbbox_oracle,sword_x_shield_cov30_2,4,sword_x_shield,0.3,cov30,0.284125,0.020025234669446945,28.976815563147127,0.9553715351238226,ok,located,false
qwen2511_class_word_greenbbox_oracle,hammer_x_anvil_cov30_0,0,hammer_x_anvil,0.3,cov30,0.310627,0.022741341963410378,32.517755600162644,0.9770314706305983,ok,located,false
qwen2511_class_word_greenbbox_oracle,hammer_x_anvil_cov30_0,1,hammer_x_anvil,0.3,cov30,0.310627,0.023531440645456314,29.65582925019772,0.9648767338465145,ok,located,false
qwen2511_class_word_greenbbox_oracle,hammer_x_anvil_cov30_0,2,hammer_x_anvil,0.3,cov30,0.310627,0.01763240247964859,31.433891442541004,0.9756161545807807,ok,located,false
qwen2511_class_word_greenbbox_oracle,hammer_x_anvil_cov30_0,3,hammer_x_anvil,0.3,cov30,0.310627,0.018022190779447556,30.09837655228477,0.9715230147155017,ok,located,false
qwen2511_class_word_greenbbox_oracle,hammer_x_anvil_cov30_0,4,hammer_x_anvil,0.3,cov30,0.310627,0.02073671855032444,30.8175482979331,0.9691041593758647,ok,located,true
qwen2511_class_word_greenbbox_oracle,hammer_x_anvil_cov30_1,0,hammer_x_anvil,0.3,cov30,0.280833,0.03829340636730194,26.797596072222795,0.9461901968848737,ok,located,false
qwen2511_class_word_greenbbox_oracle,hammer_x_anvil_cov30_1,1,hammer_x_anvil,0.3,cov30,0.280833,0.033633165061473846,28.5264034500555,0.9509632651627377,ok,located,false
qwen2511_class_word_greenbbox_oracle,hammer_x_anvil_cov30_1,2,hammer_x_anvil,0.3,cov30,0.280833,0.03779077157378197,27.048050073303187,0.9476351096467003,ok,located,false
qwen2511_class_word_greenbbox_oracle,hammer_x_anvil_cov30_1,3,hammer_x_anvil,0.3,cov30,0.280833,0.04321407154202461,25.98130779617454,0.9341189510226067,ok,located,false
qwen2511_class_word_greenbbox_oracle,hammer_x_anvil_cov30_1,4,hammer_x_anvil,0.3,cov30,0.280833,0.038196761161088943,27.1692113342715,0.9427825709919789,ok,located,true
qwen2511_class_word_greenbbox_oracle,hammer_x_anvil_cov30_2,0,hammer_x_anvil,0.3,cov30,0.306076,0.01750263385474682,33.04263335546223,0.9701014010543906,ok,located,false
qwen2511_class_word_greenbbox_oracle,hammer_x_anvil_cov30_2,1,hammer_x_anvil,0.3,cov30,0.306076,0.015974022448062897,34.04107905739343,0.9701393420919194,ok,located,false
qwen2511_class_word_greenbbox_oracle,hammer_x_anvil_cov30_2,2,hammer_x_anvil,0.3,cov30,0.306076,0.013662407174706459,34.05158288019377,0.9761319864319001,ok,located,false
qwen2511_class_word_greenbbox_oracle,hammer_x_anvil_cov30_2,3,hammer_x_anvil,0.3,cov30,0.306076,0.01737283356487751,34.01137773726107,0.9712418012442491,ok,located,true
qwen2511_class_word_greenbbox_oracle,hammer_x_anvil_cov30_2,4,hammer_x_anvil,0.3,cov30,0.306076,0.017955714836716652,34.14244448907023,0.969903929831245,ok,located,false
qwen2511_class_word_greenbbox_oracle_1pct,emblem_x_banner_cov50_0,0,emblem_x_banner,0.5,cov50,0.497214,0.021282466128468513,30.69562470201976,0.9518944527753549,ok,located,true
qwen2511_class_word_greenbbox_oracle_1pct,emblem_x_banner_cov50_0,1,emblem_x_banner,0.5,cov50,0.497214,0.015194308944046497,35.737071464613415,0.963620829124241,ok,located,false
qwen2511_class_word_greenbbox_oracle_1pct,emblem_x_banner_cov50_0,2,emblem_x_banner,0.5,cov50,0.497214,0.030756454914808273,29.780245885506503,0.9493418300916211,ok,located,false
qwen2511_class_word_greenbbox_oracle_1pct,emblem_x_banner_cov50_0,3,emblem_x_banner,0.5,cov50,0.497214,0.01453625038266182,36.25259557937186,0.9698227952975825,ok,located,false
qwen2511_class_word_greenbbox_oracle_1pct,emblem_x_banner_cov50_0,4,emblem_x_banner,0.5,cov50,0.497214,0.02141432836651802,29.462585478680644,0.9477330263014995,ok,located,false
qwen2511_class_word_greenbbox_oracle_1pct,emblem_x_banner_cov50_1,0,emblem_x_banner,0.5,cov50,0.486007,0.02045298181474209,33.830404560627095,0.9626266132554221,ok,located,false
qwen2511_class_word_greenbbox_oracle_1pct,emblem_x_banner_cov50_1,1,emblem_x_banner,0.5,cov50,0.486007,0.019185112789273262,31.18395959836905,0.9596678500652779,ok,located,false
qwen2511_class_word_greenbbox_oracle_1pct,emblem_x_banner_cov50_1,2,emblem_x_banner,0.5,cov50,0.486007,0.013663548044860363,31.663310412963682,0.971346644422182,ok,located,false
qwen2511_class_word_greenbbox_oracle_1pct,emblem_x_banner_cov50_1,3,emblem_x_banner,0.5,cov50,0.486007,0.013834340497851372,31.977831256787717,0.9647821850662672,ok,located,false
qwen2511_class_word_greenbbox_oracle_1pct,emblem_x_banner_cov50_1,4,emblem_x_banner,0.5,cov50,0.486007,0.014163966290652752,34.43070032511565,0.962542889995959,ok,located,true
qwen2511_class_word_greenbbox_oracle_1pct,emblem_x_banner_cov50_2,0,emblem_x_banner,0.5,cov50,0.505033,0.031022343784570694,31.159363854609996,0.9607249310741848,ok,located,true
qwen2511_class_word_greenbbox_oracle_1pct,emblem_x_banner_cov50_2,1,emblem_x_banner,0.5,cov50,0.505033,0.04531336948275566,25.789906679743755,0.9286999846884503,ok,located,false
qwen2511_class_word_greenbbox_oracle_1pct,emblem_x_banner_cov50_2,2,emblem_x_banner,0.5,cov50,0.505033,0.03569211810827255,26.84368390494223,0.9504070481582397,ok,located,false
qwen2511_class_word_greenbbox_oracle_1pct,emblem_x_banner_cov50_2,3,emblem_x_banner,0.5,cov50,0.505033,0.025594163686037064,29.630058404674287,0.9581385542937099,ok,located,false
qwen2511_class_word_greenbbox_oracle_1pct,emblem_x_banner_cov50_2,4,emblem_x_banner,0.5,cov50,0.505033,0.02819918841123581,29.18948947000572,0.9540265537968643,ok,located,false
qwen2511_class_word_greenbbox_oracle_1pct,food_x_plate_cov70_0,0,food_x_plate,0.7,cov70,0.713963,0.036445144563913345,34.15684975364509,0.9628903268690777,ok,located,false
qwen2511_class_word_greenbbox_oracle_1pct,food_x_plate_cov70_0,1,food_x_plate,0.7,cov70,0.713963,0.06530508399009705,27.741914588204505,0.9236902844604087,ok,located,false
qwen2511_class_word_greenbbox_oracle_1pct,food_x_plate_cov70_0,2,food_x_plate,0.7,cov70,0.713963,0.050547368824481964,28.00408859421283,0.9503565683777336,ok,located,true
qwen2511_class_word_greenbbox_oracle_1pct,food_x_plate_cov70_0,3,food_x_plate,0.7,cov70,0.713963,0.058463484048843384,29.428223115303133,0.9494564947734182,ok,located,false
qwen2511_class_word_greenbbox_oracle_1pct,food_x_plate_cov70_0,4,food_x_plate,0.7,cov70,0.713963,0.038357924669981,32.363042144803636,0.9611660556021876,ok,located,false
qwen2511_class_word_greenbbox_oracle_1pct,food_x_plate_cov70_1,0,food_x_plate,0.7,cov70,0.695275,0.02326582744717598,29.684986350851396,0.9553543709286597,ok,located,false
qwen2511_class_word_greenbbox_oracle_1pct,food_x_plate_cov70_1,1,food_x_plate,0.7,cov70,0.695275,0.13823194801807404,19.823016869519982,0.7481272346297403,ok,located,false
qwen2511_class_word_greenbbox_oracle_1pct,food_x_plate_cov70_1,2,food_x_plate,0.7,cov70,0.695275,0.041528038680553436,25.548189571410106,0.9227065845971331,ok,located,true
qwen2511_class_word_greenbbox_oracle_1pct,food_x_plate_cov70_1,3,food_x_plate,0.7,cov70,0.695275,0.042568426579236984,26.979701692846817,0.9396336024497272,ok,located,false
qwen2511_class_word_greenbbox_oracle_1pct,food_x_plate_cov70_1,4,food_x_plate,0.7,cov70,0.695275,0.02896970696747303,26.792650012122454,0.9350693921828279,ok,located,false
qwen2511_class_word_greenbbox_oracle_1pct,food_x_plate_cov70_2,0,food_x_plate,0.7,cov70,0.695829,0.013964065350592136,29.80168471880092,0.9616327429245537,ok,located,false
qwen2511_class_word_greenbbox_oracle_1pct,food_x_plate_cov70_2,1,food_x_plate,0.7,cov70,0.695829,0.024730809032917023,29.862090938439565,0.9437265339338125,ok,located,false
qwen2511_class_word_greenbbox_oracle_1pct,food_x_plate_cov70_2,2,food_x_plate,0.7,cov70,0.695829,0.015110339038074017,31.114919293631857,0.9625686506315111,ok,located,true
qwen2511_class_word_greenbbox_oracle_1pct,food_x_plate_cov70_2,3,food_x_plate,0.7,cov70,0.695829,0.02581346407532692,25.890239707386336,0.9390228385385558,ok,located,false
qwen2511_class_word_greenbbox_oracle_1pct,food_x_plate_cov70_2,4,food_x_plate,0.7,cov70,0.695829,0.01432136818766594,31.561354165952842,0.9633213665233548,ok,located,false
qwen2511_class_word_greenbbox_oracle_1pct,coin_x_chest_cov70_0,0,coin_x_chest,0.7,cov70,0.7127,0.9044228196144104,7.676478816178251,0.3153471311498399,roi_failure,target_bbox_fallback,false
qwen2511_class_word_greenbbox_oracle_1pct,coin_x_chest_cov70_0,1,coin_x_chest,0.7,cov70,0.7127,0.13737404346466064,18.614335455376356,0.7103840885938242,ok,located,true
qwen2511_class_word_greenbbox_oracle_1pct,coin_x_chest_cov70_0,2,coin_x_chest,0.7,cov70,0.7127,0.11783792078495026,18.451709789028577,0.7112175952079717,ok,located,false
qwen2511_class_word_greenbbox_oracle_1pct,coin_x_chest_cov70_0,3,coin_x_chest,0.7,cov70,0.7127,0.1450158655643463,19.21164019073639,0.737262524762221,ok,located,false
qwen2511_class_word_greenbbox_oracle_1pct,coin_x_chest_cov70_0,4,coin_x_chest,0.7,cov70,0.7127,0.0820653885602951,20.527750742412763,0.7847480832059893,ok,located,false
qwen2511_class_word_greenbbox_oracle_1pct,coin_x_chest_cov70_1,0,coin_x_chest,0.7,cov70,0.709374,0.9601166844367981,7.733246758417829,0.24619945871639848,roi_failure,target_bbox_fallback,false
qwen2511_class_word_greenbbox_oracle_1pct,coin_x_chest_cov70_1,1,coin_x_chest,0.7,cov70,0.709374,0.18086043000221252,17.460116607645343,0.675433561743216,ok,located,false
qwen2511_class_word_greenbbox_oracle_1pct,coin_x_chest_cov70_1,2,coin_x_chest,0.7,cov70,0.709374,0.14480674266815186,17.86853490098644,0.6683109538552744,ok,located,true
qwen2511_class_word_greenbbox_oracle_1pct,coin_x_chest_cov70_1,3,coin_x_chest,0.7,cov70,0.709374,0.12731069326400757,18.95691553301558,0.7767938651642484,ok,located,false
qwen2511_class_word_greenbbox_oracle_1pct,coin_x_chest_cov70_1,4,coin_x_chest,0.7,cov70,0.709374,0.12643100321292877,18.256750583035576,0.7101118370716506,ok,located,false
qwen2511_class_word_greenbbox_oracle_1pct,coin_x_chest_cov70_2,0,coin_x_chest,0.7,cov70,0.707081,0.9756981730461121,7.225961482837329,0.18211025570952746,roi_failure,target_bbox_fallback,false
qwen2511_class_word_greenbbox_oracle_1pct,coin_x_chest_cov70_2,1,coin_x_chest,0.7,cov70,0.707081,0.1537921130657196,18.565355579121544,0.7344687428640415,ok,located,true
qwen2511_class_word_greenbbox_oracle_1pct,coin_x_chest_cov70_2,2,coin_x_chest,0.7,cov70,0.707081,0.14171764254570007,18.85120312176825,0.755832143880177,ok,located,false
qwen2511_class_word_greenbbox_oracle_1pct,coin_x_chest_cov70_2,3,coin_x_chest,0.7,cov70,0.707081,0.16933086514472961,17.78317912053841,0.6813799346788061,ok,located,false
qwen2511_class_word_greenbbox_oracle_1pct,coin_x_chest_cov70_2,4,coin_x_chest,0.7,cov70,0.707081,0.1461692750453949,18.317536851440362,0.6826584613649728,ok,located,false
qwen2511_class_word_greenbbox_oracle_1pct,key_x_lock_cov50_0,0,key_x_lock,0.5,cov50,0.485743,0.11017850041389465,20.86835398540949,0.9352576443642867,ok,located,true
qwen2511_class_word_greenbbox_oracle_1pct,key_x_lock_cov50_0,1,key_x_lock,0.5,cov50,0.485743,0.10700815916061401,20.403781078203597,0.9383121873635313,ok,located,false
qwen2511_class_word_greenbbox_oracle_1pct,key_x_lock_cov50_0,2,key_x_lock,0.5,cov50,0.485743,0.10964026302099228,21.06782301188757,0.936939735861633,ok,located,false
qwen2511_class_word_greenbbox_oracle_1pct,key_x_lock_cov50_0,3,key_x_lock,0.5,cov50,0.485743,0.11302236467599869,20.993055306303646,0.9383819208534437,ok,located,false
qwen2511_class_word_greenbbox_oracle_1pct,key_x_lock_cov50_0,4,key_x_lock,0.5,cov50,0.485743,0.11064859479665756,20.89229047819993,0.9364075619046406,ok,located,false
qwen2511_class_word_greenbbox_oracle_1pct,key_x_lock_cov50_1,0,key_x_lock,0.5,cov50,0.498359,0.11008216440677643,21.43136765183064,0.8609939091405208,ok,located,true
qwen2511_class_word_greenbbox_oracle_1pct,key_x_lock_cov50_1,1,key_x_lock,0.5,cov50,0.498359,0.1171717569231987,20.646253871185237,0.8329470061159588,ok,located,false
qwen2511_class_word_greenbbox_oracle_1pct,key_x_lock_cov50_1,2,key_x_lock,0.5,cov50,0.498359,0.1099199652671814,21.569941399379175,0.8628929703138105,ok,located,false
qwen2511_class_word_greenbbox_oracle_1pct,key_x_lock_cov50_1,3,key_x_lock,0.5,cov50,0.498359,0.12230987846851349,20.45001416250706,0.821849109791053,ok,located,false
qwen2511_class_word_greenbbox_oracle_1pct,key_x_lock_cov50_1,4,key_x_lock,0.5,cov50,0.498359,0.10969839990139008,21.510207922509554,0.8592217303179449,ok,located,false
qwen2511_class_word_greenbbox_oracle_1pct,key_x_lock_cov50_2,0,key_x_lock,0.5,cov50,0.511836,0.10227160155773163,22.20772804446558,0.9401749310536872,ok,located,false
qwen2511_class_word_greenbbox_oracle_1pct,key_x_lock_cov50_2,1,key_x_lock,0.5,cov50,0.511836,0.10198197513818741,22.13020232607654,0.9369039793624774,ok,located,true
qwen2511_class_word_greenbbox_oracle_1pct,key_x_lock_cov50_2,2,key_x_lock,0.5,cov50,0.511836,0.09991364181041718,22.30250341573359,0.9439336954683316,ok,located,false
qwen2511_class_word_greenbbox_oracle_1pct,key_x_lock_cov50_2,3,key_x_lock,0.5,cov50,0.511836,0.10209402441978455,22.515705283335553,0.9436745580900595,ok,located,false
qwen2511_class_word_greenbbox_oracle_1pct,key_x_lock_cov50_2,4,key_x_lock,0.5,cov50,0.511836,0.10133190453052521,22.36851968187868,0.943010968027486,ok,located,false
qwen2511_class_word_greenbbox_oracle_1pct,potion_x_crate_cov50_0,0,potion_x_crate,0.5,cov50,0.518319,0.04511423408985138,25.890765877213,0.872841241284671,ok,located,false
qwen2511_class_word_greenbbox_oracle_1pct,potion_x_crate_cov50_0,1,potion_x_crate,0.5,cov50,0.518319,0.041897159069776535,26.197530691473258,0.8755608843446927,ok,located,false
qwen2511_class_word_greenbbox_oracle_1pct,potion_x_crate_cov50_0,2,potion_x_crate,0.5,cov50,0.518319,0.04402439296245575,26.36495890957711,0.8858554297948181,ok,located,true
qwen2511_class_word_greenbbox_oracle_1pct,potion_x_crate_cov50_0,3,potion_x_crate,0.5,cov50,0.518319,0.037710513919591904,26.354126802298122,0.8810103263433646,ok,located,false
qwen2511_class_word_greenbbox_oracle_1pct,potion_x_crate_cov50_0,4,potion_x_crate,0.5,cov50,0.518319,0.04678100347518921,26.076269047977185,0.8756981995180815,ok,located,false
qwen2511_class_word_greenbbox_oracle_1pct,potion_x_crate_cov50_1,0,potion_x_crate,0.5,cov50,0.505658,0.02112230844795704,30.292666887815017,0.9264830119412321,ok,located,false
qwen2511_class_word_greenbbox_oracle_1pct,potion_x_crate_cov50_1,1,potion_x_crate,0.5,cov50,0.505658,0.015404095873236656,35.55677661087319,0.9462089872996152,ok,located,false
qwen2511_class_word_greenbbox_oracle_1pct,potion_x_crate_cov50_1,2,potion_x_crate,0.5,cov50,0.505658,0.01725616306066513,31.692240383634775,0.9363154337122653,ok,located,false
qwen2511_class_word_greenbbox_oracle_1pct,potion_x_crate_cov50_1,3,potion_x_crate,0.5,cov50,0.505658,0.01691267639398575,32.2716706406078,0.9306522852843836,ok,located,true
qwen2511_class_word_greenbbox_oracle_1pct,potion_x_crate_cov50_1,4,potion_x_crate,0.5,cov50,0.505658,0.013245854526758194,32.75351617472025,0.9310385951039626,ok,located,false
qwen2511_class_word_greenbbox_oracle_1pct,potion_x_crate_cov50_2,0,potion_x_crate,0.5,cov50,0.514935,0.022346118465065956,31.9721810858205,0.9503163671648908,ok,located,false
qwen2511_class_word_greenbbox_oracle_1pct,potion_x_crate_cov50_2,1,potion_x_crate,0.5,cov50,0.514935,0.038230739533901215,27.144997395191748,0.9053824060565239,ok,located,false
qwen2511_class_word_greenbbox_oracle_1pct,potion_x_crate_cov50_2,2,potion_x_crate,0.5,cov50,0.514935,0.03240406885743141,27.754055603524517,0.9167184765318539,ok,located,true
qwen2511_class_word_greenbbox_oracle_1pct,potion_x_crate_cov50_2,3,potion_x_crate,0.5,cov50,0.514935,0.015125899575650692,35.041116668775565,0.9565888949087049,ok,located,false
qwen2511_class_word_greenbbox_oracle_1pct,potion_x_crate_cov50_2,4,potion_x_crate,0.5,cov50,0.514935,0.05664416402578354,27.655683601160703,0.9041050438230979,ok,located,false
qwen2511_class_word_greenbbox_oracle_1pct,gem_x_ring_cov30_0,0,gem_x_ring,0.3,cov30,0.299812,0.015419415198266506,26.563297440096214,0.9212942698956256,ok,located,false
qwen2511_class_word_greenbbox_oracle_1pct,gem_x_ring_cov30_0,1,gem_x_ring,0.3,cov30,0.299812,0.01934945583343506,25.4462125219324,0.905390449370188,ok,located,false
qwen2511_class_word_greenbbox_oracle_1pct,gem_x_ring_cov30_0,2,gem_x_ring,0.3,cov30,0.299812,0.013305159285664558,26.616936843728123,0.9176656538403732,ok,located,false
qwen2511_class_word_greenbbox_oracle_1pct,gem_x_ring_cov30_0,3,gem_x_ring,0.3,cov30,0.299812,0.013848699629306793,28.395557615519245,0.9276733954588442,ok,located,false
qwen2511_class_word_greenbbox_oracle_1pct,gem_x_ring_cov30_0,4,gem_x_ring,0.3,cov30,0.299812,0.014868514612317085,26.533569517570484,0.916773147113103,ok,located,true
qwen2511_class_word_greenbbox_oracle_1pct,gem_x_ring_cov30_1,0,gem_x_ring,0.3,cov30,0.287595,0.014554253779351711,23.97277102004889,0.8854556692094301,ok,located,true
qwen2511_class_word_greenbbox_oracle_1pct,gem_x_ring_cov30_1,1,gem_x_ring,0.3,cov30,0.287595,0.017343049868941307,23.64857123196738,0.880441033774331,ok,located,false
qwen2511_class_word_greenbbox_oracle_1pct,gem_x_ring_cov30_1,2,gem_x_ring,0.3,cov30,0.287595,0.012861696071922779,26.686753321122527,0.9205914688694938,ok,located,false
qwen2511_class_word_greenbbox_oracle_1pct,gem_x_ring_cov30_1,3,gem_x_ring,0.3,cov30,0.287595,0.01768307387828827,22.931926364995675,0.8646865515473531,ok,located,false
qwen2511_class_word_greenbbox_oracle_1pct,gem_x_ring_cov30_1,4,gem_x_ring,0.3,cov30,0.287595,0.011259310878813267,27.190500417344605,0.9129350191196478,ok,located,false
qwen2511_class_word_greenbbox_oracle_1pct,gem_x_ring_cov30_2,0,gem_x_ring,0.3,cov30,0.290504,0.01160492654889822,27.813092277859077,0.9326455170681385,ok,located,false
qwen2511_class_word_greenbbox_oracle_1pct,gem_x_ring_cov30_2,1,gem_x_ring,0.3,cov30,0.290504,0.019164176657795906,24.851132672481043,0.9207468169529468,ok,located,true
qwen2511_class_word_greenbbox_oracle_1pct,gem_x_ring_cov30_2,2,gem_x_ring,0.3,cov30,0.290504,0.016753926873207092,24.313399266488943,0.8983794735026267,ok,located,false
qwen2511_class_word_greenbbox_oracle_1pct,gem_x_ring_cov30_2,3,gem_x_ring,0.3,cov30,0.290504,0.01923542283475399,23.41439099537069,0.881368308054126,ok,located,false
qwen2511_class_word_greenbbox_oracle_1pct,gem_x_ring_cov30_2,4,gem_x_ring,0.3,cov30,0.290504,0.024143660441040993,22.70426074715932,0.8784657599467182,ok,located,false
qwen2511_class_word_greenbbox_oracle_1pct,pen_x_book_cov30_0,0,pen_x_book,0.3,cov30,0.310811,0.029099274426698685,31.45925312699688,0.9677824761700143,ok,located,false
qwen2511_class_word_greenbbox_oracle_1pct,pen_x_book_cov30_0,1,pen_x_book,0.3,cov30,0.310811,0.024055859073996544,31.646109096593914,0.9672209690714295,ok,located,false
qwen2511_class_word_greenbbox_oracle_1pct,pen_x_book_cov30_0,2,pen_x_book,0.3,cov30,0.310811,0.02542022615671158,29.974389566202518,0.9677266903974518,ok,located,false
qwen2511_class_word_greenbbox_oracle_1pct,pen_x_book_cov30_0,3,pen_x_book,0.3,cov30,0.310811,0.01938166283071041,31.432546636773306,0.9675055495166857,ok,located,false
qwen2511_class_word_greenbbox_oracle_1pct,pen_x_book_cov30_0,4,pen_x_book,0.3,cov30,0.310811,0.0247780941426754,30.198726665675963,0.9660217825266519,ok,located,true
qwen2511_class_word_greenbbox_oracle_1pct,pen_x_book_cov30_1,0,pen_x_book,0.3,cov30,0.304428,0.025891980156302452,29.46291897576904,0.9377289806717116,ok,located,false
qwen2511_class_word_greenbbox_oracle_1pct,pen_x_book_cov30_1,1,pen_x_book,0.3,cov30,0.304428,0.02581329643726349,29.22165344565954,0.9355662737047411,ok,located,true
qwen2511_class_word_greenbbox_oracle_1pct,pen_x_book_cov30_1,2,pen_x_book,0.3,cov30,0.304428,0.08896970748901367,28.641263538779704,0.9050577300557024,ok,located,false
qwen2511_class_word_greenbbox_oracle_1pct,pen_x_book_cov30_1,3,pen_x_book,0.3,cov30,0.304428,0.019794661551713943,30.542365967827255,0.9408825705352176,ok,located,false
qwen2511_class_word_greenbbox_oracle_1pct,pen_x_book_cov30_1,4,pen_x_book,0.3,cov30,0.304428,0.023787764832377434,29.759129932053987,0.9369377951724746,ok,located,false
qwen2511_class_word_greenbbox_oracle_1pct,pen_x_book_cov30_2,0,pen_x_book,0.3,cov30,0.306125,0.13930505514144897,19.63412579981686,0.8952567168094157,ok,located,false
qwen2511_class_word_greenbbox_oracle_1pct,pen_x_book_cov30_2,1,pen_x_book,0.3,cov30,0.306125,0.015811312943696976,38.20119996200721,0.9733923333247869,ok,located,false
qwen2511_class_word_greenbbox_oracle_1pct,pen_x_book_cov30_2,2,pen_x_book,0.3,cov30,0.306125,0.025899970903992653,33.30364425075549,0.9634001495105172,ok,located,true
qwen2511_class_word_greenbbox_oracle_1pct,pen_x_book_cov30_2,3,pen_x_book,0.3,cov30,0.306125,0.03186573088169098,31.743227122778475,0.9398201065831091,ok,located,false
qwen2511_class_word_greenbbox_oracle_1pct,pen_x_book_cov30_2,4,pen_x_book,0.3,cov30,0.306125,0.01580881141126156,37.7453406005308,0.9749754879789768,ok,located,false
qwen2511_class_word_greenbbox_oracle_1pct,sword_x_shield_cov30_0,0,sword_x_shield,0.3,cov30,0.286166,0.01532407570630312,31.64493013091775,0.9660262063230549,ok,located,false
qwen2511_class_word_greenbbox_oracle_1pct,sword_x_shield_cov30_0,1,sword_x_shield,0.3,cov30,0.286166,0.06605483591556549,24.405589816686796,0.8923797950236745,ok,located,false
qwen2511_class_word_greenbbox_oracle_1pct,sword_x_shield_cov30_0,2,sword_x_shield,0.3,cov30,0.286166,0.028678325936198235,26.70430394837673,0.9242798887976972,ok,located,false
qwen2511_class_word_greenbbox_oracle_1pct,sword_x_shield_cov30_0,3,sword_x_shield,0.3,cov30,0.286166,0.032955389469861984,24.1914725221418,0.8887522234843991,ok,located,true
qwen2511_class_word_greenbbox_oracle_1pct,sword_x_shield_cov30_0,4,sword_x_shield,0.3,cov30,0.286166,0.03470686078071594,26.08732586217442,0.9114082670442802,ok,located,false
qwen2511_class_word_greenbbox_oracle_1pct,sword_x_shield_cov30_1,0,sword_x_shield,0.3,cov30,0.280355,0.021589472889900208,24.174386533471406,0.8910082507967417,ok,located,false
qwen2511_class_word_greenbbox_oracle_1pct,sword_x_shield_cov30_1,1,sword_x_shield,0.3,cov30,0.280355,0.43062108755111694,10.343353139388698,0.5674227965364533,ok,located,false
qwen2511_class_word_greenbbox_oracle_1pct,sword_x_shield_cov30_1,2,sword_x_shield,0.3,cov30,0.280355,0.08989406377077103,19.85874142495526,0.8126092694540814,ok,located,false
qwen2511_class_word_greenbbox_oracle_1pct,sword_x_shield_cov30_1,3,sword_x_shield,0.3,cov30,0.280355,0.029636800289154053,21.7365708925988,0.8598609239511301,ok,located,true
qwen2511_class_word_greenbbox_oracle_1pct,sword_x_shield_cov30_1,4,sword_x_shield,0.3,cov30,0.280355,0.028491396456956863,23.113350728123,0.8584250830978094,ok,located,false
qwen2511_class_word_greenbbox_oracle_1pct,sword_x_shield_cov30_2,0,sword_x_shield,0.3,cov30,0.284125,0.03975371643900871,22.787919679840634,0.8881234467825104,ok,located,false
qwen2511_class_word_greenbbox_oracle_1pct,sword_x_shield_cov30_2,1,sword_x_shield,0.3,cov30,0.284125,0.04190312698483467,24.087283723945255,0.8947964569778136,ok,located,true
qwen2511_class_word_greenbbox_oracle_1pct,sword_x_shield_cov30_2,2,sword_x_shield,0.3,cov30,0.284125,0.0958595871925354,19.363202332768985,0.8282048110054149,ok,located,false
qwen2511_class_word_greenbbox_oracle_1pct,sword_x_shield_cov30_2,3,sword_x_shield,0.3,cov30,0.284125,0.04438941925764084,23.271803793459867,0.8988919273801069,ok,located,false
qwen2511_class_word_greenbbox_oracle_1pct,sword_x_shield_cov30_2,4,sword_x_shield,0.3,cov30,0.284125,0.029123805463314056,26.74014267103439,0.9313430021586252,ok,located,false
qwen2511_class_word_greenbbox_oracle_1pct,hammer_x_anvil_cov30_0,0,hammer_x_anvil,0.3,cov30,0.310627,0.027235254645347595,31.541998050396987,0.9742308571105583,ok,located,false
qwen2511_class_word_greenbbox_oracle_1pct,hammer_x_anvil_cov30_0,1,hammer_x_anvil,0.3,cov30,0.310627,0.024823389947414398,29.79868990215416,0.9643936939509499,ok,located,false
qwen2511_class_word_greenbbox_oracle_1pct,hammer_x_anvil_cov30_0,2,hammer_x_anvil,0.3,cov30,0.310627,0.018148191273212433,31.372235577929,0.975898555613646,ok,located,false
qwen2511_class_word_greenbbox_oracle_1pct,hammer_x_anvil_cov30_0,3,hammer_x_anvil,0.3,cov30,0.310627,0.018832817673683167,29.850480784443004,0.9683202654783769,ok,located,false
qwen2511_class_word_greenbbox_oracle_1pct,hammer_x_anvil_cov30_0,4,hammer_x_anvil,0.3,cov30,0.310627,0.021627288311719894,30.633681634615378,0.967807553192484,ok,located,true
qwen2511_class_word_greenbbox_oracle_1pct,hammer_x_anvil_cov30_1,0,hammer_x_anvil,0.3,cov30,0.280833,0.03851110860705376,26.75409813978121,0.9435505645600321,ok,located,false
qwen2511_class_word_greenbbox_oracle_1pct,hammer_x_anvil_cov30_1,1,hammer_x_anvil,0.3,cov30,0.280833,0.028370987623929977,29.547719677510273,0.9538715660013798,ok,located,false
qwen2511_class_word_greenbbox_oracle_1pct,hammer_x_anvil_cov30_1,2,hammer_x_anvil,0.3,cov30,0.280833,0.038606949150562286,27.078506889256428,0.9471503893986121,ok,located,true
qwen2511_class_word_greenbbox_oracle_1pct,hammer_x_anvil_cov30_1,3,hammer_x_anvil,0.3,cov30,0.280833,0.04131823033094406,26.809859298819823,0.9388341133493422,ok,located,false
qwen2511_class_word_greenbbox_oracle_1pct,hammer_x_anvil_cov30_1,4,hammer_x_anvil,0.3,cov30,0.280833,0.03886962682008743,27.19624705736816,0.9400857242300974,ok,located,false
qwen2511_class_word_greenbbox_oracle_1pct,hammer_x_anvil_cov30_2,0,hammer_x_anvil,0.3,cov30,0.306076,0.01749487966299057,32.87892029680931,0.9668986237416674,ok,located,true
qwen2511_class_word_greenbbox_oracle_1pct,hammer_x_anvil_cov30_2,1,hammer_x_anvil,0.3,cov30,0.306076,0.5518997311592102,10.602309213911738,0.5311184031877694,ok,located,false
qwen2511_class_word_greenbbox_oracle_1pct,hammer_x_anvil_cov30_2,2,hammer_x_anvil,0.3,cov30,0.306076,0.014943797141313553,33.65779561062944,0.9709406229701224,ok,located,false
qwen2511_class_word_greenbbox_oracle_1pct,hammer_x_anvil_cov30_2,3,hammer_x_anvil,0.3,cov30,0.306076,0.5550104379653931,10.564443539778047,0.5290018693073416,ok,located,false
qwen2511_class_word_greenbbox_oracle_1pct,hammer_x_anvil_cov30_2,4,hammer_x_anvil,0.3,cov30,0.306076,0.013048460707068443,34.24252691084948,0.9681493826522036,ok,located,false
qwen2511_class_word_greenbbox_oracle_2pct,emblem_x_banner_cov50_0,0,emblem_x_banner,0.5,cov50,0.497214,0.01550443097949028,34.80414183406084,0.958130572643222,ok,located,false
qwen2511_class_word_greenbbox_oracle_2pct,emblem_x_banner_cov50_0,1,emblem_x_banner,0.5,cov50,0.497214,0.018416400998830795,34.9687377688257,0.9594502962488974,ok,located,false
qwen2511_class_word_greenbbox_oracle_2pct,emblem_x_banner_cov50_0,2,emblem_x_banner,0.5,cov50,0.497214,0.027308791875839233,30.175702946011455,0.9482552649613164,ok,located,false
qwen2511_class_word_greenbbox_oracle_2pct,emblem_x_banner_cov50_0,3,emblem_x_banner,0.5,cov50,0.497214,0.02192731387913227,30.975981714135212,0.9522086684650178,ok,located,true
qwen2511_class_word_greenbbox_oracle_2pct,emblem_x_banner_cov50_0,4,emblem_x_banner,0.5,cov50,0.497214,0.022811800241470337,29.274342412983103,0.9406076555808939,ok,located,false
qwen2511_class_word_greenbbox_oracle_2pct,emblem_x_banner_cov50_1,0,emblem_x_banner,0.5,cov50,0.486007,0.019182350486516953,33.85239289779558,0.9635682067180936,ok,located,false
qwen2511_class_word_greenbbox_oracle_2pct,emblem_x_banner_cov50_1,1,emblem_x_banner,0.5,cov50,0.486007,0.02090407721698284,30.789951951523264,0.9590348159181392,ok,located,false
qwen2511_class_word_greenbbox_oracle_2pct,emblem_x_banner_cov50_1,2,emblem_x_banner,0.5,cov50,0.486007,0.01509396918118,31.074021170497048,0.966073388370457,ok,located,true
qwen2511_class_word_greenbbox_oracle_2pct,emblem_x_banner_cov50_1,3,emblem_x_banner,0.5,cov50,0.486007,0.013109809719026089,31.872216518659332,0.9632560224536949,ok,located,false
qwen2511_class_word_greenbbox_oracle_2pct,emblem_x_banner_cov50_1,4,emblem_x_banner,0.5,cov50,0.486007,0.01363581046462059,33.865059467276424,0.9602375353152972,ok,located,false
qwen2511_class_word_greenbbox_oracle_2pct,emblem_x_banner_cov50_2,0,emblem_x_banner,0.5,cov50,0.505033,0.03249100595712662,30.469527341242355,0.9524261336460258,ok,located,true
qwen2511_class_word_greenbbox_oracle_2pct,emblem_x_banner_cov50_2,1,emblem_x_banner,0.5,cov50,0.505033,0.03896741941571236,25.685602873194085,0.92507435683794,ok,located,false
qwen2511_class_word_greenbbox_oracle_2pct,emblem_x_banner_cov50_2,2,emblem_x_banner,0.5,cov50,0.505033,0.049081336706876755,26.628359778045898,0.9432289699358082,ok,located,false
qwen2511_class_word_greenbbox_oracle_2pct,emblem_x_banner_cov50_2,3,emblem_x_banner,0.5,cov50,0.505033,0.026316147297620773,29.478149619970992,0.9503896230206493,ok,located,false
qwen2511_class_word_greenbbox_oracle_2pct,emblem_x_banner_cov50_2,4,emblem_x_banner,0.5,cov50,0.505033,0.02765635773539543,29.24575346663687,0.9478992174520361,ok,located,false
qwen2511_class_word_greenbbox_oracle_2pct,food_x_plate_cov70_0,0,food_x_plate,0.7,cov70,0.713963,0.03798175975680351,33.70949903617263,0.9614288842290564,ok,located,true
qwen2511_class_word_greenbbox_oracle_2pct,food_x_plate_cov70_0,1,food_x_plate,0.7,cov70,0.713963,0.036196522414684296,33.18626431769039,0.9595178594844652,ok,located,false
qwen2511_class_word_greenbbox_oracle_2pct,food_x_plate_cov70_0,2,food_x_plate,0.7,cov70,0.713963,0.04336950555443764,32.19610945790045,0.9643074302992459,ok,located,false
qwen2511_class_word_greenbbox_oracle_2pct,food_x_plate_cov70_0,3,food_x_plate,0.7,cov70,0.713963,0.05646795034408569,29.07558612259889,0.9468135328047311,ok,located,false
qwen2511_class_word_greenbbox_oracle_2pct,food_x_plate_cov70_0,4,food_x_plate,0.7,cov70,0.713963,0.03637756034731865,32.27656467645946,0.9599280687503007,ok,located,false
qwen2511_class_word_greenbbox_oracle_2pct,food_x_plate_cov70_1,0,food_x_plate,0.7,cov70,0.695275,0.024028435349464417,29.154893130788942,0.9514026214918175,ok,located,false
qwen2511_class_word_greenbbox_oracle_2pct,food_x_plate_cov70_1,1,food_x_plate,0.7,cov70,0.695275,0.030139202252030373,29.240017469262124,0.9463865683375327,ok,located,true
qwen2511_class_word_greenbbox_oracle_2pct,food_x_plate_cov70_1,2,food_x_plate,0.7,cov70,0.695275,0.05216708779335022,24.503066343502653,0.9169039914843152,ok,located,false
qwen2511_class_word_greenbbox_oracle_2pct,food_x_plate_cov70_1,3,food_x_plate,0.7,cov70,0.695275,0.04790152981877327,26.26916955412915,0.9372242912911802,ok,located,false
qwen2511_class_word_greenbbox_oracle_2pct,food_x_plate_cov70_1,4,food_x_plate,0.7,cov70,0.695275,0.030049804598093033,28.17315661608731,0.9466379736247602,ok,located,false
qwen2511_class_word_greenbbox_oracle_2pct,food_x_plate_cov70_2,0,food_x_plate,0.7,cov70,0.695829,0.014596548862755299,31.147831007127763,0.9663339500005556,ok,located,false
qwen2511_class_word_greenbbox_oracle_2pct,food_x_plate_cov70_2,1,food_x_plate,0.7,cov70,0.695829,0.025613347068428993,26.700884451576556,0.9386003199989087,ok,located,false
qwen2511_class_word_greenbbox_oracle_2pct,food_x_plate_cov70_2,2,food_x_plate,0.7,cov70,0.695829,0.015879344195127487,29.750545745360743,0.9575975789834082,ok,located,true
qwen2511_class_word_greenbbox_oracle_2pct,food_x_plate_cov70_2,3,food_x_plate,0.7,cov70,0.695829,0.023269202560186386,29.653116150774647,0.9589174286076533,ok,located,false
qwen2511_class_word_greenbbox_oracle_2pct,food_x_plate_cov70_2,4,food_x_plate,0.7,cov70,0.695829,0.015621626749634743,30.295254611057185,0.9612417436575885,ok,located,false
qwen2511_class_word_greenbbox_oracle_2pct,coin_x_chest_cov70_0,0,coin_x_chest,0.7,cov70,0.7127,0.9043166637420654,7.677685429233679,0.31532284726949134,roi_failure,target_bbox_fallback,false
qwen2511_class_word_greenbbox_oracle_2pct,coin_x_chest_cov70_0,1,coin_x_chest,0.7,cov70,0.7127,0.1770193725824356,17.200831502003656,0.6574101532384685,ok,located,false
qwen2511_class_word_greenbbox_oracle_2pct,coin_x_chest_cov70_0,2,coin_x_chest,0.7,cov70,0.7127,0.15972374379634857,17.28121961542932,0.6767091863036847,ok,located,false
qwen2511_class_word_greenbbox_oracle_2pct,coin_x_chest_cov70_0,3,coin_x_chest,0.7,cov70,0.7127,0.1628275215625763,16.795030544422442,0.6001656747827563,ok,located,true
qwen2511_class_word_greenbbox_oracle_2pct,coin_x_chest_cov70_0,4,coin_x_chest,0.7,cov70,0.7127,0.10932240635156631,19.37293682363514,0.7591736331686972,ok,located,false
qwen2511_class_word_greenbbox_oracle_2pct,coin_x_chest_cov70_1,0,coin_x_chest,0.7,cov70,0.709374,0.9595321416854858,7.729310781972644,0.24655542459240806,roi_failure,target_bbox_fallback,false
qwen2511_class_word_greenbbox_oracle_2pct,coin_x_chest_cov70_1,1,coin_x_chest,0.7,cov70,0.709374,0.19318172335624695,17.329152012391674,0.6491701428685347,ok,located,false
qwen2511_class_word_greenbbox_oracle_2pct,coin_x_chest_cov70_1,2,coin_x_chest,0.7,cov70,0.709374,0.1729125827550888,17.33532858367955,0.627472455381716,ok,located,true
qwen2511_class_word_greenbbox_oracle_2pct,coin_x_chest_cov70_1,3,coin_x_chest,0.7,cov70,0.709374,0.15696361660957336,18.06154457132446,0.7198641438935,ok,located,false
qwen2511_class_word_greenbbox_oracle_2pct,coin_x_chest_cov70_1,4,coin_x_chest,0.7,cov70,0.709374,0.13060510158538818,18.090059529075496,0.6912283953770563,ok,located,false
qwen2511_class_word_greenbbox_oracle_2pct,coin_x_chest_cov70_2,0,coin_x_chest,0.7,cov70,0.707081,0.9760305881500244,7.227254756422166,0.18180298073447618,roi_failure,target_bbox_fallback,false
qwen2511_class_word_greenbbox_oracle_2pct,coin_x_chest_cov70_2,1,coin_x_chest,0.7,cov70,0.707081,0.14798609912395477,18.177784172578907,0.7032841176084368,ok,located,true
qwen2511_class_word_greenbbox_oracle_2pct,coin_x_chest_cov70_2,2,coin_x_chest,0.7,cov70,0.707081,0.13576601445674896,18.556681469305754,0.7235839583045246,ok,located,false
qwen2511_class_word_greenbbox_oracle_2pct,coin_x_chest_cov70_2,3,coin_x_chest,0.7,cov70,0.707081,0.16366180777549744,18.210639689621818,0.6717246586128719,ok,located,false
qwen2511_class_word_greenbbox_oracle_2pct,coin_x_chest_cov70_2,4,coin_x_chest,0.7,cov70,0.707081,0.13944712281227112,17.785360946868735,0.6486527766466489,ok,located,false
qwen2511_class_word_greenbbox_oracle_2pct,key_x_lock_cov50_0,0,key_x_lock,0.5,cov50,0.485743,0.11619139462709427,20.698362241543492,0.9211581659734381,ok,located,false
qwen2511_class_word_greenbbox_oracle_2pct,key_x_lock_cov50_0,1,key_x_lock,0.5,cov50,0.485743,0.10832089930772781,20.367680165059376,0.932847702957443,ok,located,false
qwen2511_class_word_greenbbox_oracle_2pct,key_x_lock_cov50_0,2,key_x_lock,0.5,cov50,0.485743,0.10812772810459137,21.033149490584464,0.9334127730543024,ok,located,false
qwen2511_class_word_greenbbox_oracle_2pct,key_x_lock_cov50_0,3,key_x_lock,0.5,cov50,0.485743,0.1147271990776062,21.005996628784693,0.9348385652324064,ok,located,false
qwen2511_class_word_greenbbox_oracle_2pct,key_x_lock_cov50_0,4,key_x_lock,0.5,cov50,0.485743,0.11058066785335541,20.822684955004718,0.9315759988143713,ok,located,true
qwen2511_class_word_greenbbox_oracle_2pct,key_x_lock_cov50_1,0,key_x_lock,0.5,cov50,0.498359,0.11287020146846771,21.24240143792949,0.8524787030471175,ok,located,true
qwen2511_class_word_greenbbox_oracle_2pct,key_x_lock_cov50_1,1,key_x_lock,0.5,cov50,0.498359,0.12522900104522705,20.062209735965048,0.8083760269923741,ok,located,false
qwen2511_class_word_greenbbox_oracle_2pct,key_x_lock_cov50_1,2,key_x_lock,0.5,cov50,0.498359,0.11174409091472626,21.528238038822582,0.8543617507879494,ok,located,false
qwen2511_class_word_greenbbox_oracle_2pct,key_x_lock_cov50_1,3,key_x_lock,0.5,cov50,0.498359,0.11980520933866501,20.768995326568135,0.8277391820980095,ok,located,false
qwen2511_class_word_greenbbox_oracle_2pct,key_x_lock_cov50_1,4,key_x_lock,0.5,cov50,0.498359,0.10944894701242447,21.511704064167873,0.8575720965071879,ok,located,false
qwen2511_class_word_greenbbox_oracle_2pct,key_x_lock_cov50_2,0,key_x_lock,0.5,cov50,0.511836,0.10341780632734299,22.145500634630594,0.9360668374199167,ok,located,false
qwen2511_class_word_greenbbox_oracle_2pct,key_x_lock_cov50_2,1,key_x_lock,0.5,cov50,0.511836,0.1016804650425911,22.146477322987685,0.9346756946798501,ok,located,true
qwen2511_class_word_greenbbox_oracle_2pct,key_x_lock_cov50_2,2,key_x_lock,0.5,cov50,0.511836,0.10069045424461365,22.339113819711205,0.9415462493353273,ok,located,false
qwen2511_class_word_greenbbox_oracle_2pct,key_x_lock_cov50_2,3,key_x_lock,0.5,cov50,0.511836,0.10196316242218018,22.45129178512844,0.9371395755877562,ok,located,false
qwen2511_class_word_greenbbox_oracle_2pct,key_x_lock_cov50_2,4,key_x_lock,0.5,cov50,0.511836,0.09881642460823059,22.359896446823065,0.9414675336405681,ok,located,false
qwen2511_class_word_greenbbox_oracle_2pct,potion_x_crate_cov50_0,0,potion_x_crate,0.5,cov50,0.518319,0.0420527458190918,25.821094439134097,0.8726575428754194,ok,located,true
qwen2511_class_word_greenbbox_oracle_2pct,potion_x_crate_cov50_0,1,potion_x_crate,0.5,cov50,0.518319,0.03261920064687729,27.73639735269115,0.8915356697694469,ok,located,false
qwen2511_class_word_greenbbox_oracle_2pct,potion_x_crate_cov50_0,2,potion_x_crate,0.5,cov50,0.518319,0.06249358505010605,26.258938629961882,0.8853934303733494,ok,located,false
qwen2511_class_word_greenbbox_oracle_2pct,potion_x_crate_cov50_0,3,potion_x_crate,0.5,cov50,0.518319,0.036202866584062576,26.46133022676741,0.8846420902386645,ok,located,false
qwen2511_class_word_greenbbox_oracle_2pct,potion_x_crate_cov50_0,4,potion_x_crate,0.5,cov50,0.518319,0.04738243669271469,26.028331698072314,0.8705590076980556,ok,located,false
qwen2511_class_word_greenbbox_oracle_2pct,potion_x_crate_cov50_1,0,potion_x_crate,0.5,cov50,0.505658,0.0216843094676733,30.30425184281725,0.927472012990071,ok,located,false
qwen2511_class_word_greenbbox_oracle_2pct,potion_x_crate_cov50_1,1,potion_x_crate,0.5,cov50,0.505658,0.01800331473350525,34.946608111891116,0.9445444122834492,ok,located,true
qwen2511_class_word_greenbbox_oracle_2pct,potion_x_crate_cov50_1,2,potion_x_crate,0.5,cov50,0.505658,0.017012566328048706,31.614014424476412,0.9334200699816223,ok,located,false
qwen2511_class_word_greenbbox_oracle_2pct,potion_x_crate_cov50_1,3,potion_x_crate,0.5,cov50,0.505658,0.01848655939102173,31.833857573747046,0.9282174780145783,ok,located,false
qwen2511_class_word_greenbbox_oracle_2pct,potion_x_crate_cov50_1,4,potion_x_crate,0.5,cov50,0.505658,0.013129161670804024,32.595521058649425,0.9291795098535561,ok,located,false
qwen2511_class_word_greenbbox_oracle_2pct,potion_x_crate_cov50_2,0,potion_x_crate,0.5,cov50,0.514935,0.021626053377985954,31.6418765302438,0.9460598646370867,ok,located,false
qwen2511_class_word_greenbbox_oracle_2pct,potion_x_crate_cov50_2,1,potion_x_crate,0.5,cov50,0.514935,0.0399816520512104,26.992857123986617,0.9026653761476718,ok,located,false
qwen2511_class_word_greenbbox_oracle_2pct,potion_x_crate_cov50_2,2,potion_x_crate,0.5,cov50,0.514935,0.033928629010915756,27.75801785498173,0.9150312797621997,ok,located,true
qwen2511_class_word_greenbbox_oracle_2pct,potion_x_crate_cov50_2,3,potion_x_crate,0.5,cov50,0.514935,0.01607012003660202,34.77122926074657,0.9560546591097512,ok,located,false
qwen2511_class_word_greenbbox_oracle_2pct,potion_x_crate_cov50_2,4,potion_x_crate,0.5,cov50,0.514935,0.06344425678253174,27.39955921175801,0.8996549229599685,ok,located,false
qwen2511_class_word_greenbbox_oracle_2pct,gem_x_ring_cov30_0,0,gem_x_ring,0.3,cov30,0.299812,0.022658994421362877,23.017842464597962,0.8648832264785963,ok,located,false
qwen2511_class_word_greenbbox_oracle_2pct,gem_x_ring_cov30_0,1,gem_x_ring,0.3,cov30,0.299812,0.018134500831365585,24.517968730717183,0.8940151163763289,ok,located,false
qwen2511_class_word_greenbbox_oracle_2pct,gem_x_ring_cov30_0,2,gem_x_ring,0.3,cov30,0.299812,0.012756477110087872,26.574874522447498,0.9187783916564592,ok,located,false
qwen2511_class_word_greenbbox_oracle_2pct,gem_x_ring_cov30_0,3,gem_x_ring,0.3,cov30,0.299812,0.013552818447351456,28.22151443621741,0.9265748389368649,ok,located,false
qwen2511_class_word_greenbbox_oracle_2pct,gem_x_ring_cov30_0,4,gem_x_ring,0.3,cov30,0.299812,0.01395200565457344,26.854927334043186,0.9183514257295767,ok,located,true
qwen2511_class_word_greenbbox_oracle_2pct,gem_x_ring_cov30_1,0,gem_x_ring,0.3,cov30,0.287595,0.015878736972808838,23.56993739871961,0.8755917932907286,ok,located,false
qwen2511_class_word_greenbbox_oracle_2pct,gem_x_ring_cov30_1,1,gem_x_ring,0.3,cov30,0.287595,0.014617640525102615,25.215124446359717,0.9025609602711434,ok,located,true
qwen2511_class_word_greenbbox_oracle_2pct,gem_x_ring_cov30_1,2,gem_x_ring,0.3,cov30,0.287595,0.012654970400035381,27.05807751694259,0.9201551006505517,ok,located,false
qwen2511_class_word_greenbbox_oracle_2pct,gem_x_ring_cov30_1,3,gem_x_ring,0.3,cov30,0.287595,0.01956859789788723,22.65836123949488,0.8487366023128544,ok,located,false
qwen2511_class_word_greenbbox_oracle_2pct,gem_x_ring_cov30_1,4,gem_x_ring,0.3,cov30,0.287595,0.012299327179789543,26.69939891930334,0.9050011269712498,ok,located,false
qwen2511_class_word_greenbbox_oracle_2pct,gem_x_ring_cov30_2,0,gem_x_ring,0.3,cov30,0.290504,0.012601252645254135,27.45990171857887,0.9270517435748987,ok,located,false
qwen2511_class_word_greenbbox_oracle_2pct,gem_x_ring_cov30_2,1,gem_x_ring,0.3,cov30,0.290504,0.022821102291345596,22.995806303991206,0.8860171523607399,ok,located,false
qwen2511_class_word_greenbbox_oracle_2pct,gem_x_ring_cov30_2,2,gem_x_ring,0.3,cov30,0.290504,0.017742086201906204,23.626615188092522,0.8864706382434892,ok,located,false
qwen2511_class_word_greenbbox_oracle_2pct,gem_x_ring_cov30_2,3,gem_x_ring,0.3,cov30,0.290504,0.018710074946284294,23.30295514340738,0.8743130013368882,ok,located,true
qwen2511_class_word_greenbbox_oracle_2pct,gem_x_ring_cov30_2,4,gem_x_ring,0.3,cov30,0.290504,0.02117486670613289,22.974319409948446,0.872659151357563,ok,located,false
qwen2511_class_word_greenbbox_oracle_2pct,pen_x_book_cov30_0,0,pen_x_book,0.3,cov30,0.310811,0.027323532849550247,31.45780017633558,0.9678407984035391,ok,located,false
qwen2511_class_word_greenbbox_oracle_2pct,pen_x_book_cov30_0,1,pen_x_book,0.3,cov30,0.310811,0.026048848405480385,31.238694558362504,0.9661304611989271,ok,located,true
qwen2511_class_word_greenbbox_oracle_2pct,pen_x_book_cov30_0,2,pen_x_book,0.3,cov30,0.310811,0.028905734419822693,29.564671923633618,0.9647604688611979,ok,located,false
qwen2511_class_word_greenbbox_oracle_2pct,pen_x_book_cov30_0,3,pen_x_book,0.3,cov30,0.310811,0.019015448167920113,31.290855050871855,0.9679847855450913,ok,located,false
qwen2511_class_word_greenbbox_oracle_2pct,pen_x_book_cov30_0,4,pen_x_book,0.3,cov30,0.310811,0.024522121995687485,30.127193258226598,0.9662825047823606,ok,located,false
qwen2511_class_word_greenbbox_oracle_2pct,pen_x_book_cov30_1,0,pen_x_book,0.3,cov30,0.304428,0.027260195463895798,29.543971471974157,0.9367190947749817,ok,located,true
qwen2511_class_word_greenbbox_oracle_2pct,pen_x_book_cov30_1,1,pen_x_book,0.3,cov30,0.304428,0.02731259912252426,28.777556807071058,0.9246476421577056,ok,located,false
qwen2511_class_word_greenbbox_oracle_2pct,pen_x_book_cov30_1,2,pen_x_book,0.3,cov30,0.304428,0.09074963629245758,28.289874522465496,0.9017320333918826,ok,located,false
qwen2511_class_word_greenbbox_oracle_2pct,pen_x_book_cov30_1,3,pen_x_book,0.3,cov30,0.304428,0.01855425536632538,31.51973288622085,0.951414567523286,ok,located,false
qwen2511_class_word_greenbbox_oracle_2pct,pen_x_book_cov30_1,4,pen_x_book,0.3,cov30,0.304428,0.02524309605360031,29.73850507687663,0.9352671721999921,ok,located,false
qwen2511_class_word_greenbbox_oracle_2pct,pen_x_book_cov30_2,0,pen_x_book,0.3,cov30,0.306125,0.5962627530097961,11.309309470105049,0.4778543469688175,ok,located,false
qwen2511_class_word_greenbbox_oracle_2pct,pen_x_book_cov30_2,1,pen_x_book,0.3,cov30,0.306125,0.01472405157983303,38.32119159919468,0.9725226845225752,ok,located,false
qwen2511_class_word_greenbbox_oracle_2pct,pen_x_book_cov30_2,2,pen_x_book,0.3,cov30,0.306125,0.03417716920375824,31.954755016835172,0.9440749897722892,ok,located,false
qwen2511_class_word_greenbbox_oracle_2pct,pen_x_book_cov30_2,3,pen_x_book,0.3,cov30,0.306125,0.03134877607226372,31.70466081470769,0.9393439917111777,ok,located,true
qwen2511_class_word_greenbbox_oracle_2pct,pen_x_book_cov30_2,4,pen_x_book,0.3,cov30,0.306125,0.015009589493274689,37.906149113487544,0.9743824504181232,ok,located,false
qwen2511_class_word_greenbbox_oracle_2pct,sword_x_shield_cov30_0,0,sword_x_shield,0.3,cov30,0.286166,0.02358992211520672,30.338923331774303,0.962071448792898,ok,located,false
qwen2511_class_word_greenbbox_oracle_2pct,sword_x_shield_cov30_0,1,sword_x_shield,0.3,cov30,0.286166,0.06737644225358963,24.03627185546627,0.8901881716207446,ok,located,false
qwen2511_class_word_greenbbox_oracle_2pct,sword_x_shield_cov30_0,2,sword_x_shield,0.3,cov30,0.286166,0.05836553871631622,26.23262037699639,0.9176448031808052,ok,located,false
qwen2511_class_word_greenbbox_oracle_2pct,sword_x_shield_cov30_0,3,sword_x_shield,0.3,cov30,0.286166,0.04554951563477516,24.05468834986663,0.8831749628421258,ok,located,true
qwen2511_class_word_greenbbox_oracle_2pct,sword_x_shield_cov30_0,4,sword_x_shield,0.3,cov30,0.286166,0.03754255175590515,25.287822867151935,0.9103512042369859,ok,located,false
qwen2511_class_word_greenbbox_oracle_2pct,sword_x_shield_cov30_1,0,sword_x_shield,0.3,cov30,0.280355,0.7704173922538757,7.645529639518847,0.40920341620989115,roi_failure,target_bbox_fallback,false
qwen2511_class_word_greenbbox_oracle_2pct,sword_x_shield_cov30_1,1,sword_x_shield,0.3,cov30,0.280355,0.43139949440956116,10.356640456179662,0.5655025046997749,ok,located,false
qwen2511_class_word_greenbbox_oracle_2pct,sword_x_shield_cov30_1,2,sword_x_shield,0.3,cov30,0.280355,0.10927925258874893,19.822766107491226,0.8061167346818641,ok,located,true
qwen2511_class_word_greenbbox_oracle_2pct,sword_x_shield_cov30_1,3,sword_x_shield,0.3,cov30,0.280355,0.03356095030903816,21.39095959285356,0.8340359004523834,ok,located,false
qwen2511_class_word_greenbbox_oracle_2pct,sword_x_shield_cov30_1,4,sword_x_shield,0.3,cov30,0.280355,0.024204548448324203,22.661869320298646,0.8501522496423705,ok,located,false
qwen2511_class_word_greenbbox_oracle_2pct,sword_x_shield_cov30_2,0,sword_x_shield,0.3,cov30,0.284125,0.04047297686338425,22.800683124255535,0.8844109371629001,ok,located,true
qwen2511_class_word_greenbbox_oracle_2pct,sword_x_shield_cov30_2,1,sword_x_shield,0.3,cov30,0.284125,0.06395088881254196,23.656792883631933,0.8963199797259485,ok,located,false
qwen2511_class_word_greenbbox_oracle_2pct,sword_x_shield_cov30_2,2,sword_x_shield,0.3,cov30,0.284125,0.08767193555831909,18.922612676231036,0.8201662218525191,ok,located,false
qwen2511_class_word_greenbbox_oracle_2pct,sword_x_shield_cov30_2,3,sword_x_shield,0.3,cov30,0.284125,0.04011482000350952,23.225296686317705,0.8947789046857757,ok,located,false
qwen2511_class_word_greenbbox_oracle_2pct,sword_x_shield_cov30_2,4,sword_x_shield,0.3,cov30,0.284125,0.021505238488316536,28.54273543208048,0.9524837742684312,ok,located,false
qwen2511_class_word_greenbbox_oracle_2pct,hammer_x_anvil_cov30_0,0,hammer_x_anvil,0.3,cov30,0.310627,0.027484644204378128,31.110256902162213,0.970013480662366,ok,located,false
qwen2511_class_word_greenbbox_oracle_2pct,hammer_x_anvil_cov30_0,1,hammer_x_anvil,0.3,cov30,0.310627,0.027406789362430573,30.321797540091396,0.9610711174617559,ok,located,false
qwen2511_class_word_greenbbox_oracle_2pct,hammer_x_anvil_cov30_0,2,hammer_x_anvil,0.3,cov30,0.310627,0.019473694264888763,31.516888381859744,0.9728557472402163,ok,located,false
qwen2511_class_word_greenbbox_oracle_2pct,hammer_x_anvil_cov30_0,3,hammer_x_anvil,0.3,cov30,0.310627,0.01862683892250061,30.128896077571497,0.9649678068034535,ok,located,false
qwen2511_class_word_greenbbox_oracle_2pct,hammer_x_anvil_cov30_0,4,hammer_x_anvil,0.3,cov30,0.310627,0.026439065113663673,30.655295663698116,0.9617405373088846,ok,located,true
qwen2511_class_word_greenbbox_oracle_2pct,hammer_x_anvil_cov30_1,0,hammer_x_anvil,0.3,cov30,0.280833,0.0376129187643528,26.763952993744606,0.9440236437967245,ok,located,false
qwen2511_class_word_greenbbox_oracle_2pct,hammer_x_anvil_cov30_1,1,hammer_x_anvil,0.3,cov30,0.280833,0.566312313079834,9.939999071756313,0.5180475985230625,ok,located,false
qwen2511_class_word_greenbbox_oracle_2pct,hammer_x_anvil_cov30_1,2,hammer_x_anvil,0.3,cov30,0.280833,0.038987889885902405,27.0582968312845,0.946519833393736,ok,located,true
qwen2511_class_word_greenbbox_oracle_2pct,hammer_x_anvil_cov30_1,3,hammer_x_anvil,0.3,cov30,0.280833,0.5801911354064941,9.835382631081762,0.5111359845489307,ok,located,false
qwen2511_class_word_greenbbox_oracle_2pct,hammer_x_anvil_cov30_1,4,hammer_x_anvil,0.3,cov30,0.280833,0.016597406938672066,32.13710831356308,0.9653234558476641,ok,located,false
qwen2511_class_word_greenbbox_oracle_2pct,hammer_x_anvil_cov30_2,0,hammer_x_anvil,0.3,cov30,0.306076,0.019194811582565308,34.3612252014603,0.9712714523894279,ok,located,true
qwen2511_class_word_greenbbox_oracle_2pct,hammer_x_anvil_cov30_2,1,hammer_x_anvil,0.3,cov30,0.306076,0.5522093176841736,10.623618885637981,0.5291687992381543,ok,located,false
qwen2511_class_word_greenbbox_oracle_2pct,hammer_x_anvil_cov30_2,2,hammer_x_anvil,0.3,cov30,0.306076,0.0169094018638134,33.451624223864194,0.9706115340045937,ok,located,false
qwen2511_class_word_greenbbox_oracle_2pct,hammer_x_anvil_cov30_2,3,hammer_x_anvil,0.3,cov30,0.306076,0.5516414642333984,10.598301603159737,0.5254509197805987,ok,located,false
qwen2511_class_word_greenbbox_oracle_2pct,hammer_x_anvil_cov30_2,4,hammer_x_anvil,0.3,cov30,0.306076,0.0151860062032938,33.52597155172737,0.9645160222723089,ok,located,false
flux2_class_word_noise_mask_oracle_0pct,emblem_x_banner_cov50_0,0,emblem_x_banner,0.5,cov50,0.497214,0.18907777965068817,16.90570033744319,0.8597149840694295,ok,located,false
flux2_class_word_noise_mask_oracle_0pct,emblem_x_banner_cov50_0,1,emblem_x_banner,0.5,cov50,0.497214,0.21909169852733612,14.611625755536208,0.8171893393804178,ok,located,false
flux2_class_word_noise_mask_oracle_0pct,emblem_x_banner_cov50_0,2,emblem_x_banner,0.5,cov50,0.497214,0.2196113020181656,14.49682715945291,0.816912826603368,ok,located,false
flux2_class_word_noise_mask_oracle_0pct,emblem_x_banner_cov50_0,3,emblem_x_banner,0.5,cov50,0.497214,0.21863722801208496,14.603426984300352,0.8173269025028439,ok,located,true
flux2_class_word_noise_mask_oracle_0pct,emblem_x_banner_cov50_0,4,emblem_x_banner,0.5,cov50,0.497214,0.20244941115379333,15.144413775647838,0.8303559924603178,ok,located,false
flux2_class_word_noise_mask_oracle_0pct,emblem_x_banner_cov50_1,0,emblem_x_banner,0.5,cov50,0.486007,0.16207370162010193,15.215423892224,0.8637577354717317,ok,located,false
flux2_class_word_noise_mask_oracle_0pct,emblem_x_banner_cov50_1,1,emblem_x_banner,0.5,cov50,0.486007,0.1636362224817276,16.451657905545662,0.8790020284555871,ok,located,false
flux2_class_word_noise_mask_oracle_0pct,emblem_x_banner_cov50_1,2,emblem_x_banner,0.5,cov50,0.486007,0.18828247487545013,14.531376513013804,0.8396745078740541,ok,located,false
flux2_class_word_noise_mask_oracle_0pct,emblem_x_banner_cov50_1,3,emblem_x_banner,0.5,cov50,0.486007,0.17138808965682983,16.034806078100903,0.8721114812151213,ok,located,true
flux2_class_word_noise_mask_oracle_0pct,emblem_x_banner_cov50_1,4,emblem_x_banner,0.5,cov50,0.486007,0.17153780162334442,15.388255630618868,0.855977007453253,ok,located,false
flux2_class_word_noise_mask_oracle_0pct,emblem_x_banner_cov50_2,0,emblem_x_banner,0.5,cov50,0.505033,0.21955887973308563,15.261819257082486,0.8339092456772335,ok,located,false
flux2_class_word_noise_mask_oracle_0pct,emblem_x_banner_cov50_2,1,emblem_x_banner,0.5,cov50,0.505033,0.2996457517147064,12.489132814527217,0.7420812901947018,ok,located,false
flux2_class_word_noise_mask_oracle_0pct,emblem_x_banner_cov50_2,2,emblem_x_banner,0.5,cov50,0.505033,0.29798027873039246,12.531455986719592,0.7427625706394775,ok,located,false
flux2_class_word_noise_mask_oracle_0pct,emblem_x_banner_cov50_2,3,emblem_x_banner,0.5,cov50,0.505033,0.23618730902671814,14.061029593720466,0.8143784911355882,ok,located,true
flux2_class_word_noise_mask_oracle_0pct,emblem_x_banner_cov50_2,4,emblem_x_banner,0.5,cov50,0.505033,0.13699716329574585,24.100558560754187,0.9051236837078412,ok,located,false
flux2_class_word_noise_mask_oracle_0pct,food_x_plate_cov70_0,0,food_x_plate,0.7,cov70,0.713963,0.0696408823132515,25.31940133588689,0.9109958743216288,ok,located,true
flux2_class_word_noise_mask_oracle_0pct,food_x_plate_cov70_0,1,food_x_plate,0.7,cov70,0.713963,0.08203839510679245,23.012670186080364,0.8959471681345509,ok,located,false
flux2_class_word_noise_mask_oracle_0pct,food_x_plate_cov70_0,2,food_x_plate,0.7,cov70,0.713963,0.08343542367219925,26.019698971480466,0.9208668628905453,ok,located,false
flux2_class_word_noise_mask_oracle_0pct,food_x_plate_cov70_0,3,food_x_plate,0.7,cov70,0.713963,0.06812509149312973,25.96519165141459,0.9315739993439007,ok,located,false
flux2_class_word_noise_mask_oracle_0pct,food_x_plate_cov70_0,4,food_x_plate,0.7,cov70,0.713963,0.060938913375139236,27.012336860452283,0.93730962414873,ok,located,false
flux2_class_word_noise_mask_oracle_0pct,food_x_plate_cov70_1,0,food_x_plate,0.7,cov70,0.695275,0.07768731564283371,25.956591951350223,0.904962717508717,ok,located,true
flux2_class_word_noise_mask_oracle_0pct,food_x_plate_cov70_1,1,food_x_plate,0.7,cov70,0.695275,0.06627451628446579,25.240729631346355,0.92358012632584,ok,located,false
flux2_class_word_noise_mask_oracle_0pct,food_x_plate_cov70_1,2,food_x_plate,0.7,cov70,0.695275,0.0811949223279953,26.200357305252858,0.9055274768109604,ok,located,false
flux2_class_word_noise_mask_oracle_0pct,food_x_plate_cov70_1,3,food_x_plate,0.7,cov70,0.695275,0.47637230157852173,8.414247990075754,0.5868807356706776,ok,located,false
flux2_class_word_noise_mask_oracle_0pct,food_x_plate_cov70_1,4,food_x_plate,0.7,cov70,0.695275,0.06438940018415451,26.994128223087554,0.9266451879238833,ok,located,false
flux2_class_word_noise_mask_oracle_0pct,food_x_plate_cov70_2,0,food_x_plate,0.7,cov70,0.695829,0.09430955350399017,17.50450082996074,0.8192505733694144,ok,located,true
flux2_class_word_noise_mask_oracle_0pct,food_x_plate_cov70_2,1,food_x_plate,0.7,cov70,0.695829,0.09156519174575806,17.314118943766907,0.8229891680698452,ok,located,false
flux2_class_word_noise_mask_oracle_0pct,food_x_plate_cov70_2,2,food_x_plate,0.7,cov70,0.695829,0.10016936808824539,17.790052738540144,0.830377235743359,ok,located,false
flux2_class_word_noise_mask_oracle_0pct,food_x_plate_cov70_2,3,food_x_plate,0.7,cov70,0.695829,0.09219808876514435,17.604366404111634,0.8276495253739933,ok,located,false
flux2_class_word_noise_mask_oracle_0pct,food_x_plate_cov70_2,4,food_x_plate,0.7,cov70,0.695829,0.0971868485212326,17.5921944933525,0.832396714700972,ok,located,false
flux2_class_word_noise_mask_oracle_0pct,coin_x_chest_cov70_0,0,coin_x_chest,0.7,cov70,0.7127,0.12527675926685333,18.462730761133525,0.6834559584292726,ok,located,false
flux2_class_word_noise_mask_oracle_0pct,coin_x_chest_cov70_0,1,coin_x_chest,0.7,cov70,0.7127,0.18805991113185883,15.110075634752988,0.5085051545246898,ok,located,false
flux2_class_word_noise_mask_oracle_0pct,coin_x_chest_cov70_0,2,coin_x_chest,0.7,cov70,0.7127,0.16040180623531342,18.58101035816229,0.682021561024281,ok,located,false
flux2_class_word_noise_mask_oracle_0pct,coin_x_chest_cov70_0,3,coin_x_chest,0.7,cov70,0.7127,0.10780849307775497,18.351011034861077,0.6572062232432321,ok,located,false
flux2_class_word_noise_mask_oracle_0pct,coin_x_chest_cov70_0,4,coin_x_chest,0.7,cov70,0.7127,0.12884613871574402,16.806600628492113,0.5518158593483027,ok,located,true
flux2_class_word_noise_mask_oracle_0pct,coin_x_chest_cov70_1,0,coin_x_chest,0.7,cov70,0.709374,0.14060233533382416,19.291389604299493,0.7655219660634388,ok,located,true
flux2_class_word_noise_mask_oracle_0pct,coin_x_chest_cov70_1,1,coin_x_chest,0.7,cov70,0.709374,0.15865522623062134,19.085681623201808,0.7613668940450627,ok,located,false
flux2_class_word_noise_mask_oracle_0pct,coin_x_chest_cov70_1,2,coin_x_chest,0.7,cov70,0.709374,0.16374751925468445,18.87488352039646,0.7434837527071311,ok,located,false
flux2_class_word_noise_mask_oracle_0pct,coin_x_chest_cov70_1,3,coin_x_chest,0.7,cov70,0.709374,0.12909981608390808,19.023434830580563,0.7672369204708644,ok,located,false
flux2_class_word_noise_mask_oracle_0pct,coin_x_chest_cov70_1,4,coin_x_chest,0.7,cov70,0.709374,0.11321704089641571,18.281578576020948,0.7537534211034079,ok,located,false
flux2_class_word_noise_mask_oracle_0pct,coin_x_chest_cov70_2,0,coin_x_chest,0.7,cov70,0.707081,0.1744830310344696,18.310899122111692,0.6889564693952419,ok,located,false
flux2_class_word_noise_mask_oracle_0pct,coin_x_chest_cov70_2,1,coin_x_chest,0.7,cov70,0.707081,0.18342936038970947,18.720797505343704,0.7090906039891992,ok,located,true
flux2_class_word_noise_mask_oracle_0pct,coin_x_chest_cov70_2,2,coin_x_chest,0.7,cov70,0.707081,0.18141375482082367,18.78470100487857,0.7233128357856707,ok,located,false
flux2_class_word_noise_mask_oracle_0pct,coin_x_chest_cov70_2,3,coin_x_chest,0.7,cov70,0.707081,0.19670207798480988,17.775481462534707,0.6747280328847406,ok,located,false
flux2_class_word_noise_mask_oracle_0pct,coin_x_chest_cov70_2,4,coin_x_chest,0.7,cov70,0.707081,0.1848803013563156,18.952230411712893,0.7232481914409338,ok,located,false
flux2_class_word_noise_mask_oracle_0pct,key_x_lock_cov50_0,0,key_x_lock,0.5,cov50,0.485743,0.40900513529777527,10.2346598632606,0.5879700206222079,ok,located,false
flux2_class_word_noise_mask_oracle_0pct,key_x_lock_cov50_0,1,key_x_lock,0.5,cov50,0.485743,0.21351183950901031,14.63782132160592,0.7308844934582193,ok,located,false
flux2_class_word_noise_mask_oracle_0pct,key_x_lock_cov50_0,2,key_x_lock,0.5,cov50,0.485743,0.2130698263645172,14.536008849519515,0.7230290041966067,ok,located,true
flux2_class_word_noise_mask_oracle_0pct,key_x_lock_cov50_0,3,key_x_lock,0.5,cov50,0.485743,0.16478261351585388,15.155977070465187,0.7219540688896869,ok,located,false
flux2_class_word_noise_mask_oracle_0pct,key_x_lock_cov50_0,4,key_x_lock,0.5,cov50,0.485743,0.17798000574111938,15.043872098457683,0.7135152497269087,ok,located,false
flux2_class_word_noise_mask_oracle_0pct,key_x_lock_cov50_1,0,key_x_lock,0.5,cov50,0.498359,0.15118135511875153,20.10289875815117,0.854200878542379,ok,located,false
flux2_class_word_noise_mask_oracle_0pct,key_x_lock_cov50_1,1,key_x_lock,0.5,cov50,0.498359,0.20679287612438202,15.820475997279836,0.7183544310911634,ok,located,false
flux2_class_word_noise_mask_oracle_0pct,key_x_lock_cov50_1,2,key_x_lock,0.5,cov50,0.498359,0.059896454215049744,21.368171302863992,0.8650693845817831,ok,located,false
flux2_class_word_noise_mask_oracle_0pct,key_x_lock_cov50_1,3,key_x_lock,0.5,cov50,0.498359,0.0745796412229538,19.179127913178394,0.9005437808578849,ok,located,false
flux2_class_word_noise_mask_oracle_0pct,key_x_lock_cov50_1,4,key_x_lock,0.5,cov50,0.498359,0.12194974720478058,19.228725240077825,0.81182293352503,ok,located,true
flux2_class_word_noise_mask_oracle_0pct,key_x_lock_cov50_2,0,key_x_lock,0.5,cov50,0.511836,0.31451737880706787,10.294005888438402,0.5666520570856882,ok,located,false
flux2_class_word_noise_mask_oracle_0pct,key_x_lock_cov50_2,1,key_x_lock,0.5,cov50,0.511836,0.34758028388023376,9.897863486077561,0.5462173810895613,ok,located,false
flux2_class_word_noise_mask_oracle_0pct,key_x_lock_cov50_2,2,key_x_lock,0.5,cov50,0.511836,0.3191746473312378,10.238443206403833,0.5645341842158582,ok,located,true
flux2_class_word_noise_mask_oracle_0pct,key_x_lock_cov50_2,3,key_x_lock,0.5,cov50,0.511836,0.3654415011405945,9.673802618065219,0.5226460288933724,ok,located,false
flux2_class_word_noise_mask_oracle_0pct,key_x_lock_cov50_2,4,key_x_lock,0.5,cov50,0.511836,0.29643818736076355,10.69414489507813,0.5603487375041085,ok,located,false
flux2_class_word_noise_mask_oracle_0pct,potion_x_crate_cov50_0,0,potion_x_crate,0.5,cov50,0.518319,0.08637533336877823,25.048531933216154,0.8901822185402044,ok,located,false
flux2_class_word_noise_mask_oracle_0pct,potion_x_crate_cov50_0,1,potion_x_crate,0.5,cov50,0.518319,0.08976837247610092,25.16643688245275,0.8854568596252665,ok,located,false
flux2_class_word_noise_mask_oracle_0pct,potion_x_crate_cov50_0,2,potion_x_crate,0.5,cov50,0.518319,0.06369107961654663,28.42947884750444,0.9202542852440417,ok,located,true
flux2_class_word_noise_mask_oracle_0pct,potion_x_crate_cov50_0,3,potion_x_crate,0.5,cov50,0.518319,0.06133922189474106,28.497757669064484,0.926688758092641,ok,located,false
flux2_class_word_noise_mask_oracle_0pct,potion_x_crate_cov50_0,4,potion_x_crate,0.5,cov50,0.518319,0.057621199637651443,29.189860711104135,0.9302307952943704,ok,located,false
flux2_class_word_noise_mask_oracle_0pct,potion_x_crate_cov50_1,0,potion_x_crate,0.5,cov50,0.505658,0.04865049198269844,26.901461142406173,0.9378542319354292,ok,located,true
flux2_class_word_noise_mask_oracle_0pct,potion_x_crate_cov50_1,1,potion_x_crate,0.5,cov50,0.505658,0.052360400557518005,28.11258963913588,0.9322520628466958,ok,located,false
flux2_class_word_noise_mask_oracle_0pct,potion_x_crate_cov50_1,2,potion_x_crate,0.5,cov50,0.505658,0.05387253686785698,27.62798245437141,0.9295407877736648,ok,located,false
flux2_class_word_noise_mask_oracle_0pct,potion_x_crate_cov50_1,3,potion_x_crate,0.5,cov50,0.505658,0.04560820385813713,29.53936820819252,0.9336316874056942,ok,located,false
flux2_class_word_noise_mask_oracle_0pct,potion_x_crate_cov50_1,4,potion_x_crate,0.5,cov50,0.505658,0.046741534024477005,28.291746495298256,0.9361560828184334,ok,located,false
flux2_class_word_noise_mask_oracle_0pct,potion_x_crate_cov50_2,0,potion_x_crate,0.5,cov50,0.514935,0.04304754361510277,26.332722597642373,0.9085994524946445,ok,located,false
flux2_class_word_noise_mask_oracle_0pct,potion_x_crate_cov50_2,1,potion_x_crate,0.5,cov50,0.514935,0.05210217833518982,26.27986873306066,0.9071319011955659,ok,located,true
flux2_class_word_noise_mask_oracle_0pct,potion_x_crate_cov50_2,2,potion_x_crate,0.5,cov50,0.514935,0.04513023793697357,26.647963364235704,0.9083694950002728,ok,located,false
flux2_class_word_noise_mask_oracle_0pct,potion_x_crate_cov50_2,3,potion_x_crate,0.5,cov50,0.514935,0.05588218569755554,26.789748241722755,0.9107674639226057,ok,located,false
flux2_class_word_noise_mask_oracle_0pct,potion_x_crate_cov50_2,4,potion_x_crate,0.5,cov50,0.514935,0.056845590472221375,26.44488299027897,0.9028166126524644,ok,located,false
flux2_class_word_noise_mask_oracle_0pct,gem_x_ring_cov30_0,0,gem_x_ring,0.3,cov30,0.299812,0.019417911767959595,23.688067222767625,0.9336469746207908,ok,located,false
flux2_class_word_noise_mask_oracle_0pct,gem_x_ring_cov30_0,1,gem_x_ring,0.3,cov30,0.299812,0.047589484602212906,17.454686089479747,0.7738363489517094,ok,located,false
flux2_class_word_noise_mask_oracle_0pct,gem_x_ring_cov30_0,2,gem_x_ring,0.3,cov30,0.299812,0.01987656019628048,23.929650187852012,0.9283043709055367,ok,located,false
flux2_class_word_noise_mask_oracle_0pct,gem_x_ring_cov30_0,3,gem_x_ring,0.3,cov30,0.299812,0.02258923649787903,22.852767098342753,0.8923815887888504,ok,located,true
flux2_class_word_noise_mask_oracle_0pct,gem_x_ring_cov30_0,4,gem_x_ring,0.3,cov30,0.299812,0.044221535325050354,19.24704684598163,0.835854891380129,ok,located,false
flux2_class_word_noise_mask_oracle_0pct,gem_x_ring_cov30_1,0,gem_x_ring,0.3,cov30,0.287595,0.05668078362941742,24.70696157398386,0.9280874525441409,ok,located,false
flux2_class_word_noise_mask_oracle_0pct,gem_x_ring_cov30_1,1,gem_x_ring,0.3,cov30,0.287595,0.062434032559394836,24.633671849297333,0.9250951558001427,ok,located,false
flux2_class_word_noise_mask_oracle_0pct,gem_x_ring_cov30_1,2,gem_x_ring,0.3,cov30,0.287595,0.06512608379125595,22.710610951628873,0.9093949597538304,ok,located,false
flux2_class_word_noise_mask_oracle_0pct,gem_x_ring_cov30_1,3,gem_x_ring,0.3,cov30,0.287595,0.05666660517454147,24.22804402754077,0.923185651187001,ok,located,false
flux2_class_word_noise_mask_oracle_0pct,gem_x_ring_cov30_1,4,gem_x_ring,0.3,cov30,0.287595,0.058837540447711945,22.23967428587043,0.8779332676803523,ok,located,true
flux2_class_word_noise_mask_oracle_0pct,gem_x_ring_cov30_2,0,gem_x_ring,0.3,cov30,0.290504,0.011691211722791195,27.224943715929317,0.9598370547596962,ok,located,false
flux2_class_word_noise_mask_oracle_0pct,gem_x_ring_cov30_2,1,gem_x_ring,0.3,cov30,0.290504,0.02127726748585701,24.786879631562847,0.9412142226735649,ok,located,false
flux2_class_word_noise_mask_oracle_0pct,gem_x_ring_cov30_2,2,gem_x_ring,0.3,cov30,0.290504,0.0181819349527359,23.25160581546814,0.9150843366831903,ok,located,true
flux2_class_word_noise_mask_oracle_0pct,gem_x_ring_cov30_2,3,gem_x_ring,0.3,cov30,0.290504,0.016033275052905083,24.556570092449142,0.9178271676485975,ok,located,false
flux2_class_word_noise_mask_oracle_0pct,gem_x_ring_cov30_2,4,gem_x_ring,0.3,cov30,0.290504,0.018373388797044754,23.768433445929567,0.9205006130722199,ok,located,false
flux2_class_word_noise_mask_oracle_0pct,pen_x_book_cov30_0,0,pen_x_book,0.3,cov30,0.310811,0.16777776181697845,25.891430603915737,0.9260559256174363,ok,located,false
flux2_class_word_noise_mask_oracle_0pct,pen_x_book_cov30_0,1,pen_x_book,0.3,cov30,0.310811,0.16370725631713867,26.014372955062875,0.936792172570423,ok,located,false
flux2_class_word_noise_mask_oracle_0pct,pen_x_book_cov30_0,2,pen_x_book,0.3,cov30,0.310811,0.15181702375411987,26.799774000889638,0.8978324842513942,ok,located,true
flux2_class_word_noise_mask_oracle_0pct,pen_x_book_cov30_0,3,pen_x_book,0.3,cov30,0.310811,0.1332683563232422,26.607068874588442,0.9328069017594514,ok,located,false
flux2_class_word_noise_mask_oracle_0pct,pen_x_book_cov30_0,4,pen_x_book,0.3,cov30,0.310811,0.14640019834041595,27.1222205515936,0.9433307083672807,ok,located,false
flux2_class_word_noise_mask_oracle_0pct,pen_x_book_cov30_1,0,pen_x_book,0.3,cov30,0.304428,0.16639357805252075,24.675443063479293,0.8208315851568327,ok,located,false
flux2_class_word_noise_mask_oracle_0pct,pen_x_book_cov30_1,1,pen_x_book,0.3,cov30,0.304428,0.13254383206367493,25.477046478023343,0.8317230127856869,ok,located,true
flux2_class_word_noise_mask_oracle_0pct,pen_x_book_cov30_1,2,pen_x_book,0.3,cov30,0.304428,0.13138213753700256,25.196716963635044,0.8203387346184082,ok,located,false
flux2_class_word_noise_mask_oracle_0pct,pen_x_book_cov30_1,3,pen_x_book,0.3,cov30,0.304428,0.1275523155927658,25.42448003696684,0.8186990878526382,ok,located,false
flux2_class_word_noise_mask_oracle_0pct,pen_x_book_cov30_1,4,pen_x_book,0.3,cov30,0.304428,0.1423807144165039,25.208323364241355,0.8177758704183132,ok,located,false
flux2_class_word_noise_mask_oracle_0pct,pen_x_book_cov30_2,0,pen_x_book,0.3,cov30,0.306125,0.19822493195533752,22.21609884483385,0.7719339868212396,ok,located,false
flux2_class_word_noise_mask_oracle_0pct,pen_x_book_cov30_2,1,pen_x_book,0.3,cov30,0.306125,0.18460513651371002,22.65761486091823,0.7975446371167146,ok,located,false
flux2_class_word_noise_mask_oracle_0pct,pen_x_book_cov30_2,2,pen_x_book,0.3,cov30,0.306125,0.13669052720069885,26.139071650281377,0.8866646201160943,ok,located,false
flux2_class_word_noise_mask_oracle_0pct,pen_x_book_cov30_2,3,pen_x_book,0.3,cov30,0.306125,0.12074843794107437,31.871053474301576,0.9592315100949964,ok,located,false
flux2_class_word_noise_mask_oracle_0pct,pen_x_book_cov30_2,4,pen_x_book,0.3,cov30,0.306125,0.15126687288284302,25.39920333616427,0.8807534289885793,ok,located,true
flux2_class_word_noise_mask_oracle_0pct,sword_x_shield_cov30_0,0,sword_x_shield,0.3,cov30,0.286166,0.07104567438364029,22.830623481790568,0.8687812701473896,ok,located,false
flux2_class_word_noise_mask_oracle_0pct,sword_x_shield_cov30_0,1,sword_x_shield,0.3,cov30,0.286166,0.05585107579827309,23.94826370332921,0.8889618940003309,ok,located,false
flux2_class_word_noise_mask_oracle_0pct,sword_x_shield_cov30_0,2,sword_x_shield,0.3,cov30,0.286166,0.035294752568006516,27.32011435228211,0.9481311603598209,ok,located,false
flux2_class_word_noise_mask_oracle_0pct,sword_x_shield_cov30_0,3,sword_x_shield,0.3,cov30,0.286166,0.0750054270029068,25.06752886521641,0.9002665951788261,ok,located,false
flux2_class_word_noise_mask_oracle_0pct,sword_x_shield_cov30_0,4,sword_x_shield,0.3,cov30,0.286166,0.06327199935913086,23.584386076904956,0.8874735608439649,ok,located,true
flux2_class_word_noise_mask_oracle_0pct,sword_x_shield_cov30_1,0,sword_x_shield,0.3,cov30,0.280355,0.2346775233745575,13.139289566920105,0.636633267452903,ok,located,false
flux2_class_word_noise_mask_oracle_0pct,sword_x_shield_cov30_1,1,sword_x_shield,0.3,cov30,0.280355,0.22574687004089355,13.195506065686878,0.6338468232804132,ok,located,false
flux2_class_word_noise_mask_oracle_0pct,sword_x_shield_cov30_1,2,sword_x_shield,0.3,cov30,0.280355,0.22372302412986755,13.330464119482617,0.6497670488564316,ok,located,false
flux2_class_word_noise_mask_oracle_0pct,sword_x_shield_cov30_1,3,sword_x_shield,0.3,cov30,0.280355,0.22300681471824646,13.284756179753623,0.6407402410965567,ok,located,false
flux2_class_word_noise_mask_oracle_0pct,sword_x_shield_cov30_1,4,sword_x_shield,0.3,cov30,0.280355,0.22500227391719818,13.151941040343676,0.6293080165548502,ok,located,true
flux2_class_word_noise_mask_oracle_0pct,sword_x_shield_cov30_2,0,sword_x_shield,0.3,cov30,0.284125,0.3780021369457245,11.127239978465777,0.6067045741558026,ok,located,false
flux2_class_word_noise_mask_oracle_0pct,sword_x_shield_cov30_2,1,sword_x_shield,0.3,cov30,0.284125,0.38120174407958984,11.066482648946138,0.6103634125573644,ok,located,false
flux2_class_word_noise_mask_oracle_0pct,sword_x_shield_cov30_2,2,sword_x_shield,0.3,cov30,0.284125,0.36872509121894836,11.219231003033679,0.6173009229156038,ok,located,false
flux2_class_word_noise_mask_oracle_0pct,sword_x_shield_cov30_2,3,sword_x_shield,0.3,cov30,0.284125,0.3768296241760254,11.148034403028728,0.6047771609956941,ok,located,true
flux2_class_word_noise_mask_oracle_0pct,sword_x_shield_cov30_2,4,sword_x_shield,0.3,cov30,0.284125,0.36922329664230347,11.162745449534901,0.618277573086055,ok,located,false
flux2_class_word_noise_mask_oracle_0pct,hammer_x_anvil_cov30_0,0,hammer_x_anvil,0.3,cov30,0.310627,0.31543242931365967,13.806097573596396,0.7020218874116312,ok,located,false
flux2_class_word_noise_mask_oracle_0pct,hammer_x_anvil_cov30_0,1,hammer_x_anvil,0.3,cov30,0.310627,0.03751584142446518,29.39465204057802,0.9733442025637592,ok,located,false
flux2_class_word_noise_mask_oracle_0pct,hammer_x_anvil_cov30_0,2,hammer_x_anvil,0.3,cov30,0.310627,0.0664590448141098,24.10885059057425,0.9221850810900286,ok,located,false
flux2_class_word_noise_mask_oracle_0pct,hammer_x_anvil_cov30_0,3,hammer_x_anvil,0.3,cov30,0.310627,0.05804301053285599,25.462908390584786,0.9344703014977246,ok,located,true
flux2_class_word_noise_mask_oracle_0pct,hammer_x_anvil_cov30_0,4,hammer_x_anvil,0.3,cov30,0.310627,0.043208781629800797,26.612638494164997,0.9692862702196193,ok,located,false
flux2_class_word_noise_mask_oracle_0pct,hammer_x_anvil_cov30_1,0,hammer_x_anvil,0.3,cov30,0.280833,0.05203893780708313,25.84707753135936,0.9367151070983447,ok,located,false
flux2_class_word_noise_mask_oracle_0pct,hammer_x_anvil_cov30_1,1,hammer_x_anvil,0.3,cov30,0.280833,0.02406473271548748,31.96537371498069,0.9815790456834858,ok,located,false
flux2_class_word_noise_mask_oracle_0pct,hammer_x_anvil_cov30_1,2,hammer_x_anvil,0.3,cov30,0.280833,0.0575505793094635,25.288618055482704,0.9238390694942608,ok,located,false
flux2_class_word_noise_mask_oracle_0pct,hammer_x_anvil_cov30_1,3,hammer_x_anvil,0.3,cov30,0.280833,0.021383877843618393,33.49959804449392,0.9846490530764287,ok,located,false
flux2_class_word_noise_mask_oracle_0pct,hammer_x_anvil_cov30_1,4,hammer_x_anvil,0.3,cov30,0.280833,0.028457708656787872,30.629126759637856,0.9782960159788398,ok,located,true
flux2_class_word_noise_mask_oracle_0pct,hammer_x_anvil_cov30_2,0,hammer_x_anvil,0.3,cov30,0.306076,0.0283842571079731,32.06735696263877,0.9778025407113855,ok,located,false
flux2_class_word_noise_mask_oracle_0pct,hammer_x_anvil_cov30_2,1,hammer_x_anvil,0.3,cov30,0.306076,0.024994617328047752,32.85979261538989,0.9847968860222601,ok,located,false
flux2_class_word_noise_mask_oracle_0pct,hammer_x_anvil_cov30_2,2,hammer_x_anvil,0.3,cov30,0.306076,0.08285823464393616,21.684600555660822,0.8580198405896176,ok,located,false
flux2_class_word_noise_mask_oracle_0pct,hammer_x_anvil_cov30_2,3,hammer_x_anvil,0.3,cov30,0.306076,0.03362973779439926,31.601980858258464,0.9758213299261853,ok,located,true
flux2_class_word_noise_mask_oracle_0pct,hammer_x_anvil_cov30_2,4,hammer_x_anvil,0.3,cov30,0.306076,0.03891058638691902,31.20509866087709,0.971488759589335,ok,located,false
flux2_class_word_noise_mask_oracle_3pct,emblem_x_banner_cov50_0,0,emblem_x_banner,0.5,cov50,0.497214,0.16754458844661713,17.205557454961667,0.8777938620285649,ok,located,false
flux2_class_word_noise_mask_oracle_3pct,emblem_x_banner_cov50_0,1,emblem_x_banner,0.5,cov50,0.497214,0.21758036315441132,14.729583647756781,0.8181851231463472,ok,located,true
flux2_class_word_noise_mask_oracle_3pct,emblem_x_banner_cov50_0,2,emblem_x_banner,0.5,cov50,0.497214,0.21849462389945984,14.523888985621046,0.8173512309497006,ok,located,false
flux2_class_word_noise_mask_oracle_3pct,emblem_x_banner_cov50_0,3,emblem_x_banner,0.5,cov50,0.497214,0.21847587823867798,14.702268209925931,0.8174098743457906,ok,located,false
flux2_class_word_noise_mask_oracle_3pct,emblem_x_banner_cov50_0,4,emblem_x_banner,0.5,cov50,0.497214,0.199703186750412,15.450523431648728,0.8538231562652183,ok,located,false
flux2_class_word_noise_mask_oracle_3pct,emblem_x_banner_cov50_1,0,emblem_x_banner,0.5,cov50,0.486007,0.15306034684181213,15.77006576104411,0.8818936306615551,ok,located,false
flux2_class_word_noise_mask_oracle_3pct,emblem_x_banner_cov50_1,1,emblem_x_banner,0.5,cov50,0.486007,0.15579676628112793,16.64075207373916,0.892659159912541,ok,located,false
flux2_class_word_noise_mask_oracle_3pct,emblem_x_banner_cov50_1,2,emblem_x_banner,0.5,cov50,0.486007,0.18789438903331757,14.520664574391935,0.8397929053143995,ok,located,false
flux2_class_word_noise_mask_oracle_3pct,emblem_x_banner_cov50_1,3,emblem_x_banner,0.5,cov50,0.486007,0.17114129662513733,16.073382186189736,0.8861374432833194,ok,located,true
flux2_class_word_noise_mask_oracle_3pct,emblem_x_banner_cov50_1,4,emblem_x_banner,0.5,cov50,0.486007,0.17453499138355255,15.52248204812418,0.8788477425680377,ok,located,false
flux2_class_word_noise_mask_oracle_3pct,emblem_x_banner_cov50_2,0,emblem_x_banner,0.5,cov50,0.505033,0.19693946838378906,15.558829683358937,0.8566925268423408,ok,located,false
flux2_class_word_noise_mask_oracle_3pct,emblem_x_banner_cov50_2,1,emblem_x_banner,0.5,cov50,0.505033,0.2679559290409088,12.87352299296321,0.7684928585667499,ok,located,false
flux2_class_word_noise_mask_oracle_3pct,emblem_x_banner_cov50_2,2,emblem_x_banner,0.5,cov50,0.505033,0.28938451409339905,12.729771623370596,0.7469630366062425,ok,located,false
flux2_class_word_noise_mask_oracle_3pct,emblem_x_banner_cov50_2,3,emblem_x_banner,0.5,cov50,0.505033,0.21706679463386536,14.165056994590383,0.8492395170647288,ok,located,true
flux2_class_word_noise_mask_oracle_3pct,emblem_x_banner_cov50_2,4,emblem_x_banner,0.5,cov50,0.505033,0.0763639360666275,27.097597436481973,0.9457245265034636,ok,located,false
flux2_class_word_noise_mask_oracle_3pct,food_x_plate_cov70_0,0,food_x_plate,0.7,cov70,0.713963,0.030209418386220932,26.20013821762411,0.9462667749712373,ok,located,false
flux2_class_word_noise_mask_oracle_3pct,food_x_plate_cov70_0,1,food_x_plate,0.7,cov70,0.713963,0.044500332325696945,25.300137799399973,0.930498507759379,ok,located,false
flux2_class_word_noise_mask_oracle_3pct,food_x_plate_cov70_0,2,food_x_plate,0.7,cov70,0.713963,0.03881935402750969,28.004519200659225,0.9589080036954308,ok,located,false
flux2_class_word_noise_mask_oracle_3pct,food_x_plate_cov70_0,3,food_x_plate,0.7,cov70,0.713963,0.035113297402858734,27.26614369394913,0.9591179965739154,ok,located,true
flux2_class_word_noise_mask_oracle_3pct,food_x_plate_cov70_0,4,food_x_plate,0.7,cov70,0.713963,0.01657872088253498,30.871032792444126,0.9745675854833689,ok,located,false
flux2_class_word_noise_mask_oracle_3pct,food_x_plate_cov70_1,0,food_x_plate,0.7,cov70,0.695275,0.030992891639471054,27.208568398976006,0.9474793060640193,ok,located,false
flux2_class_word_noise_mask_oracle_3pct,food_x_plate_cov70_1,1,food_x_plate,0.7,cov70,0.695275,0.028053268790245056,27.28089637106531,0.9615086814959427,ok,located,true
flux2_class_word_noise_mask_oracle_3pct,food_x_plate_cov70_1,2,food_x_plate,0.7,cov70,0.695275,0.027814501896500587,27.490875636311017,0.955127665960843,ok,located,false
flux2_class_word_noise_mask_oracle_3pct,food_x_plate_cov70_1,3,food_x_plate,0.7,cov70,0.695275,0.43606653809547424,9.156869388705438,0.6363422995438567,ok,located,false
flux2_class_word_noise_mask_oracle_3pct,food_x_plate_cov70_1,4,food_x_plate,0.7,cov70,0.695275,0.02251093089580536,29.79993351741598,0.9677050787211322,ok,located,false
flux2_class_word_noise_mask_oracle_3pct,food_x_plate_cov70_2,0,food_x_plate,0.7,cov70,0.695829,0.015298362821340561,29.462283522310674,0.9744350525296518,ok,located,true
flux2_class_word_noise_mask_oracle_3pct,food_x_plate_cov70_2,1,food_x_plate,0.7,cov70,0.695829,0.021938541904091835,25.258025557507132,0.9503454330889388,ok,located,false
flux2_class_word_noise_mask_oracle_3pct,food_x_plate_cov70_2,2,food_x_plate,0.7,cov70,0.695829,0.012827703729271889,30.30366818100712,0.9810099837715346,ok,located,false
flux2_class_word_noise_mask_oracle_3pct,food_x_plate_cov70_2,3,food_x_plate,0.7,cov70,0.695829,0.015216713771224022,27.189243269113206,0.9687154774329668,ok,located,false
flux2_class_word_noise_mask_oracle_3pct,food_x_plate_cov70_2,4,food_x_plate,0.7,cov70,0.695829,0.015490946359932423,30.44336251159278,0.9791226964893136,ok,located,false
flux2_class_word_noise_mask_oracle_3pct,coin_x_chest_cov70_0,0,coin_x_chest,0.7,cov70,0.7127,0.10182306915521622,19.942305823311056,0.7612888144589562,ok,located,true
flux2_class_word_noise_mask_oracle_3pct,coin_x_chest_cov70_0,1,coin_x_chest,0.7,cov70,0.7127,0.13120095431804657,20.450916678328728,0.8010198300995084,ok,located,false
flux2_class_word_noise_mask_oracle_3pct,coin_x_chest_cov70_0,2,coin_x_chest,0.7,cov70,0.7127,0.13317084312438965,20.22553262232798,0.7800274574383957,ok,located,false
flux2_class_word_noise_mask_oracle_3pct,coin_x_chest_cov70_0,3,coin_x_chest,0.7,cov70,0.7127,0.08107636123895645,20.00375972256279,0.7590587314009909,ok,located,false
flux2_class_word_noise_mask_oracle_3pct,coin_x_chest_cov70_0,4,coin_x_chest,0.7,cov70,0.7127,0.0953887552022934,20.03445552327214,0.7656620790999943,ok,located,false
flux2_class_word_noise_mask_oracle_3pct,coin_x_chest_cov70_1,0,coin_x_chest,0.7,cov70,0.709374,0.13070201873779297,19.482343297178154,0.7840404979616294,ok,located,true
flux2_class_word_noise_mask_oracle_3pct,coin_x_chest_cov70_1,1,coin_x_chest,0.7,cov70,0.709374,0.14531071484088898,19.326994006574083,0.7812142284400618,ok,located,false
flux2_class_word_noise_mask_oracle_3pct,coin_x_chest_cov70_1,2,coin_x_chest,0.7,cov70,0.709374,0.15613527595996857,19.045912432052035,0.7597950132330346,ok,located,false
flux2_class_word_noise_mask_oracle_3pct,coin_x_chest_cov70_1,3,coin_x_chest,0.7,cov70,0.709374,0.11841654777526855,19.14804768612604,0.7858165681499375,ok,located,false
flux2_class_word_noise_mask_oracle_3pct,coin_x_chest_cov70_1,4,coin_x_chest,0.7,cov70,0.709374,0.10405326634645462,18.710360373694503,0.775398019613646,ok,located,false
flux2_class_word_noise_mask_oracle_3pct,coin_x_chest_cov70_2,0,coin_x_chest,0.7,cov70,0.707081,0.14887037873268127,18.466425835763108,0.7039857653566046,ok,located,true
flux2_class_word_noise_mask_oracle_3pct,coin_x_chest_cov70_2,1,coin_x_chest,0.7,cov70,0.707081,0.1640813946723938,18.384408825352814,0.6791546938005714,ok,located,false
flux2_class_word_noise_mask_oracle_3pct,coin_x_chest_cov70_2,2,coin_x_chest,0.7,cov70,0.707081,0.14449214935302734,18.703697254351734,0.7240301429014765,ok,located,false
flux2_class_word_noise_mask_oracle_3pct,coin_x_chest_cov70_2,3,coin_x_chest,0.7,cov70,0.707081,0.16766871511936188,17.99368115097598,0.6943544119648898,ok,located,false
flux2_class_word_noise_mask_oracle_3pct,coin_x_chest_cov70_2,4,coin_x_chest,0.7,cov70,0.707081,0.1483454406261444,18.891649390164616,0.7310998272966316,ok,located,false
flux2_class_word_noise_mask_oracle_3pct,key_x_lock_cov50_0,0,key_x_lock,0.5,cov50,0.485743,0.4050234854221344,10.219659907466571,0.5907556236103377,ok,located,false
flux2_class_word_noise_mask_oracle_3pct,key_x_lock_cov50_0,1,key_x_lock,0.5,cov50,0.485743,0.11688906699419022,20.297895867360403,0.9425847952410624,ok,located,false
flux2_class_word_noise_mask_oracle_3pct,key_x_lock_cov50_0,2,key_x_lock,0.5,cov50,0.485743,0.11407087743282318,20.35637559941943,0.9417825013537864,ok,located,true
flux2_class_word_noise_mask_oracle_3pct,key_x_lock_cov50_0,3,key_x_lock,0.5,cov50,0.485743,0.06535840779542923,20.19802023036175,0.9246058924190632,ok,located,false
flux2_class_word_noise_mask_oracle_3pct,key_x_lock_cov50_0,4,key_x_lock,0.5,cov50,0.485743,0.08860494196414948,19.63285465345588,0.9222156076101138,ok,located,false
flux2_class_word_noise_mask_oracle_3pct,key_x_lock_cov50_1,0,key_x_lock,0.5,cov50,0.498359,0.14292052388191223,20.463796909917274,0.8810309873308305,ok,located,false
flux2_class_word_noise_mask_oracle_3pct,key_x_lock_cov50_1,1,key_x_lock,0.5,cov50,0.498359,0.19961756467819214,15.930260624188016,0.7295326602248219,ok,located,false
flux2_class_word_noise_mask_oracle_3pct,key_x_lock_cov50_1,2,key_x_lock,0.5,cov50,0.498359,0.038252122700214386,22.317580165428637,0.933574834501253,ok,located,false
flux2_class_word_noise_mask_oracle_3pct,key_x_lock_cov50_1,3,key_x_lock,0.5,cov50,0.498359,0.06263154000043869,19.37415932131226,0.9215378986784474,ok,located,false
flux2_class_word_noise_mask_oracle_3pct,key_x_lock_cov50_1,4,key_x_lock,0.5,cov50,0.498359,0.11337462812662125,19.478129527074064,0.8286352249616132,ok,located,true
flux2_class_word_noise_mask_oracle_3pct,key_x_lock_cov50_2,0,key_x_lock,0.5,cov50,0.511836,0.05098284035921097,25.007927718459438,0.9357193185081002,ok,located,false
flux2_class_word_noise_mask_oracle_3pct,key_x_lock_cov50_2,1,key_x_lock,0.5,cov50,0.511836,0.07289687544107437,21.824783872694287,0.9342149574503776,ok,located,true
flux2_class_word_noise_mask_oracle_3pct,key_x_lock_cov50_2,2,key_x_lock,0.5,cov50,0.511836,0.052734650671482086,22.23778034002948,0.9242262511521607,ok,located,false
flux2_class_word_noise_mask_oracle_3pct,key_x_lock_cov50_2,3,key_x_lock,0.5,cov50,0.511836,0.07699411362409592,19.156310889715474,0.910254475489349,ok,located,false
flux2_class_word_noise_mask_oracle_3pct,key_x_lock_cov50_2,4,key_x_lock,0.5,cov50,0.511836,0.08121946454048157,20.205985561323597,0.9247992857602602,ok,located,false
flux2_class_word_noise_mask_oracle_3pct,potion_x_crate_cov50_0,0,potion_x_crate,0.5,cov50,0.518319,0.039195604622364044,26.421948006862223,0.9013248087142954,ok,located,false
flux2_class_word_noise_mask_oracle_3pct,potion_x_crate_cov50_0,1,potion_x_crate,0.5,cov50,0.518319,0.040893249213695526,25.92018076793806,0.8984284169453592,ok,located,false
flux2_class_word_noise_mask_oracle_3pct,potion_x_crate_cov50_0,2,potion_x_crate,0.5,cov50,0.518319,0.04212280735373497,26.209557342291248,0.8951009002857958,ok,located,false
flux2_class_word_noise_mask_oracle_3pct,potion_x_crate_cov50_0,3,potion_x_crate,0.5,cov50,0.518319,0.040595851838588715,26.191454288352457,0.8944993234685873,ok,located,true
flux2_class_word_noise_mask_oracle_3pct,potion_x_crate_cov50_0,4,potion_x_crate,0.5,cov50,0.518319,0.0400579459965229,26.01391774712724,0.8952109001265324,ok,located,false
flux2_class_word_noise_mask_oracle_3pct,potion_x_crate_cov50_1,0,potion_x_crate,0.5,cov50,0.505658,0.015536248683929443,32.547180722776055,0.9531997766825521,ok,located,true
flux2_class_word_noise_mask_oracle_3pct,potion_x_crate_cov50_1,1,potion_x_crate,0.5,cov50,0.505658,0.016457440331578255,32.143168184271914,0.9490426529842696,ok,located,false
flux2_class_word_noise_mask_oracle_3pct,potion_x_crate_cov50_1,2,potion_x_crate,0.5,cov50,0.505658,0.015358667820692062,32.13010091296253,0.949846859832452,ok,located,false
flux2_class_word_noise_mask_oracle_3pct,potion_x_crate_cov50_1,3,potion_x_crate,0.5,cov50,0.505658,0.016200939193367958,32.14901865494214,0.9481717841578391,ok,located,false
flux2_class_word_noise_mask_oracle_3pct,potion_x_crate_cov50_1,4,potion_x_crate,0.5,cov50,0.505658,0.015431957319378853,32.372545552466754,0.9503362837538393,ok,located,false
flux2_class_word_noise_mask_oracle_3pct,potion_x_crate_cov50_2,0,potion_x_crate,0.5,cov50,0.514935,0.033630214631557465,27.225888049017925,0.9164356673452717,ok,located,false
flux2_class_word_noise_mask_oracle_3pct,potion_x_crate_cov50_2,1,potion_x_crate,0.5,cov50,0.514935,0.03871147334575653,26.70035240450523,0.9155703247037043,ok,located,true
flux2_class_word_noise_mask_oracle_3pct,potion_x_crate_cov50_2,2,potion_x_crate,0.5,cov50,0.514935,0.0351334773004055,27.020404665226554,0.9151299510689115,ok,located,false
flux2_class_word_noise_mask_oracle_3pct,potion_x_crate_cov50_2,3,potion_x_crate,0.5,cov50,0.514935,0.04671928659081459,27.138239688659684,0.9154085392560178,ok,located,false
flux2_class_word_noise_mask_oracle_3pct,potion_x_crate_cov50_2,4,potion_x_crate,0.5,cov50,0.514935,0.04835686832666397,26.74891626618786,0.9096042415856171,ok,located,false
flux2_class_word_noise_mask_oracle_3pct,gem_x_ring_cov30_0,0,gem_x_ring,0.3,cov30,0.299812,0.015341037884354591,24.721375650778334,0.9441272204707764,ok,located,false
flux2_class_word_noise_mask_oracle_3pct,gem_x_ring_cov30_0,1,gem_x_ring,0.3,cov30,0.299812,0.04917007312178612,17.022723136132164,0.7631972060466677,ok,located,false
flux2_class_word_noise_mask_oracle_3pct,gem_x_ring_cov30_0,2,gem_x_ring,0.3,cov30,0.299812,0.015643829479813576,24.62354833987289,0.9472477127425253,ok,located,false
flux2_class_word_noise_mask_oracle_3pct,gem_x_ring_cov30_0,3,gem_x_ring,0.3,cov30,0.299812,0.020320545881986618,23.25985461153374,0.8985876368344824,ok,located,true
flux2_class_word_noise_mask_oracle_3pct,gem_x_ring_cov30_0,4,gem_x_ring,0.3,cov30,0.299812,0.04289046302437782,18.744684376713128,0.8141912325624906,ok,located,false
flux2_class_word_noise_mask_oracle_3pct,gem_x_ring_cov30_1,0,gem_x_ring,0.3,cov30,0.287595,0.009536433964967728,26.49457475583915,0.9524387055170324,ok,located,false
flux2_class_word_noise_mask_oracle_3pct,gem_x_ring_cov30_1,1,gem_x_ring,0.3,cov30,0.287595,0.014129497110843658,25.384114437531814,0.9403977224454669,ok,located,false
flux2_class_word_noise_mask_oracle_3pct,gem_x_ring_cov30_1,2,gem_x_ring,0.3,cov30,0.287595,0.013460601679980755,23.73501308029902,0.9321287423007251,ok,located,true
flux2_class_word_noise_mask_oracle_3pct,gem_x_ring_cov30_1,3,gem_x_ring,0.3,cov30,0.287595,0.013127472251653671,25.589050322921203,0.9444537715337759,ok,located,false
flux2_class_word_noise_mask_oracle_3pct,gem_x_ring_cov30_1,4,gem_x_ring,0.3,cov30,0.287595,0.013616785407066345,24.442699663415596,0.9239684573506769,ok,located,false
flux2_class_word_noise_mask_oracle_3pct,gem_x_ring_cov30_2,0,gem_x_ring,0.3,cov30,0.290504,0.010605890303850174,27.614743303893995,0.9620834834382666,ok,located,false
flux2_class_word_noise_mask_oracle_3pct,gem_x_ring_cov30_2,1,gem_x_ring,0.3,cov30,0.290504,0.019304919987916946,25.05650704921168,0.9475973569013538,ok,located,false
flux2_class_word_noise_mask_oracle_3pct,gem_x_ring_cov30_2,2,gem_x_ring,0.3,cov30,0.290504,0.01745224930346012,23.163451989791007,0.9142959527994079,ok,located,false
flux2_class_word_noise_mask_oracle_3pct,gem_x_ring_cov30_2,3,gem_x_ring,0.3,cov30,0.290504,0.013289082795381546,26.535451127155053,0.9486499571565679,ok,located,false
flux2_class_word_noise_mask_oracle_3pct,gem_x_ring_cov30_2,4,gem_x_ring,0.3,cov30,0.290504,0.017233090475201607,24.041179843709656,0.9235840414977797,ok,located,true
flux2_class_word_noise_mask_oracle_3pct,pen_x_book_cov30_0,0,pen_x_book,0.3,cov30,0.310811,0.03588458150625229,29.472204733471884,0.9488971924100978,ok,located,false
flux2_class_word_noise_mask_oracle_3pct,pen_x_book_cov30_0,1,pen_x_book,0.3,cov30,0.310811,0.027884455397725105,29.585574340940433,0.9606026744010321,ok,located,true
flux2_class_word_noise_mask_oracle_3pct,pen_x_book_cov30_0,2,pen_x_book,0.3,cov30,0.310811,0.0457644946873188,27.754054388291625,0.9116162280517948,ok,located,false
flux2_class_word_noise_mask_oracle_3pct,pen_x_book_cov30_0,3,pen_x_book,0.3,cov30,0.310811,0.027087170630693436,29.975396729098662,0.9629834486670389,ok,located,false
flux2_class_word_noise_mask_oracle_3pct,pen_x_book_cov30_0,4,pen_x_book,0.3,cov30,0.310811,0.025568079203367233,30.220125571951254,0.9626786924294981,ok,located,false
flux2_class_word_noise_mask_oracle_3pct,pen_x_book_cov30_1,0,pen_x_book,0.3,cov30,0.304428,0.026713689789175987,30.366380615325145,0.9456932447328709,ok,located,false
flux2_class_word_noise_mask_oracle_3pct,pen_x_book_cov30_1,1,pen_x_book,0.3,cov30,0.304428,0.025309249758720398,30.16362322394683,0.950960957251893,ok,located,false
flux2_class_word_noise_mask_oracle_3pct,pen_x_book_cov30_1,2,pen_x_book,0.3,cov30,0.304428,0.02378244698047638,30.026573485429697,0.9525726330758363,ok,located,false
flux2_class_word_noise_mask_oracle_3pct,pen_x_book_cov30_1,3,pen_x_book,0.3,cov30,0.304428,0.023178238421678543,29.104486108009382,0.950342051774871,ok,located,false
flux2_class_word_noise_mask_oracle_3pct,pen_x_book_cov30_1,4,pen_x_book,0.3,cov30,0.304428,0.025270190089941025,29.744937646323493,0.9441490055944418,ok,located,true
flux2_class_word_noise_mask_oracle_3pct,pen_x_book_cov30_2,0,pen_x_book,0.3,cov30,0.306125,0.03236599266529083,31.469780495576117,0.9479162346299351,ok,located,false
flux2_class_word_noise_mask_oracle_3pct,pen_x_book_cov30_2,1,pen_x_book,0.3,cov30,0.306125,0.02241138368844986,32.90172591138905,0.971338208788711,ok,located,true
flux2_class_word_noise_mask_oracle_3pct,pen_x_book_cov30_2,2,pen_x_book,0.3,cov30,0.306125,0.02039038948714733,32.77781050178647,0.9725176977826336,ok,located,false
flux2_class_word_noise_mask_oracle_3pct,pen_x_book_cov30_2,3,pen_x_book,0.3,cov30,0.306125,0.02733289822936058,32.61031310732657,0.9726357077589206,ok,located,false
flux2_class_word_noise_mask_oracle_3pct,pen_x_book_cov30_2,4,pen_x_book,0.3,cov30,0.306125,0.02240273728966713,32.827067323878985,0.9733729459509993,ok,located,false
flux2_class_word_noise_mask_oracle_3pct,sword_x_shield_cov30_0,0,sword_x_shield,0.3,cov30,0.286166,0.06904950737953186,23.072570895189088,0.8816685446862756,ok,located,false
flux2_class_word_noise_mask_oracle_3pct,sword_x_shield_cov30_0,1,sword_x_shield,0.3,cov30,0.286166,0.0365627184510231,24.177547500381564,0.9031595576991366,ok,located,false
flux2_class_word_noise_mask_oracle_3pct,sword_x_shield_cov30_0,2,sword_x_shield,0.3,cov30,0.286166,0.016478266566991806,30.905170798267307,0.975229709274099,ok,located,false
flux2_class_word_noise_mask_oracle_3pct,sword_x_shield_cov30_0,3,sword_x_shield,0.3,cov30,0.286166,0.06817077845335007,26.19000839444184,0.927409327097375,ok,located,false
flux2_class_word_noise_mask_oracle_3pct,sword_x_shield_cov30_0,4,sword_x_shield,0.3,cov30,0.286166,0.041423432528972626,24.241752527780626,0.905122470005329,ok,located,true
flux2_class_word_noise_mask_oracle_3pct,sword_x_shield_cov30_1,0,sword_x_shield,0.3,cov30,0.280355,0.02586270496249199,22.677829109644794,0.8760744684180004,ok,located,false
flux2_class_word_noise_mask_oracle_3pct,sword_x_shield_cov30_1,1,sword_x_shield,0.3,cov30,0.280355,0.0166451595723629,25.514615695883972,0.9232317899430939,ok,located,false
flux2_class_word_noise_mask_oracle_3pct,sword_x_shield_cov30_1,2,sword_x_shield,0.3,cov30,0.280355,0.016849730163812637,25.684687308593496,0.9232250265721812,ok,located,false
flux2_class_word_noise_mask_oracle_3pct,sword_x_shield_cov30_1,3,sword_x_shield,0.3,cov30,0.280355,0.024865392595529556,23.0434585846422,0.8906175227686464,ok,located,true
flux2_class_word_noise_mask_oracle_3pct,sword_x_shield_cov30_1,4,sword_x_shield,0.3,cov30,0.280355,0.02900809794664383,22.03098225845073,0.8503619064733555,ok,located,false
flux2_class_word_noise_mask_oracle_3pct,sword_x_shield_cov30_2,0,sword_x_shield,0.3,cov30,0.284125,0.07326441258192062,21.949295794034647,0.869956300176007,ok,located,false
flux2_class_word_noise_mask_oracle_3pct,sword_x_shield_cov30_2,1,sword_x_shield,0.3,cov30,0.284125,0.028661608695983887,22.968152000134342,0.9065165722631034,ok,located,true
flux2_class_word_noise_mask_oracle_3pct,sword_x_shield_cov30_2,2,sword_x_shield,0.3,cov30,0.284125,0.02815708890557289,23.28396061673846,0.9077206008319028,ok,located,false
flux2_class_word_noise_mask_oracle_3pct,sword_x_shield_cov30_2,3,sword_x_shield,0.3,cov30,0.284125,0.06354887038469315,26.09352295984078,0.9380139543691352,ok,located,false
flux2_class_word_noise_mask_oracle_3pct,sword_x_shield_cov30_2,4,sword_x_shield,0.3,cov30,0.284125,0.0181763656437397,27.761417848561333,0.9634474992468495,ok,located,false
flux2_class_word_noise_mask_oracle_3pct,hammer_x_anvil_cov30_0,0,hammer_x_anvil,0.3,cov30,0.310627,0.021111153066158295,28.75996330741867,0.982375411725041,ok,located,true
flux2_class_word_noise_mask_oracle_3pct,hammer_x_anvil_cov30_0,1,hammer_x_anvil,0.3,cov30,0.310627,0.016529101878404617,29.341410201301077,0.981887895361119,ok,located,false
flux2_class_word_noise_mask_oracle_3pct,hammer_x_anvil_cov30_0,2,hammer_x_anvil,0.3,cov30,0.310627,0.023235682398080826,27.198446224082133,0.9802036903638335,ok,located,false
flux2_class_word_noise_mask_oracle_3pct,hammer_x_anvil_cov30_0,3,hammer_x_anvil,0.3,cov30,0.310627,0.016148420050740242,29.647475771408487,0.9825356453713017,ok,located,false
flux2_class_word_noise_mask_oracle_3pct,hammer_x_anvil_cov30_0,4,hammer_x_anvil,0.3,cov30,0.310627,0.023219037801027298,26.847654836750653,0.9793206379127266,ok,located,false
flux2_class_word_noise_mask_oracle_3pct,hammer_x_anvil_cov30_1,0,hammer_x_anvil,0.3,cov30,0.280833,0.0392158180475235,25.659964585330872,0.9392813081572896,ok,located,false
flux2_class_word_noise_mask_oracle_3pct,hammer_x_anvil_cov30_1,1,hammer_x_anvil,0.3,cov30,0.280833,0.015655843541026115,32.495701136696,0.9878341752515718,ok,located,false
flux2_class_word_noise_mask_oracle_3pct,hammer_x_anvil_cov30_1,2,hammer_x_anvil,0.3,cov30,0.280833,0.014010450802743435,34.530887570061125,0.9892530965782299,ok,located,false
flux2_class_word_noise_mask_oracle_3pct,hammer_x_anvil_cov30_1,3,hammer_x_anvil,0.3,cov30,0.280833,0.017326893284916878,32.60322472451421,0.9870680755602615,ok,located,false
flux2_class_word_noise_mask_oracle_3pct,hammer_x_anvil_cov30_1,4,hammer_x_anvil,0.3,cov30,0.280833,0.016666371375322342,32.09583461791516,0.9849331350807171,ok,located,true
flux2_class_word_noise_mask_oracle_3pct,hammer_x_anvil_cov30_2,0,hammer_x_anvil,0.3,cov30,0.306076,0.012219630181789398,36.740330465728185,0.9925096852087695,ok,located,false
flux2_class_word_noise_mask_oracle_3pct,hammer_x_anvil_cov30_2,1,hammer_x_anvil,0.3,cov30,0.306076,0.01388762891292572,33.636969366936185,0.9863397190608341,ok,located,false
flux2_class_word_noise_mask_oracle_3pct,hammer_x_anvil_cov30_2,2,hammer_x_anvil,0.3,cov30,0.306076,0.019674673676490784,32.77219654636488,0.9804576899172998,ok,located,false
flux2_class_word_noise_mask_oracle_3pct,hammer_x_anvil_cov30_2,3,hammer_x_anvil,0.3,cov30,0.306076,0.020628463476896286,32.6705614025648,0.9790011675329066,ok,located,false
flux2_class_word_noise_mask_oracle_3pct,hammer_x_anvil_cov30_2,4,hammer_x_anvil,0.3,cov30,0.306076,0.017004193738102913,35.08426306201949,0.9868893398565494,ok,located,true
flux2_class_word_noise_mask_oracle_10pct,emblem_x_banner_cov50_0,0,emblem_x_banner,0.5,cov50,0.497214,0.20203247666358948,14.603934586903804,0.8252882053616437,ok,located,false
flux2_class_word_noise_mask_oracle_10pct,emblem_x_banner_cov50_0,1,emblem_x_banner,0.5,cov50,0.497214,0.21707963943481445,14.766813698804967,0.818434133994325,ok,located,false
flux2_class_word_noise_mask_oracle_10pct,emblem_x_banner_cov50_0,2,emblem_x_banner,0.5,cov50,0.497214,0.2156796008348465,14.576612218122293,0.8203854157149274,ok,located,true
flux2_class_word_noise_mask_oracle_10pct,emblem_x_banner_cov50_0,3,emblem_x_banner,0.5,cov50,0.497214,0.21791286766529083,14.75240960344788,0.8175952628766292,ok,located,false
flux2_class_word_noise_mask_oracle_10pct,emblem_x_banner_cov50_0,4,emblem_x_banner,0.5,cov50,0.497214,0.16244715452194214,19.749992274240153,0.8837441857226472,ok,located,false
flux2_class_word_noise_mask_oracle_10pct,emblem_x_banner_cov50_1,0,emblem_x_banner,0.5,cov50,0.486007,0.15221646428108215,14.79283304134503,0.8730116035017866,ok,located,false
flux2_class_word_noise_mask_oracle_10pct,emblem_x_banner_cov50_1,1,emblem_x_banner,0.5,cov50,0.486007,0.16801440715789795,15.862134727950561,0.881663347658531,ok,located,false
flux2_class_word_noise_mask_oracle_10pct,emblem_x_banner_cov50_1,2,emblem_x_banner,0.5,cov50,0.486007,0.18742230534553528,14.69241498225944,0.8399502383843661,ok,located,false
flux2_class_word_noise_mask_oracle_10pct,emblem_x_banner_cov50_1,3,emblem_x_banner,0.5,cov50,0.486007,0.17177104949951172,16.225391678677948,0.8862975527436078,ok,located,true
flux2_class_word_noise_mask_oracle_10pct,emblem_x_banner_cov50_1,4,emblem_x_banner,0.5,cov50,0.486007,0.1746826171875,15.530628257110575,0.8788320314621404,ok,located,false
flux2_class_word_noise_mask_oracle_10pct,emblem_x_banner_cov50_2,0,emblem_x_banner,0.5,cov50,0.505033,0.19289764761924744,15.739045131754875,0.8718526009848443,ok,located,false
flux2_class_word_noise_mask_oracle_10pct,emblem_x_banner_cov50_2,1,emblem_x_banner,0.5,cov50,0.505033,0.2634793221950531,12.885981331371605,0.7757954770615884,ok,located,false
flux2_class_word_noise_mask_oracle_10pct,emblem_x_banner_cov50_2,2,emblem_x_banner,0.5,cov50,0.505033,0.2886848747730255,12.941146588752062,0.7833997547837813,ok,located,false
flux2_class_word_noise_mask_oracle_10pct,emblem_x_banner_cov50_2,3,emblem_x_banner,0.5,cov50,0.505033,0.2165546715259552,14.159424643892446,0.850284295851067,ok,located,true
flux2_class_word_noise_mask_oracle_10pct,emblem_x_banner_cov50_2,4,emblem_x_banner,0.5,cov50,0.505033,0.0732373371720314,27.449147387331266,0.9492495425454885,ok,located,false
flux2_class_word_noise_mask_oracle_10pct,food_x_plate_cov70_0,0,food_x_plate,0.7,cov70,0.713963,0.025922229513525963,28.465050335060408,0.9578528840367847,ok,located,false
flux2_class_word_noise_mask_oracle_10pct,food_x_plate_cov70_0,1,food_x_plate,0.7,cov70,0.713963,0.03990790992975235,26.23307127096906,0.9386938467180238,ok,located,false
flux2_class_word_noise_mask_oracle_10pct,food_x_plate_cov70_0,2,food_x_plate,0.7,cov70,0.713963,0.03670988976955414,28.397096392323853,0.9590140295916848,ok,located,false
flux2_class_word_noise_mask_oracle_10pct,food_x_plate_cov70_0,3,food_x_plate,0.7,cov70,0.713963,0.030492741614580154,29.743777568911867,0.970068667602786,ok,located,true
flux2_class_word_noise_mask_oracle_10pct,food_x_plate_cov70_0,4,food_x_plate,0.7,cov70,0.713963,0.014510346576571465,31.124211151368772,0.9757399333149341,ok,located,false
flux2_class_word_noise_mask_oracle_10pct,food_x_plate_cov70_1,0,food_x_plate,0.7,cov70,0.695275,0.029687903821468353,27.848535408978346,0.9461132832397046,ok,located,false
flux2_class_word_noise_mask_oracle_10pct,food_x_plate_cov70_1,1,food_x_plate,0.7,cov70,0.695275,0.024082880467176437,27.822891933249924,0.9617129716747207,ok,located,false
flux2_class_word_noise_mask_oracle_10pct,food_x_plate_cov70_1,2,food_x_plate,0.7,cov70,0.695275,0.026358535513281822,27.654728343170277,0.951888410635212,ok,located,true
flux2_class_word_noise_mask_oracle_10pct,food_x_plate_cov70_1,3,food_x_plate,0.7,cov70,0.695275,0.42952558398246765,9.164749535165752,0.6388221804463742,ok,located,false
flux2_class_word_noise_mask_oracle_10pct,food_x_plate_cov70_1,4,food_x_plate,0.7,cov70,0.695275,0.01897675171494484,30.807566790560593,0.9671002817419869,ok,located,false
flux2_class_word_noise_mask_oracle_10pct,food_x_plate_cov70_2,0,food_x_plate,0.7,cov70,0.695829,0.013036646880209446,29.40828714069367,0.972265131988209,ok,located,true
flux2_class_word_noise_mask_oracle_10pct,food_x_plate_cov70_2,1,food_x_plate,0.7,cov70,0.695829,0.013648103922605515,28.46485662412323,0.9705297844840374,ok,located,false
flux2_class_word_noise_mask_oracle_10pct,food_x_plate_cov70_2,2,food_x_plate,0.7,cov70,0.695829,0.009468184784054756,31.922181680525547,0.9835252790883903,ok,located,false
flux2_class_word_noise_mask_oracle_10pct,food_x_plate_cov70_2,3,food_x_plate,0.7,cov70,0.695829,0.011883932165801525,28.35537902849754,0.9721191626271599,ok,located,false
flux2_class_word_noise_mask_oracle_10pct,food_x_plate_cov70_2,4,food_x_plate,0.7,cov70,0.695829,0.015837565064430237,27.44839713413657,0.9664828926118694,ok,located,false
flux2_class_word_noise_mask_oracle_10pct,coin_x_chest_cov70_0,0,coin_x_chest,0.7,cov70,0.7127,0.09956328570842743,19.912666608635057,0.7615311506836506,ok,located,true
flux2_class_word_noise_mask_oracle_10pct,coin_x_chest_cov70_0,1,coin_x_chest,0.7,cov70,0.7127,0.13222140073776245,19.769949692250833,0.7638108776896377,ok,located,false
flux2_class_word_noise_mask_oracle_10pct,coin_x_chest_cov70_0,2,coin_x_chest,0.7,cov70,0.7127,0.13253559172153473,20.179600368609233,0.7806425454206681,ok,located,false
flux2_class_word_noise_mask_oracle_10pct,coin_x_chest_cov70_0,3,coin_x_chest,0.7,cov70,0.7127,0.07874875515699387,20.189817756327272,0.765211805679333,ok,located,false
flux2_class_word_noise_mask_oracle_10pct,coin_x_chest_cov70_0,4,coin_x_chest,0.7,cov70,0.7127,0.08932976424694061,20.713965502729586,0.8039852487203002,ok,located,false
flux2_class_word_noise_mask_oracle_10pct,coin_x_chest_cov70_1,0,coin_x_chest,0.7,cov70,0.709374,0.12813496589660645,19.535282884287184,0.7837427374770097,ok,located,true
flux2_class_word_noise_mask_oracle_10pct,coin_x_chest_cov70_1,1,coin_x_chest,0.7,cov70,0.709374,0.14813731610774994,19.509916027595878,0.7827747212488892,ok,located,false
flux2_class_word_noise_mask_oracle_10pct,coin_x_chest_cov70_1,2,coin_x_chest,0.7,cov70,0.709374,0.15341199934482574,19.207292377187112,0.7644111042871583,ok,located,false
flux2_class_word_noise_mask_oracle_10pct,coin_x_chest_cov70_1,3,coin_x_chest,0.7,cov70,0.709374,0.11770844459533691,19.25029956004295,0.7862308344137171,ok,located,false
flux2_class_word_noise_mask_oracle_10pct,coin_x_chest_cov70_1,4,coin_x_chest,0.7,cov70,0.709374,0.10120314359664917,18.971168372828565,0.7777727001283461,ok,located,false
flux2_class_word_noise_mask_oracle_10pct,coin_x_chest_cov70_2,0,coin_x_chest,0.7,cov70,0.707081,0.1424049735069275,18.865068566324688,0.7231550554639448,ok,located,false
flux2_class_word_noise_mask_oracle_10pct,coin_x_chest_cov70_2,1,coin_x_chest,0.7,cov70,0.707081,0.1650763750076294,18.25807191683956,0.6682318174601108,ok,located,false
flux2_class_word_noise_mask_oracle_10pct,coin_x_chest_cov70_2,2,coin_x_chest,0.7,cov70,0.707081,0.14375805854797363,18.71586370079266,0.7230266509003817,ok,located,false
flux2_class_word_noise_mask_oracle_10pct,coin_x_chest_cov70_2,3,coin_x_chest,0.7,cov70,0.707081,0.16901305317878723,18.099353917037696,0.691240302413003,ok,located,false
flux2_class_word_noise_mask_oracle_10pct,coin_x_chest_cov70_2,4,coin_x_chest,0.7,cov70,0.707081,0.1482604742050171,18.912644530897495,0.7329075326026193,ok,located,true
flux2_class_word_noise_mask_oracle_10pct,key_x_lock_cov50_0,0,key_x_lock,0.5,cov50,0.485743,0.40491366386413574,10.225030378629485,0.591055776367013,ok,located,false
flux2_class_word_noise_mask_oracle_10pct,key_x_lock_cov50_0,1,key_x_lock,0.5,cov50,0.485743,0.11426076292991638,20.441249285297506,0.9451296459747741,ok,located,false
flux2_class_word_noise_mask_oracle_10pct,key_x_lock_cov50_0,2,key_x_lock,0.5,cov50,0.485743,0.11364219337701797,20.11004733101465,0.9417020547423448,ok,located,true
flux2_class_word_noise_mask_oracle_10pct,key_x_lock_cov50_0,3,key_x_lock,0.5,cov50,0.485743,0.06308941543102264,20.525781291399888,0.929742245627685,ok,located,false
flux2_class_word_noise_mask_oracle_10pct,key_x_lock_cov50_0,4,key_x_lock,0.5,cov50,0.485743,0.08731731027364731,19.63463665480695,0.9249545384213236,ok,located,false
flux2_class_word_noise_mask_oracle_10pct,key_x_lock_cov50_1,0,key_x_lock,0.5,cov50,0.498359,0.14274463057518005,20.47435764063184,0.8801616256679701,ok,located,false
flux2_class_word_noise_mask_oracle_10pct,key_x_lock_cov50_1,1,key_x_lock,0.5,cov50,0.498359,0.19818735122680664,15.899535786515946,0.7279300824325295,ok,located,false
flux2_class_word_noise_mask_oracle_10pct,key_x_lock_cov50_1,2,key_x_lock,0.5,cov50,0.498359,0.04460938274860382,22.194351690798953,0.9310200711741147,ok,located,false
flux2_class_word_noise_mask_oracle_10pct,key_x_lock_cov50_1,3,key_x_lock,0.5,cov50,0.498359,0.06079758331179619,19.45940098608943,0.925248856384291,ok,located,false
flux2_class_word_noise_mask_oracle_10pct,key_x_lock_cov50_1,4,key_x_lock,0.5,cov50,0.498359,0.1134963259100914,19.48925133656714,0.8290122194553399,ok,located,true
flux2_class_word_noise_mask_oracle_10pct,key_x_lock_cov50_2,0,key_x_lock,0.5,cov50,0.511836,0.04605773836374283,25.147626430039498,0.9424859029299624,ok,located,false
flux2_class_word_noise_mask_oracle_10pct,key_x_lock_cov50_2,1,key_x_lock,0.5,cov50,0.511836,0.1057649478316307,21.480123127735485,0.9517145548662617,ok,located,false
flux2_class_word_noise_mask_oracle_10pct,key_x_lock_cov50_2,2,key_x_lock,0.5,cov50,0.511836,0.0496596060693264,22.394065400084536,0.9289045814496331,ok,located,false
flux2_class_word_noise_mask_oracle_10pct,key_x_lock_cov50_2,3,key_x_lock,0.5,cov50,0.511836,0.07623405009508133,19.07339732109755,0.8987813823833873,ok,located,true
flux2_class_word_noise_mask_oracle_10pct,key_x_lock_cov50_2,4,key_x_lock,0.5,cov50,0.511836,0.07971715927124023,20.01744824668483,0.9372376808739907,ok,located,false
flux2_class_word_noise_mask_oracle_10pct,potion_x_crate_cov50_0,0,potion_x_crate,0.5,cov50,0.518319,0.037922296673059464,26.489067836185434,0.9030722253943301,ok,located,false
flux2_class_word_noise_mask_oracle_10pct,potion_x_crate_cov50_0,1,potion_x_crate,0.5,cov50,0.518319,0.039522819221019745,26.0295696535399,0.9014151280044361,ok,located,true
flux2_class_word_noise_mask_oracle_10pct,potion_x_crate_cov50_0,2,potion_x_crate,0.5,cov50,0.518319,0.04192332550883293,26.10663655821495,0.8964959591401197,ok,located,false
flux2_class_word_noise_mask_oracle_10pct,potion_x_crate_cov50_0,3,potion_x_crate,0.5,cov50,0.518319,0.04175668582320213,26.028001472866094,0.892301893729866,ok,located,false
flux2_class_word_noise_mask_oracle_10pct,potion_x_crate_cov50_0,4,potion_x_crate,0.5,cov50,0.518319,0.03921123221516609,25.74619622668346,0.8957037439756234,ok,located,false
flux2_class_word_noise_mask_oracle_10pct,potion_x_crate_cov50_1,0,potion_x_crate,0.5,cov50,0.505658,0.015149933286011219,32.87349742941246,0.9539039164838647,ok,located,true
flux2_class_word_noise_mask_oracle_10pct,potion_x_crate_cov50_1,1,potion_x_crate,0.5,cov50,0.505658,0.01613808050751686,31.966172834401725,0.9492372562449676,ok,located,false
flux2_class_word_noise_mask_oracle_10pct,potion_x_crate_cov50_1,2,potion_x_crate,0.5,cov50,0.505658,0.014962597750127316,32.261627456212096,0.9514727011326439,ok,located,false
flux2_class_word_noise_mask_oracle_10pct,potion_x_crate_cov50_1,3,potion_x_crate,0.5,cov50,0.505658,0.01629493199288845,31.706558549036977,0.9485428019547261,ok,located,false
flux2_class_word_noise_mask_oracle_10pct,potion_x_crate_cov50_1,4,potion_x_crate,0.5,cov50,0.505658,0.014807849191129208,32.44683995554753,0.9518740167972369,ok,located,false
flux2_class_word_noise_mask_oracle_10pct,potion_x_crate_cov50_2,0,potion_x_crate,0.5,cov50,0.514935,0.0326695516705513,27.34518887262801,0.9184958373463835,ok,located,false
flux2_class_word_noise_mask_oracle_10pct,potion_x_crate_cov50_2,1,potion_x_crate,0.5,cov50,0.514935,0.03693084418773651,26.759499151581924,0.9179245066524593,ok,located,true
flux2_class_word_noise_mask_oracle_10pct,potion_x_crate_cov50_2,2,potion_x_crate,0.5,cov50,0.514935,0.033567920327186584,27.150235523615024,0.9178573208463893,ok,located,false
flux2_class_word_noise_mask_oracle_10pct,potion_x_crate_cov50_2,3,potion_x_crate,0.5,cov50,0.514935,0.04485897347331047,27.220099572211005,0.9174872274877909,ok,located,false
flux2_class_word_noise_mask_oracle_10pct,potion_x_crate_cov50_2,4,potion_x_crate,0.5,cov50,0.514935,0.04653998091816902,26.698228997295345,0.9113285395761374,ok,located,false
flux2_class_word_noise_mask_oracle_10pct,gem_x_ring_cov30_0,0,gem_x_ring,0.3,cov30,0.299812,0.015275043435394764,24.674206996587,0.9430952374656018,ok,located,false
flux2_class_word_noise_mask_oracle_10pct,gem_x_ring_cov30_0,1,gem_x_ring,0.3,cov30,0.299812,0.03620096668601036,18.504858419761543,0.7943275244952487,ok,located,false
flux2_class_word_noise_mask_oracle_10pct,gem_x_ring_cov30_0,2,gem_x_ring,0.3,cov30,0.299812,0.01587282121181488,24.309260743171144,0.935784321941069,ok,located,false
flux2_class_word_noise_mask_oracle_10pct,gem_x_ring_cov30_0,3,gem_x_ring,0.3,cov30,0.299812,0.01973086968064308,23.30780010974599,0.8991078296784973,ok,located,true
flux2_class_word_noise_mask_oracle_10pct,gem_x_ring_cov30_0,4,gem_x_ring,0.3,cov30,0.299812,0.03417600691318512,19.433508085344197,0.8339522555388679,ok,located,false
flux2_class_word_noise_mask_oracle_10pct,gem_x_ring_cov30_1,0,gem_x_ring,0.3,cov30,0.287595,0.009581198915839195,26.272628089201717,0.9486890339408295,ok,located,false
flux2_class_word_noise_mask_oracle_10pct,gem_x_ring_cov30_1,1,gem_x_ring,0.3,cov30,0.287595,0.01425172109156847,25.361153161611043,0.9407055803891877,ok,located,false
flux2_class_word_noise_mask_oracle_10pct,gem_x_ring_cov30_1,2,gem_x_ring,0.3,cov30,0.287595,0.012957287952303886,24.030133553992187,0.9323964180380228,ok,located,false
flux2_class_word_noise_mask_oracle_10pct,gem_x_ring_cov30_1,3,gem_x_ring,0.3,cov30,0.287595,0.012984922155737877,25.64005011960964,0.94460599750021,ok,located,true
flux2_class_word_noise_mask_oracle_10pct,gem_x_ring_cov30_1,4,gem_x_ring,0.3,cov30,0.287595,0.013151118531823158,24.480921781494295,0.9246118382169923,ok,located,false
flux2_class_word_noise_mask_oracle_10pct,gem_x_ring_cov30_2,0,gem_x_ring,0.3,cov30,0.290504,0.010630137287080288,27.685404888325408,0.9626330049599897,ok,located,false
flux2_class_word_noise_mask_oracle_10pct,gem_x_ring_cov30_2,1,gem_x_ring,0.3,cov30,0.290504,0.01946183666586876,25.1848875924747,0.9481041497932604,ok,located,false
flux2_class_word_noise_mask_oracle_10pct,gem_x_ring_cov30_2,2,gem_x_ring,0.3,cov30,0.290504,0.01704717054963112,23.140451236889803,0.9141038476260429,ok,located,false
flux2_class_word_noise_mask_oracle_10pct,gem_x_ring_cov30_2,3,gem_x_ring,0.3,cov30,0.290504,0.013570701703429222,26.664080532200654,0.9500049565395803,ok,located,false
flux2_class_word_noise_mask_oracle_10pct,gem_x_ring_cov30_2,4,gem_x_ring,0.3,cov30,0.290504,0.017028460279107094,24.121406978172896,0.9245278804778506,ok,located,true
flux2_class_word_noise_mask_oracle_10pct,pen_x_book_cov30_0,0,pen_x_book,0.3,cov30,0.310811,0.03037581965327263,29.766143554767197,0.9614849329514049,ok,located,false
flux2_class_word_noise_mask_oracle_10pct,pen_x_book_cov30_0,1,pen_x_book,0.3,cov30,0.310811,0.027069421485066414,29.509785483195827,0.9608707637597904,ok,located,true
flux2_class_word_noise_mask_oracle_10pct,pen_x_book_cov30_0,2,pen_x_book,0.3,cov30,0.310811,0.04466959834098816,27.719938819129133,0.9116705874175111,ok,located,false
flux2_class_word_noise_mask_oracle_10pct,pen_x_book_cov30_0,3,pen_x_book,0.3,cov30,0.310811,0.025759581476449966,29.96477552915841,0.9636854172476705,ok,located,false
flux2_class_word_noise_mask_oracle_10pct,pen_x_book_cov30_0,4,pen_x_book,0.3,cov30,0.310811,0.025353150442242622,30.21234835601944,0.9628604162383892,ok,located,false
flux2_class_word_noise_mask_oracle_10pct,pen_x_book_cov30_1,0,pen_x_book,0.3,cov30,0.304428,0.023601701483130455,30.40400245501865,0.9457577683731789,ok,located,false
flux2_class_word_noise_mask_oracle_10pct,pen_x_book_cov30_1,1,pen_x_book,0.3,cov30,0.304428,0.022296125069260597,30.20548925213959,0.9526034203784944,ok,located,false
flux2_class_word_noise_mask_oracle_10pct,pen_x_book_cov30_1,2,pen_x_book,0.3,cov30,0.304428,0.021708477288484573,30.102500070200445,0.9539216180621994,ok,located,false
flux2_class_word_noise_mask_oracle_10pct,pen_x_book_cov30_1,3,pen_x_book,0.3,cov30,0.304428,0.023779282346367836,28.605449544430467,0.9436917837840265,ok,located,false
flux2_class_word_noise_mask_oracle_10pct,pen_x_book_cov30_1,4,pen_x_book,0.3,cov30,0.304428,0.02337431162595749,29.720348127970773,0.9452060167186188,ok,located,true
flux2_class_word_noise_mask_oracle_10pct,pen_x_book_cov30_2,0,pen_x_book,0.3,cov30,0.306125,0.030130350962281227,31.590367085317304,0.9488560128410323,ok,located,false
flux2_class_word_noise_mask_oracle_10pct,pen_x_book_cov30_2,1,pen_x_book,0.3,cov30,0.306125,0.023525770753622055,32.65119181226597,0.9669155926213632,ok,located,true
flux2_class_word_noise_mask_oracle_10pct,pen_x_book_cov30_2,2,pen_x_book,0.3,cov30,0.306125,0.01974565163254738,32.914528346225154,0.9735862449441258,ok,located,false
flux2_class_word_noise_mask_oracle_10pct,pen_x_book_cov30_2,3,pen_x_book,0.3,cov30,0.306125,0.02603290230035782,32.73968243867298,0.9735853006754348,ok,located,false
flux2_class_word_noise_mask_oracle_10pct,pen_x_book_cov30_2,4,pen_x_book,0.3,cov30,0.306125,0.021873867139220238,33.08321747587883,0.9744639636571216,ok,located,false
flux2_class_word_noise_mask_oracle_10pct,sword_x_shield_cov30_0,0,sword_x_shield,0.3,cov30,0.286166,0.06169731914997101,26.18312030347754,0.9375820327187113,ok,located,false
flux2_class_word_noise_mask_oracle_10pct,sword_x_shield_cov30_0,1,sword_x_shield,0.3,cov30,0.286166,0.028640154749155045,27.470040316557952,0.9544820060322129,ok,located,false
flux2_class_word_noise_mask_oracle_10pct,sword_x_shield_cov30_0,2,sword_x_shield,0.3,cov30,0.286166,0.01793959178030491,30.934645853100136,0.9758452513497309,ok,located,false
flux2_class_word_noise_mask_oracle_10pct,sword_x_shield_cov30_0,3,sword_x_shield,0.3,cov30,0.286166,0.06878211349248886,25.955192713973688,0.9275001243164668,ok,located,false
flux2_class_word_noise_mask_oracle_10pct,sword_x_shield_cov30_0,4,sword_x_shield,0.3,cov30,0.286166,0.03399847447872162,27.75139809445538,0.9545038950641135,ok,located,true
flux2_class_word_noise_mask_oracle_10pct,sword_x_shield_cov30_1,0,sword_x_shield,0.3,cov30,0.280355,0.025615721940994263,22.59566630306739,0.8747159710849425,ok,located,false
flux2_class_word_noise_mask_oracle_10pct,sword_x_shield_cov30_1,1,sword_x_shield,0.3,cov30,0.280355,0.016541916877031326,25.338395443947622,0.9220807188954137,ok,located,false
flux2_class_word_noise_mask_oracle_10pct,sword_x_shield_cov30_1,2,sword_x_shield,0.3,cov30,0.280355,0.016809910535812378,25.528861879663587,0.9221706150004604,ok,located,true
flux2_class_word_noise_mask_oracle_10pct,sword_x_shield_cov30_1,3,sword_x_shield,0.3,cov30,0.280355,0.010198752395808697,28.779460733211284,0.9657872008162066,ok,located,false
flux2_class_word_noise_mask_oracle_10pct,sword_x_shield_cov30_1,4,sword_x_shield,0.3,cov30,0.280355,0.028725966811180115,22.012671816898205,0.8499943514656599,ok,located,false
flux2_class_word_noise_mask_oracle_10pct,sword_x_shield_cov30_2,0,sword_x_shield,0.3,cov30,0.284125,0.07372549921274185,21.85244146310158,0.870463392729858,ok,located,false
flux2_class_word_noise_mask_oracle_10pct,sword_x_shield_cov30_2,1,sword_x_shield,0.3,cov30,0.284125,0.029615741223096848,22.923964242615416,0.9079921514311525,ok,located,true
flux2_class_word_noise_mask_oracle_10pct,sword_x_shield_cov30_2,2,sword_x_shield,0.3,cov30,0.284125,0.02862309105694294,23.22211268243086,0.9110355973671744,ok,located,false
flux2_class_word_noise_mask_oracle_10pct,sword_x_shield_cov30_2,3,sword_x_shield,0.3,cov30,0.284125,0.05587764084339142,28.850430720789078,0.9707944455678806,ok,located,false
flux2_class_word_noise_mask_oracle_10pct,sword_x_shield_cov30_2,4,sword_x_shield,0.3,cov30,0.284125,0.018082760274410248,27.85491403588187,0.9652614420441811,ok,located,false
flux2_class_word_noise_mask_oracle_10pct,hammer_x_anvil_cov30_0,0,hammer_x_anvil,0.3,cov30,0.310627,0.020565707236528397,28.61395313415569,0.9822124324439049,ok,located,true
flux2_class_word_noise_mask_oracle_10pct,hammer_x_anvil_cov30_0,1,hammer_x_anvil,0.3,cov30,0.310627,0.016454925760626793,29.102641196861583,0.9815373039508707,ok,located,false
flux2_class_word_noise_mask_oracle_10pct,hammer_x_anvil_cov30_0,2,hammer_x_anvil,0.3,cov30,0.310627,0.023082956671714783,26.95293172076024,0.9797878091567851,ok,located,false
flux2_class_word_noise_mask_oracle_10pct,hammer_x_anvil_cov30_0,3,hammer_x_anvil,0.3,cov30,0.310627,0.015747208148241043,29.45814169603821,0.9824382902012752,ok,located,false
flux2_class_word_noise_mask_oracle_10pct,hammer_x_anvil_cov30_0,4,hammer_x_anvil,0.3,cov30,0.310627,0.023046262562274933,26.809357239203262,0.9793775825288745,ok,located,false
flux2_class_word_noise_mask_oracle_10pct,hammer_x_anvil_cov30_1,0,hammer_x_anvil,0.3,cov30,0.280833,0.036193203181028366,26.58242360914692,0.950948445544194,ok,located,false
flux2_class_word_noise_mask_oracle_10pct,hammer_x_anvil_cov30_1,1,hammer_x_anvil,0.3,cov30,0.280833,0.015231222845613956,31.762675409108788,0.9871210333372692,ok,located,false
flux2_class_word_noise_mask_oracle_10pct,hammer_x_anvil_cov30_1,2,hammer_x_anvil,0.3,cov30,0.280833,0.01353050023317337,33.734115569166306,0.9888803568133308,ok,located,false
flux2_class_word_noise_mask_oracle_10pct,hammer_x_anvil_cov30_1,3,hammer_x_anvil,0.3,cov30,0.280833,0.017101725563406944,31.936473162194893,0.9863560917902424,ok,located,false
flux2_class_word_noise_mask_oracle_10pct,hammer_x_anvil_cov30_1,4,hammer_x_anvil,0.3,cov30,0.280833,0.016152793541550636,31.82585477999703,0.9850878304518083,ok,located,true
flux2_class_word_noise_mask_oracle_10pct,hammer_x_anvil_cov30_2,0,hammer_x_anvil,0.3,cov30,0.306076,0.01259698811918497,35.686064816652994,0.992266665911033,ok,located,false
flux2_class_word_noise_mask_oracle_10pct,hammer_x_anvil_cov30_2,1,hammer_x_anvil,0.3,cov30,0.306076,0.012454120442271233,33.029010152830544,0.9856016791961487,ok,located,false
flux2_class_word_noise_mask_oracle_10pct,hammer_x_anvil_cov30_2,2,hammer_x_anvil,0.3,cov30,0.306076,0.015817483887076378,33.179850575308436,0.9855600355217812,ok,located,true
flux2_class_word_noise_mask_oracle_10pct,hammer_x_anvil_cov30_2,3,hammer_x_anvil,0.3,cov30,0.306076,0.020033420994877815,32.26730656189382,0.9789460567573117,ok,located,false
flux2_class_word_noise_mask_oracle_10pct,hammer_x_anvil_cov30_2,4,hammer_x_anvil,0.3,cov30,0.306076,0.02347741276025772,32.793167324540384,0.9797742252547458,ok,located,false
flux2_class_word_noise_mask_oracle_20pct,emblem_x_banner_cov50_0,0,emblem_x_banner,0.5,cov50,0.497214,0.35180047154426575,8.74483667710461,0.673750916639575,roi_failure,target_bbox_fallback,false
flux2_class_word_noise_mask_oracle_20pct,emblem_x_banner_cov50_0,1,emblem_x_banner,0.5,cov50,0.497214,0.21878734230995178,14.635767199617577,0.8167207508610838,ok,located,true
flux2_class_word_noise_mask_oracle_20pct,emblem_x_banner_cov50_0,2,emblem_x_banner,0.5,cov50,0.497214,0.200702965259552,15.453242845943178,0.8537426873535813,ok,located,false
flux2_class_word_noise_mask_oracle_20pct,emblem_x_banner_cov50_0,3,emblem_x_banner,0.5,cov50,0.497214,0.3420122265815735,11.442427379795514,0.7110936840190433,ok,located,false
flux2_class_word_noise_mask_oracle_20pct,emblem_x_banner_cov50_0,4,emblem_x_banner,0.5,cov50,0.497214,0.019837575033307076,31.051467287139324,0.9720253474561421,ok,located,false
flux2_class_word_noise_mask_oracle_20pct,emblem_x_banner_cov50_1,0,emblem_x_banner,0.5,cov50,0.486007,0.16247691214084625,14.986352643005386,0.8751920337470662,ok,located,false
flux2_class_word_noise_mask_oracle_20pct,emblem_x_banner_cov50_1,1,emblem_x_banner,0.5,cov50,0.486007,0.16790130734443665,15.791932935430701,0.8809869817674331,ok,located,false
flux2_class_word_noise_mask_oracle_20pct,emblem_x_banner_cov50_1,2,emblem_x_banner,0.5,cov50,0.486007,0.18765421211719513,14.662199650024165,0.8396554522711409,ok,located,false
flux2_class_word_noise_mask_oracle_20pct,emblem_x_banner_cov50_1,3,emblem_x_banner,0.5,cov50,0.486007,0.17243416607379913,16.214166824951644,0.8857398113757066,ok,located,true
flux2_class_word_noise_mask_oracle_20pct,emblem_x_banner_cov50_1,4,emblem_x_banner,0.5,cov50,0.486007,0.17478573322296143,15.53025279262952,0.8785794931140604,ok,located,false
flux2_class_word_noise_mask_oracle_20pct,emblem_x_banner_cov50_2,0,emblem_x_banner,0.5,cov50,0.505033,0.19100362062454224,15.358855961008608,0.8748380065458727,ok,located,false
flux2_class_word_noise_mask_oracle_20pct,emblem_x_banner_cov50_2,1,emblem_x_banner,0.5,cov50,0.505033,0.2650664746761322,12.916066339937224,0.7754049763653249,ok,located,false
flux2_class_word_noise_mask_oracle_20pct,emblem_x_banner_cov50_2,2,emblem_x_banner,0.5,cov50,0.505033,0.28218701481819153,12.797114995501236,0.7506314917707303,ok,located,false
flux2_class_word_noise_mask_oracle_20pct,emblem_x_banner_cov50_2,3,emblem_x_banner,0.5,cov50,0.505033,0.22006888687610626,14.068080206976191,0.838578348519739,ok,located,true
flux2_class_word_noise_mask_oracle_20pct,emblem_x_banner_cov50_2,4,emblem_x_banner,0.5,cov50,0.505033,0.07004423439502716,27.676605578987733,0.9519123904960055,ok,located,false
flux2_class_word_noise_mask_oracle_20pct,food_x_plate_cov70_0,0,food_x_plate,0.7,cov70,0.713963,0.026673486456274986,27.122239814351595,0.950070900138085,ok,located,false
flux2_class_word_noise_mask_oracle_20pct,food_x_plate_cov70_0,1,food_x_plate,0.7,cov70,0.713963,0.03915366902947426,26.07086692245136,0.9393177192860973,ok,located,false
flux2_class_word_noise_mask_oracle_20pct,food_x_plate_cov70_0,2,food_x_plate,0.7,cov70,0.713963,0.03714441880583763,28.332492741971265,0.9561947058811365,ok,located,false
flux2_class_word_noise_mask_oracle_20pct,food_x_plate_cov70_0,3,food_x_plate,0.7,cov70,0.713963,0.030808640643954277,29.98040358505297,0.9691249166578279,ok,located,true
flux2_class_word_noise_mask_oracle_20pct,food_x_plate_cov70_0,4,food_x_plate,0.7,cov70,0.713963,0.012822981923818588,33.86551610377482,0.9826402352572527,ok,located,false
flux2_class_word_noise_mask_oracle_20pct,food_x_plate_cov70_1,0,food_x_plate,0.7,cov70,0.695275,0.032525621354579926,26.245021740096334,0.9308208798137354,ok,located,false
flux2_class_word_noise_mask_oracle_20pct,food_x_plate_cov70_1,1,food_x_plate,0.7,cov70,0.695275,0.02317502535879612,29.090458390911277,0.9659753959465821,ok,located,false
flux2_class_word_noise_mask_oracle_20pct,food_x_plate_cov70_1,2,food_x_plate,0.7,cov70,0.695275,0.026623118668794632,27.52025818238,0.9475843109397161,ok,located,true
flux2_class_word_noise_mask_oracle_20pct,food_x_plate_cov70_1,3,food_x_plate,0.7,cov70,0.695275,0.42073702812194824,9.283906282947076,0.645781493088393,ok,located,false
flux2_class_word_noise_mask_oracle_20pct,food_x_plate_cov70_1,4,food_x_plate,0.7,cov70,0.695275,0.020039038732647896,30.88155008169339,0.9663548844414221,ok,located,false
flux2_class_word_noise_mask_oracle_20pct,food_x_plate_cov70_2,0,food_x_plate,0.7,cov70,0.695829,0.01238668616861105,30.389902450403486,0.9747802922323365,ok,located,false
flux2_class_word_noise_mask_oracle_20pct,food_x_plate_cov70_2,1,food_x_plate,0.7,cov70,0.695829,0.010668820701539516,30.22145625581642,0.9773027982812756,ok,located,false
flux2_class_word_noise_mask_oracle_20pct,food_x_plate_cov70_2,2,food_x_plate,0.7,cov70,0.695829,0.010168694891035557,31.626907936455044,0.9813258951251612,ok,located,false
flux2_class_word_noise_mask_oracle_20pct,food_x_plate_cov70_2,3,food_x_plate,0.7,cov70,0.695829,0.01188494823873043,28.602264462799425,0.9713034448422094,ok,located,true
flux2_class_word_noise_mask_oracle_20pct,food_x_plate_cov70_2,4,food_x_plate,0.7,cov70,0.695829,0.015934597700834274,27.294621991678923,0.9662280765975177,ok,located,false
flux2_class_word_noise_mask_oracle_20pct,coin_x_chest_cov70_0,0,coin_x_chest,0.7,cov70,0.7127,0.0997818261384964,19.873271994111562,0.7601295381955632,ok,located,true
flux2_class_word_noise_mask_oracle_20pct,coin_x_chest_cov70_0,1,coin_x_chest,0.7,cov70,0.7127,0.13396596908569336,19.734997299649873,0.7616547211088608,ok,located,false
flux2_class_word_noise_mask_oracle_20pct,coin_x_chest_cov70_0,2,coin_x_chest,0.7,cov70,0.7127,0.13322529196739197,20.170185172432014,0.7807147514521046,ok,located,false
flux2_class_word_noise_mask_oracle_20pct,coin_x_chest_cov70_0,3,coin_x_chest,0.7,cov70,0.7127,0.06862911581993103,21.63433262956336,0.8440516785218656,ok,located,false
flux2_class_word_noise_mask_oracle_20pct,coin_x_chest_cov70_0,4,coin_x_chest,0.7,cov70,0.7127,0.08720273524522781,21.591466690197024,0.8488159933480134,ok,located,false
flux2_class_word_noise_mask_oracle_20pct,coin_x_chest_cov70_1,0,coin_x_chest,0.7,cov70,0.709374,0.12846186757087708,19.643008912283662,0.7902635431788272,ok,located,true
flux2_class_word_noise_mask_oracle_20pct,coin_x_chest_cov70_1,1,coin_x_chest,0.7,cov70,0.709374,0.14228057861328125,19.844386212480966,0.8046456501459703,ok,located,false
flux2_class_word_noise_mask_oracle_20pct,coin_x_chest_cov70_1,2,coin_x_chest,0.7,cov70,0.709374,0.14800654351711273,19.23228346511545,0.7691608628558587,ok,located,false
flux2_class_word_noise_mask_oracle_20pct,coin_x_chest_cov70_1,3,coin_x_chest,0.7,cov70,0.709374,0.11479109525680542,19.40382747107754,0.7928444304809844,ok,located,false
flux2_class_word_noise_mask_oracle_20pct,coin_x_chest_cov70_1,4,coin_x_chest,0.7,cov70,0.709374,0.0993085727095604,19.102484901802594,0.7787082698824861,ok,located,false
flux2_class_word_noise_mask_oracle_20pct,coin_x_chest_cov70_2,0,coin_x_chest,0.7,cov70,0.707081,0.14629320800304413,18.15736915063765,0.6820709753894252,ok,located,false
flux2_class_word_noise_mask_oracle_20pct,coin_x_chest_cov70_2,1,coin_x_chest,0.7,cov70,0.707081,0.16228753328323364,18.60681890401028,0.6964373734579921,ok,located,false
flux2_class_word_noise_mask_oracle_20pct,coin_x_chest_cov70_2,2,coin_x_chest,0.7,cov70,0.707081,0.1431742161512375,18.70496596578888,0.7200570881374526,ok,located,false
flux2_class_word_noise_mask_oracle_20pct,coin_x_chest_cov70_2,3,coin_x_chest,0.7,cov70,0.707081,0.16687774658203125,18.09816185750567,0.6966885469464756,ok,located,false
flux2_class_word_noise_mask_oracle_20pct,coin_x_chest_cov70_2,4,coin_x_chest,0.7,cov70,0.707081,0.14766445755958557,19.074894961881533,0.741252486397686,ok,located,true
flux2_class_word_noise_mask_oracle_20pct,key_x_lock_cov50_0,0,key_x_lock,0.5,cov50,0.485743,0.40430209040641785,10.264425513621001,0.5918036148567283,ok,located,false
flux2_class_word_noise_mask_oracle_20pct,key_x_lock_cov50_0,1,key_x_lock,0.5,cov50,0.485743,0.11150233447551727,20.608920610517863,0.9485019679838459,ok,located,true
flux2_class_word_noise_mask_oracle_20pct,key_x_lock_cov50_0,2,key_x_lock,0.5,cov50,0.485743,0.2037542462348938,16.402198384354072,0.8405526888856493,ok,located,false
flux2_class_word_noise_mask_oracle_20pct,key_x_lock_cov50_0,3,key_x_lock,0.5,cov50,0.485743,0.0613027922809124,20.82512532207047,0.9328888093805724,ok,located,false
flux2_class_word_noise_mask_oracle_20pct,key_x_lock_cov50_0,4,key_x_lock,0.5,cov50,0.485743,0.08570690453052521,20.08140464441329,0.9289112564339668,ok,located,false
flux2_class_word_noise_mask_oracle_20pct,key_x_lock_cov50_1,0,key_x_lock,0.5,cov50,0.498359,0.14180326461791992,20.562729101336537,0.8837720765081274,ok,located,false
flux2_class_word_noise_mask_oracle_20pct,key_x_lock_cov50_1,1,key_x_lock,0.5,cov50,0.498359,0.20691587030887604,15.497907169344598,0.7234337216327015,ok,located,false
flux2_class_word_noise_mask_oracle_20pct,key_x_lock_cov50_1,2,key_x_lock,0.5,cov50,0.498359,0.10179007053375244,19.175315584870884,0.8961720158153451,ok,located,false
flux2_class_word_noise_mask_oracle_20pct,key_x_lock_cov50_1,3,key_x_lock,0.5,cov50,0.498359,0.060646072030067444,19.52658361916711,0.9274179352635774,ok,located,false
flux2_class_word_noise_mask_oracle_20pct,key_x_lock_cov50_1,4,key_x_lock,0.5,cov50,0.498359,0.11322272568941116,19.553092992288242,0.8312389321466398,ok,located,true
flux2_class_word_noise_mask_oracle_20pct,key_x_lock_cov50_2,0,key_x_lock,0.5,cov50,0.511836,0.04425157979130745,25.397367150191855,0.9463773833712184,ok,located,false
flux2_class_word_noise_mask_oracle_20pct,key_x_lock_cov50_2,1,key_x_lock,0.5,cov50,0.511836,0.10328243672847748,21.646367658372235,0.955582882463751,ok,located,false
flux2_class_word_noise_mask_oracle_20pct,key_x_lock_cov50_2,2,key_x_lock,0.5,cov50,0.511836,0.04605735465884209,22.64804153741224,0.9332625912558253,ok,located,false
flux2_class_word_noise_mask_oracle_20pct,key_x_lock_cov50_2,3,key_x_lock,0.5,cov50,0.511836,0.07214994728565216,19.200491039604312,0.9173701527993522,ok,located,true
flux2_class_word_noise_mask_oracle_20pct,key_x_lock_cov50_2,4,key_x_lock,0.5,cov50,0.511836,0.07999177277088165,21.482984129680087,0.9214168097875942,ok,located,false
flux2_class_word_noise_mask_oracle_20pct,potion_x_crate_cov50_0,0,potion_x_crate,0.5,cov50,0.518319,0.03725861757993698,26.705937856311998,0.9066309457140806,ok,located,false
flux2_class_word_noise_mask_oracle_20pct,potion_x_crate_cov50_0,1,potion_x_crate,0.5,cov50,0.518319,0.038222137838602066,26.50492030434694,0.9071772724141747,ok,located,true
flux2_class_word_noise_mask_oracle_20pct,potion_x_crate_cov50_0,2,potion_x_crate,0.5,cov50,0.518319,0.03702107071876526,26.363308079162717,0.8993983020500661,ok,located,false
flux2_class_word_noise_mask_oracle_20pct,potion_x_crate_cov50_0,3,potion_x_crate,0.5,cov50,0.518319,0.04190799593925476,25.9003808147628,0.8915110830081558,ok,located,false
flux2_class_word_noise_mask_oracle_20pct,potion_x_crate_cov50_0,4,potion_x_crate,0.5,cov50,0.518319,0.03899892419576645,25.142243873206986,0.8962509333886778,ok,located,false
flux2_class_word_noise_mask_oracle_20pct,potion_x_crate_cov50_1,0,potion_x_crate,0.5,cov50,0.505658,0.013769908808171749,33.49430559548209,0.9562323833243062,ok,located,true
flux2_class_word_noise_mask_oracle_20pct,potion_x_crate_cov50_1,1,potion_x_crate,0.5,cov50,0.505658,0.014752114191651344,31.924411296093503,0.951028146465862,ok,located,false
flux2_class_word_noise_mask_oracle_20pct,potion_x_crate_cov50_1,2,potion_x_crate,0.5,cov50,0.505658,0.012864296324551105,33.406424721347676,0.9552715414483205,ok,located,false
flux2_class_word_noise_mask_oracle_20pct,potion_x_crate_cov50_1,3,potion_x_crate,0.5,cov50,0.505658,0.016024556010961533,30.881188455842704,0.949616325625588,ok,located,false
flux2_class_word_noise_mask_oracle_20pct,potion_x_crate_cov50_1,4,potion_x_crate,0.5,cov50,0.505658,0.013386623002588749,33.406425465642975,0.9557900079644209,ok,located,false
flux2_class_word_noise_mask_oracle_20pct,potion_x_crate_cov50_2,0,potion_x_crate,0.5,cov50,0.514935,0.03167637437582016,27.528579131310313,0.921882506902814,ok,located,false
flux2_class_word_noise_mask_oracle_20pct,potion_x_crate_cov50_2,1,potion_x_crate,0.5,cov50,0.514935,0.034708600491285324,26.93859466842566,0.9216546897500603,ok,located,true
flux2_class_word_noise_mask_oracle_20pct,potion_x_crate_cov50_2,2,potion_x_crate,0.5,cov50,0.514935,0.032074809074401855,27.318061739004158,0.9211709149832555,ok,located,false
flux2_class_word_noise_mask_oracle_20pct,potion_x_crate_cov50_2,3,potion_x_crate,0.5,cov50,0.514935,0.04269898682832718,27.429400305190676,0.9214826316189336,ok,located,false
flux2_class_word_noise_mask_oracle_20pct,potion_x_crate_cov50_2,4,potion_x_crate,0.5,cov50,0.514935,0.04336442053318024,26.8560881972616,0.9159072050305616,ok,located,false
flux2_class_word_noise_mask_oracle_20pct,gem_x_ring_cov30_0,0,gem_x_ring,0.3,cov30,0.299812,0.015745121985673904,24.379392070009406,0.9405941253724809,ok,located,false
flux2_class_word_noise_mask_oracle_20pct,gem_x_ring_cov30_0,1,gem_x_ring,0.3,cov30,0.299812,0.030654462054371834,19.392688957618635,0.809671886467,ok,located,false
flux2_class_word_noise_mask_oracle_20pct,gem_x_ring_cov30_0,2,gem_x_ring,0.3,cov30,0.299812,0.016871148720383644,24.72448295158076,0.9361586667795422,ok,located,false
flux2_class_word_noise_mask_oracle_20pct,gem_x_ring_cov30_0,3,gem_x_ring,0.3,cov30,0.299812,0.018786074593663216,23.755331161119972,0.9073273112118057,ok,located,true
flux2_class_word_noise_mask_oracle_20pct,gem_x_ring_cov30_0,4,gem_x_ring,0.3,cov30,0.299812,0.02477448247373104,21.305582666327695,0.8595646419339434,ok,located,false
flux2_class_word_noise_mask_oracle_20pct,gem_x_ring_cov30_1,0,gem_x_ring,0.3,cov30,0.287595,0.009327301755547523,26.22611886971263,0.9477797527504469,ok,located,false
flux2_class_word_noise_mask_oracle_20pct,gem_x_ring_cov30_1,1,gem_x_ring,0.3,cov30,0.287595,0.014282507821917534,25.39729087019403,0.9415363970074836,ok,located,false
flux2_class_word_noise_mask_oracle_20pct,gem_x_ring_cov30_1,2,gem_x_ring,0.3,cov30,0.287595,0.01265366654843092,24.065385259007577,0.9324911474373095,ok,located,false
flux2_class_word_noise_mask_oracle_20pct,gem_x_ring_cov30_1,3,gem_x_ring,0.3,cov30,0.287595,0.01262393407523632,25.77984207188163,0.9463229316063512,ok,located,true
flux2_class_word_noise_mask_oracle_20pct,gem_x_ring_cov30_1,4,gem_x_ring,0.3,cov30,0.287595,0.01210623886436224,24.69960988521091,0.9273726063873436,ok,located,false
flux2_class_word_noise_mask_oracle_20pct,gem_x_ring_cov30_2,0,gem_x_ring,0.3,cov30,0.290504,0.010898054577410221,27.66730744747803,0.9621028348693733,ok,located,false
flux2_class_word_noise_mask_oracle_20pct,gem_x_ring_cov30_2,1,gem_x_ring,0.3,cov30,0.290504,0.01957547292113304,25.32962283456837,0.9488240725315095,ok,located,false
flux2_class_word_noise_mask_oracle_20pct,gem_x_ring_cov30_2,2,gem_x_ring,0.3,cov30,0.290504,0.016686687245965004,23.384395585892214,0.917467013611199,ok,located,true
flux2_class_word_noise_mask_oracle_20pct,gem_x_ring_cov30_2,3,gem_x_ring,0.3,cov30,0.290504,0.013581665232777596,26.81457148157472,0.9513080120942226,ok,located,false
flux2_class_word_noise_mask_oracle_20pct,gem_x_ring_cov30_2,4,gem_x_ring,0.3,cov30,0.290504,0.016743242740631104,24.206059232346405,0.9249511355662245,ok,located,false
flux2_class_word_noise_mask_oracle_20pct,pen_x_book_cov30_0,0,pen_x_book,0.3,cov30,0.310811,0.0295476783066988,29.92408923097388,0.9623518011944926,ok,located,false
flux2_class_word_noise_mask_oracle_20pct,pen_x_book_cov30_0,1,pen_x_book,0.3,cov30,0.310811,0.02520555630326271,29.978481478392002,0.9625898369679793,ok,located,false
flux2_class_word_noise_mask_oracle_20pct,pen_x_book_cov30_0,2,pen_x_book,0.3,cov30,0.310811,0.04679502546787262,25.967934606614538,0.8941441716100628,ok,located,false
flux2_class_word_noise_mask_oracle_20pct,pen_x_book_cov30_0,3,pen_x_book,0.3,cov30,0.310811,0.025270355865359306,29.949863318773513,0.9644784706476192,ok,located,true
flux2_class_word_noise_mask_oracle_20pct,pen_x_book_cov30_0,4,pen_x_book,0.3,cov30,0.310811,0.02514192834496498,30.154251293432463,0.9639468177557977,ok,located,false
flux2_class_word_noise_mask_oracle_20pct,pen_x_book_cov30_1,0,pen_x_book,0.3,cov30,0.304428,0.021324312314391136,30.609782372668626,0.9535263262184084,ok,located,false
flux2_class_word_noise_mask_oracle_20pct,pen_x_book_cov30_1,1,pen_x_book,0.3,cov30,0.304428,0.023071376606822014,29.978518323450736,0.9450718636080482,ok,located,false
flux2_class_word_noise_mask_oracle_20pct,pen_x_book_cov30_1,2,pen_x_book,0.3,cov30,0.304428,0.020995575934648514,29.905120032284927,0.9545798301765318,ok,located,false
flux2_class_word_noise_mask_oracle_20pct,pen_x_book_cov30_1,3,pen_x_book,0.3,cov30,0.304428,0.024114057421684265,28.332946297837303,0.9426715420004276,ok,located,false
flux2_class_word_noise_mask_oracle_20pct,pen_x_book_cov30_1,4,pen_x_book,0.3,cov30,0.304428,0.02284267172217369,29.488962046443284,0.9460893016918609,ok,located,true
flux2_class_word_noise_mask_oracle_20pct,pen_x_book_cov30_2,0,pen_x_book,0.3,cov30,0.306125,0.030270535498857498,31.71042853140029,0.9492966753520212,ok,located,false
flux2_class_word_noise_mask_oracle_20pct,pen_x_book_cov30_2,1,pen_x_book,0.3,cov30,0.306125,0.033790022134780884,30.560975687434492,0.9392879793473519,ok,located,false
flux2_class_word_noise_mask_oracle_20pct,pen_x_book_cov30_2,2,pen_x_book,0.3,cov30,0.306125,0.018718097358942032,32.97736136034695,0.9737423924116447,ok,located,false
flux2_class_word_noise_mask_oracle_20pct,pen_x_book_cov30_2,3,pen_x_book,0.3,cov30,0.306125,0.02556139975786209,32.61481831148959,0.9742556532013937,ok,located,true
flux2_class_word_noise_mask_oracle_20pct,pen_x_book_cov30_2,4,pen_x_book,0.3,cov30,0.306125,0.021028701215982437,33.21978900637054,0.9752222141213283,ok,located,false
flux2_class_word_noise_mask_oracle_20pct,sword_x_shield_cov30_0,0,sword_x_shield,0.3,cov30,0.286166,0.06210756674408913,26.99138452867759,0.949125483698853,ok,located,false
flux2_class_word_noise_mask_oracle_20pct,sword_x_shield_cov30_0,1,sword_x_shield,0.3,cov30,0.286166,0.036465033888816833,24.014956996321423,0.903679923978685,ok,located,false
flux2_class_word_noise_mask_oracle_20pct,sword_x_shield_cov30_0,2,sword_x_shield,0.3,cov30,0.286166,0.01928732916712761,31.66179753829086,0.9794287230087807,ok,located,false
flux2_class_word_noise_mask_oracle_20pct,sword_x_shield_cov30_0,3,sword_x_shield,0.3,cov30,0.286166,0.4900612235069275,10.904684236604346,0.5559425799889898,ok,located,false
flux2_class_word_noise_mask_oracle_20pct,sword_x_shield_cov30_0,4,sword_x_shield,0.3,cov30,0.286166,0.04108349233865738,24.10565335423265,0.9049494050142504,ok,located,true
flux2_class_word_noise_mask_oracle_20pct,sword_x_shield_cov30_1,0,sword_x_shield,0.3,cov30,0.280355,0.018611177802085876,24.258554212519346,0.9046882484857632,ok,located,false
flux2_class_word_noise_mask_oracle_20pct,sword_x_shield_cov30_1,1,sword_x_shield,0.3,cov30,0.280355,0.019355036318302155,24.24073358040941,0.9010401726972647,ok,located,true
flux2_class_word_noise_mask_oracle_20pct,sword_x_shield_cov30_1,2,sword_x_shield,0.3,cov30,0.280355,0.01655392348766327,26.016009112554404,0.930400424138992,ok,located,false
flux2_class_word_noise_mask_oracle_20pct,sword_x_shield_cov30_1,3,sword_x_shield,0.3,cov30,0.280355,0.3341837525367737,11.785221133344914,0.5920071736493635,ok,located,false
flux2_class_word_noise_mask_oracle_20pct,sword_x_shield_cov30_1,4,sword_x_shield,0.3,cov30,0.280355,0.028771188110113144,21.98188415216396,0.8501469180473169,ok,located,false
flux2_class_word_noise_mask_oracle_20pct,sword_x_shield_cov30_2,0,sword_x_shield,0.3,cov30,0.284125,0.06544800102710724,23.66550863515186,0.9019122780175497,ok,located,false
flux2_class_word_noise_mask_oracle_20pct,sword_x_shield_cov30_2,1,sword_x_shield,0.3,cov30,0.284125,0.023409098386764526,25.965336546258193,0.9502211025206537,ok,located,false
flux2_class_word_noise_mask_oracle_20pct,sword_x_shield_cov30_2,2,sword_x_shield,0.3,cov30,0.284125,0.027059782296419144,23.101079067625495,0.9165579321742549,ok,located,true
flux2_class_word_noise_mask_oracle_20pct,sword_x_shield_cov30_2,3,sword_x_shield,0.3,cov30,0.284125,0.3078405261039734,10.634677393501626,0.5506422806490643,ok,located,false
flux2_class_word_noise_mask_oracle_20pct,sword_x_shield_cov30_2,4,sword_x_shield,0.3,cov30,0.284125,0.025288648903369904,27.69639307940574,0.9645823317703149,ok,located,false
flux2_class_word_noise_mask_oracle_20pct,hammer_x_anvil_cov30_0,0,hammer_x_anvil,0.3,cov30,0.310627,0.02069014683365822,28.378055905130136,0.9818414572409253,ok,located,true
flux2_class_word_noise_mask_oracle_20pct,hammer_x_anvil_cov30_0,1,hammer_x_anvil,0.3,cov30,0.310627,0.016535522416234016,29.077657188256715,0.9814220971241676,ok,located,false
flux2_class_word_noise_mask_oracle_20pct,hammer_x_anvil_cov30_0,2,hammer_x_anvil,0.3,cov30,0.310627,0.024974428117275238,26.49776184062337,0.9784008207435293,ok,located,false
flux2_class_word_noise_mask_oracle_20pct,hammer_x_anvil_cov30_0,3,hammer_x_anvil,0.3,cov30,0.310627,0.016074668616056442,29.032007451546885,0.9820396593175563,ok,located,false
flux2_class_word_noise_mask_oracle_20pct,hammer_x_anvil_cov30_0,4,hammer_x_anvil,0.3,cov30,0.310627,0.023211779072880745,26.75989269787353,0.9793840275034685,ok,located,false
flux2_class_word_noise_mask_oracle_20pct,hammer_x_anvil_cov30_1,0,hammer_x_anvil,0.3,cov30,0.280833,0.01914532668888569,31.530309973608762,0.9836191935267803,ok,located,false
flux2_class_word_noise_mask_oracle_20pct,hammer_x_anvil_cov30_1,1,hammer_x_anvil,0.3,cov30,0.280833,0.013549470342695713,32.54689431859099,0.9887461504252574,ok,located,false
flux2_class_word_noise_mask_oracle_20pct,hammer_x_anvil_cov30_1,2,hammer_x_anvil,0.3,cov30,0.280833,0.012581972405314445,32.88106970975893,0.9888639034000629,ok,located,false
flux2_class_word_noise_mask_oracle_20pct,hammer_x_anvil_cov30_1,3,hammer_x_anvil,0.3,cov30,0.280833,0.016420384868979454,31.61471497398205,0.986651715533358,ok,located,false
flux2_class_word_noise_mask_oracle_20pct,hammer_x_anvil_cov30_1,4,hammer_x_anvil,0.3,cov30,0.280833,0.015418441966176033,31.742424351515844,0.9859920457006224,ok,located,true
flux2_class_word_noise_mask_oracle_20pct,hammer_x_anvil_cov30_2,0,hammer_x_anvil,0.3,cov30,0.306076,0.012744334526360035,34.25171129693818,0.991416080619579,ok,located,false
flux2_class_word_noise_mask_oracle_20pct,hammer_x_anvil_cov30_2,1,hammer_x_anvil,0.3,cov30,0.306076,0.012689574621617794,32.69198980159421,0.9855341047344939,ok,located,false
flux2_class_word_noise_mask_oracle_20pct,hammer_x_anvil_cov30_2,2,hammer_x_anvil,0.3,cov30,0.306076,0.013881157152354717,32.51539184784917,0.9863876116570411,ok,located,true
flux2_class_word_noise_mask_oracle_20pct,hammer_x_anvil_cov30_2,3,hammer_x_anvil,0.3,cov30,0.306076,0.01635744608938694,32.08281384545629,0.9821576762614411,ok,located,false
flux2_class_word_noise_mask_oracle_20pct,hammer_x_anvil_cov30_2,4,hammer_x_anvil,0.3,cov30,0.306076,0.022271130234003067,32.68500901956456,0.9808723105216909,ok,located,false
qwen2511_class_word_noise_mask_oracle_0pct,emblem_x_banner_cov50_0,0,emblem_x_banner,0.5,cov50,0.497214,0.0466039665043354,30.313801218358908,0.9556032363853997,ok,located,false
qwen2511_class_word_noise_mask_oracle_0pct,emblem_x_banner_cov50_0,1,emblem_x_banner,0.5,cov50,0.497214,0.07492415606975555,29.650438909420235,0.9438874636420435,ok,located,false
qwen2511_class_word_noise_mask_oracle_0pct,emblem_x_banner_cov50_0,2,emblem_x_banner,0.5,cov50,0.497214,0.05743023753166199,29.155739110125722,0.9442687268616359,ok,located,true
qwen2511_class_word_noise_mask_oracle_0pct,emblem_x_banner_cov50_0,3,emblem_x_banner,0.5,cov50,0.497214,0.05713416635990143,30.505392841522195,0.951400551868245,ok,located,false
qwen2511_class_word_noise_mask_oracle_0pct,emblem_x_banner_cov50_0,4,emblem_x_banner,0.5,cov50,0.497214,0.06688224524259567,29.918203310255027,0.9470952445153799,ok,located,false
qwen2511_class_word_noise_mask_oracle_0pct,emblem_x_banner_cov50_1,0,emblem_x_banner,0.5,cov50,0.486007,0.07165731489658356,31.3655894286771,0.9606835153742505,ok,located,false
qwen2511_class_word_noise_mask_oracle_0pct,emblem_x_banner_cov50_1,1,emblem_x_banner,0.5,cov50,0.486007,0.05916367098689079,32.49326430864767,0.9629178140261735,ok,located,false
qwen2511_class_word_noise_mask_oracle_0pct,emblem_x_banner_cov50_1,2,emblem_x_banner,0.5,cov50,0.486007,0.06312574446201324,31.346908601772082,0.962076716662065,ok,located,true
qwen2511_class_word_noise_mask_oracle_0pct,emblem_x_banner_cov50_1,3,emblem_x_banner,0.5,cov50,0.486007,0.05271546542644501,33.23051773044175,0.9655146022389899,ok,located,false
qwen2511_class_word_noise_mask_oracle_0pct,emblem_x_banner_cov50_1,4,emblem_x_banner,0.5,cov50,0.486007,0.0657891109585762,32.003478514755216,0.9635615644762,ok,located,false
qwen2511_class_word_noise_mask_oracle_0pct,emblem_x_banner_cov50_2,0,emblem_x_banner,0.5,cov50,0.505033,0.13697576522827148,27.06817797589367,0.9310958390112916,ok,located,false
qwen2511_class_word_noise_mask_oracle_0pct,emblem_x_banner_cov50_2,1,emblem_x_banner,0.5,cov50,0.505033,0.13369683921337128,26.46190282142808,0.9263871727670602,ok,located,false
qwen2511_class_word_noise_mask_oracle_0pct,emblem_x_banner_cov50_2,2,emblem_x_banner,0.5,cov50,0.505033,0.1298992782831192,27.43559504899472,0.9406333840399048,ok,located,true
qwen2511_class_word_noise_mask_oracle_0pct,emblem_x_banner_cov50_2,3,emblem_x_banner,0.5,cov50,0.505033,0.12367220222949982,27.307823434037,0.9390403634365295,ok,located,false
qwen2511_class_word_noise_mask_oracle_0pct,emblem_x_banner_cov50_2,4,emblem_x_banner,0.5,cov50,0.505033,0.12180210649967194,28.68704659574042,0.9440431301128017,ok,located,false
qwen2511_class_word_noise_mask_oracle_0pct,food_x_plate_cov70_0,0,food_x_plate,0.7,cov70,0.713963,0.18264704942703247,15.19440049073041,0.7943074954350688,ok,located,false
qwen2511_class_word_noise_mask_oracle_0pct,food_x_plate_cov70_0,1,food_x_plate,0.7,cov70,0.713963,0.16682465374469757,16.0368089722812,0.8062534186294626,ok,located,false
qwen2511_class_word_noise_mask_oracle_0pct,food_x_plate_cov70_0,2,food_x_plate,0.7,cov70,0.713963,0.18079113960266113,15.19186627410102,0.7977042864861524,ok,located,false
qwen2511_class_word_noise_mask_oracle_0pct,food_x_plate_cov70_0,3,food_x_plate,0.7,cov70,0.713963,0.1718873828649521,17.24301821000001,0.8145533989434784,ok,located,true
qwen2511_class_word_noise_mask_oracle_0pct,food_x_plate_cov70_0,4,food_x_plate,0.7,cov70,0.713963,0.15457400679588318,21.673677934455718,0.8703458595874202,ok,located,false
qwen2511_class_word_noise_mask_oracle_0pct,food_x_plate_cov70_1,0,food_x_plate,0.7,cov70,0.695275,0.1279682070016861,26.464885535034362,0.9141993850998391,ok,located,true
qwen2511_class_word_noise_mask_oracle_0pct,food_x_plate_cov70_1,1,food_x_plate,0.7,cov70,0.695275,0.12028280645608902,26.50542848289295,0.9147956056053824,ok,located,false
qwen2511_class_word_noise_mask_oracle_0pct,food_x_plate_cov70_1,2,food_x_plate,0.7,cov70,0.695275,0.1264827400445938,26.02895151663095,0.9102881027235589,ok,located,false
qwen2511_class_word_noise_mask_oracle_0pct,food_x_plate_cov70_1,3,food_x_plate,0.7,cov70,0.695275,0.13185814023017883,25.71403861296897,0.8995249980277794,ok,located,false
qwen2511_class_word_noise_mask_oracle_0pct,food_x_plate_cov70_1,4,food_x_plate,0.7,cov70,0.695275,0.13910050690174103,25.900168947539164,0.9048253713530863,ok,located,false
qwen2511_class_word_noise_mask_oracle_0pct,food_x_plate_cov70_2,0,food_x_plate,0.7,cov70,0.695829,0.17529210448265076,14.896996294280061,0.7569616487585827,ok,located,true
qwen2511_class_word_noise_mask_oracle_0pct,food_x_plate_cov70_2,1,food_x_plate,0.7,cov70,0.695829,0.14310649037361145,17.614327320026607,0.8158851035452844,ok,located,false
qwen2511_class_word_noise_mask_oracle_0pct,food_x_plate_cov70_2,2,food_x_plate,0.7,cov70,0.695829,0.1309816837310791,18.374245679211512,0.828247446262892,ok,located,false
qwen2511_class_word_noise_mask_oracle_0pct,food_x_plate_cov70_2,3,food_x_plate,0.7,cov70,0.695829,0.22222229838371277,11.702702479877827,0.7008554934532016,ok,located,false
qwen2511_class_word_noise_mask_oracle_0pct,food_x_plate_cov70_2,4,food_x_plate,0.7,cov70,0.695829,0.1903088390827179,13.743980548868183,0.7489690242211838,ok,located,false
qwen2511_class_word_noise_mask_oracle_0pct,coin_x_chest_cov70_0,0,coin_x_chest,0.7,cov70,0.7127,0.17350125312805176,14.819926502919056,0.4695489637338919,ok,located,false
qwen2511_class_word_noise_mask_oracle_0pct,coin_x_chest_cov70_0,1,coin_x_chest,0.7,cov70,0.7127,0.1916702687740326,15.089203437686793,0.4727174890521965,ok,located,false
qwen2511_class_word_noise_mask_oracle_0pct,coin_x_chest_cov70_0,2,coin_x_chest,0.7,cov70,0.7127,0.22060805559158325,14.531801943180236,0.5031896688523027,ok,located,false
qwen2511_class_word_noise_mask_oracle_0pct,coin_x_chest_cov70_0,3,coin_x_chest,0.7,cov70,0.7127,0.20344626903533936,15.361417292915142,0.4719542650183706,ok,located,true
qwen2511_class_word_noise_mask_oracle_0pct,coin_x_chest_cov70_0,4,coin_x_chest,0.7,cov70,0.7127,0.25005781650543213,14.468294753589976,0.4879680864776774,ok,located,false
qwen2511_class_word_noise_mask_oracle_0pct,coin_x_chest_cov70_1,0,coin_x_chest,0.7,cov70,0.709374,0.17942345142364502,18.667552957179613,0.6940164594815491,ok,located,true
qwen2511_class_word_noise_mask_oracle_0pct,coin_x_chest_cov70_1,1,coin_x_chest,0.7,cov70,0.709374,0.16926300525665283,19.125451633202843,0.7467896361542811,ok,located,false
qwen2511_class_word_noise_mask_oracle_0pct,coin_x_chest_cov70_1,2,coin_x_chest,0.7,cov70,0.709374,0.18283094465732574,19.312097924179994,0.7195770955068176,ok,located,false
qwen2511_class_word_noise_mask_oracle_0pct,coin_x_chest_cov70_1,3,coin_x_chest,0.7,cov70,0.709374,0.1617930829524994,19.04492791292209,0.7312816357306936,ok,located,false
qwen2511_class_word_noise_mask_oracle_0pct,coin_x_chest_cov70_1,4,coin_x_chest,0.7,cov70,0.709374,0.27003178000450134,17.097639522832058,0.6881342887155798,ok,located,false
qwen2511_class_word_noise_mask_oracle_0pct,coin_x_chest_cov70_2,0,coin_x_chest,0.7,cov70,0.707081,0.1578541100025177,18.782479365057114,0.7085363544531814,ok,located,false
qwen2511_class_word_noise_mask_oracle_0pct,coin_x_chest_cov70_2,1,coin_x_chest,0.7,cov70,0.707081,0.19729915261268616,17.464846783387667,0.6830791349922558,ok,located,true
qwen2511_class_word_noise_mask_oracle_0pct,coin_x_chest_cov70_2,2,coin_x_chest,0.7,cov70,0.707081,0.28176531195640564,15.30040910130266,0.6542139129206572,ok,located,false
qwen2511_class_word_noise_mask_oracle_0pct,coin_x_chest_cov70_2,3,coin_x_chest,0.7,cov70,0.707081,0.19451798498630524,19.415546557723633,0.7293710127048816,ok,located,false
qwen2511_class_word_noise_mask_oracle_0pct,coin_x_chest_cov70_2,4,coin_x_chest,0.7,cov70,0.707081,0.262893408536911,15.844332798029159,0.6638284407676451,ok,located,false
qwen2511_class_word_noise_mask_oracle_0pct,key_x_lock_cov50_0,0,key_x_lock,0.5,cov50,0.485743,0.142396479845047,20.568699618428102,0.9106243487789646,ok,located,true
qwen2511_class_word_noise_mask_oracle_0pct,key_x_lock_cov50_0,1,key_x_lock,0.5,cov50,0.485743,0.40161949396133423,9.853712376357427,0.5967443807172735,ok,located,false
qwen2511_class_word_noise_mask_oracle_0pct,key_x_lock_cov50_0,2,key_x_lock,0.5,cov50,0.485743,0.13118281960487366,16.985554675044266,0.8690473530775442,ok,located,false
qwen2511_class_word_noise_mask_oracle_0pct,key_x_lock_cov50_0,3,key_x_lock,0.5,cov50,0.485743,0.14182345569133759,20.350857265093325,0.9071772576852538,ok,located,false
qwen2511_class_word_noise_mask_oracle_0pct,key_x_lock_cov50_0,4,key_x_lock,0.5,cov50,0.485743,0.14758887887001038,20.351593094756474,0.9035709752194583,ok,located,false
qwen2511_class_word_noise_mask_oracle_0pct,key_x_lock_cov50_1,0,key_x_lock,0.5,cov50,0.498359,0.36575058102607727,10.055997957753133,0.559493743828383,ok,located,false
qwen2511_class_word_noise_mask_oracle_0pct,key_x_lock_cov50_1,1,key_x_lock,0.5,cov50,0.498359,0.47114068269729614,8.878397288161544,0.5190893006189875,ok,located,true
qwen2511_class_word_noise_mask_oracle_0pct,key_x_lock_cov50_1,2,key_x_lock,0.5,cov50,0.498359,0.3833640217781067,9.56213919185391,0.5320846801001857,ok,located,false
qwen2511_class_word_noise_mask_oracle_0pct,key_x_lock_cov50_1,3,key_x_lock,0.5,cov50,0.498359,0.4740676283836365,8.984795250931057,0.5292695966061762,ok,located,false
qwen2511_class_word_noise_mask_oracle_0pct,key_x_lock_cov50_1,4,key_x_lock,0.5,cov50,0.498359,0.47617995738983154,8.640046982813084,0.5148765922374486,ok,located,false
qwen2511_class_word_noise_mask_oracle_0pct,key_x_lock_cov50_2,0,key_x_lock,0.5,cov50,0.511836,0.4943625330924988,8.455114607215526,0.4889530932192498,ok,located,false
qwen2511_class_word_noise_mask_oracle_0pct,key_x_lock_cov50_2,1,key_x_lock,0.5,cov50,0.511836,0.46343111991882324,8.921194350610463,0.5039565052949375,ok,located,true
qwen2511_class_word_noise_mask_oracle_0pct,key_x_lock_cov50_2,2,key_x_lock,0.5,cov50,0.511836,0.41419219970703125,9.012707289191535,0.4987569818120315,ok,located,false
qwen2511_class_word_noise_mask_oracle_0pct,key_x_lock_cov50_2,3,key_x_lock,0.5,cov50,0.511836,0.49110761284828186,8.442852797705992,0.4805957954092596,ok,located,false
qwen2511_class_word_noise_mask_oracle_0pct,key_x_lock_cov50_2,4,key_x_lock,0.5,cov50,0.511836,0.40766310691833496,9.337261608477302,0.5240696499028829,ok,located,false
qwen2511_class_word_noise_mask_oracle_0pct,potion_x_crate_cov50_0,0,potion_x_crate,0.5,cov50,0.518319,0.3277905285358429,13.835990523727643,0.40926786371876167,ok,located,false
qwen2511_class_word_noise_mask_oracle_0pct,potion_x_crate_cov50_0,1,potion_x_crate,0.5,cov50,0.518319,0.3105325400829315,13.859755943250804,0.4164994417662293,ok,located,true
qwen2511_class_word_noise_mask_oracle_0pct,potion_x_crate_cov50_0,2,potion_x_crate,0.5,cov50,0.518319,0.3036552369594574,14.114687041421124,0.428908406206647,ok,located,false
qwen2511_class_word_noise_mask_oracle_0pct,potion_x_crate_cov50_0,3,potion_x_crate,0.5,cov50,0.518319,0.16443917155265808,16.673908830658718,0.5235742725418194,ok,located,false
qwen2511_class_word_noise_mask_oracle_0pct,potion_x_crate_cov50_0,4,potion_x_crate,0.5,cov50,0.518319,0.3215624988079071,14.150782148547577,0.44231387160563457,ok,located,false
qwen2511_class_word_noise_mask_oracle_0pct,potion_x_crate_cov50_1,0,potion_x_crate,0.5,cov50,0.505658,0.27500492334365845,13.946264074784967,0.46216391877897517,ok,located,false
qwen2511_class_word_noise_mask_oracle_0pct,potion_x_crate_cov50_1,1,potion_x_crate,0.5,cov50,0.505658,0.13840222358703613,16.914241306137207,0.571658226892871,ok,located,false
qwen2511_class_word_noise_mask_oracle_0pct,potion_x_crate_cov50_1,2,potion_x_crate,0.5,cov50,0.505658,0.14425499737262726,16.944324668271587,0.5701224973226647,ok,located,true
qwen2511_class_word_noise_mask_oracle_0pct,potion_x_crate_cov50_1,3,potion_x_crate,0.5,cov50,0.505658,0.13832910358905792,16.740967360293563,0.5648325778017776,ok,located,false
qwen2511_class_word_noise_mask_oracle_0pct,potion_x_crate_cov50_1,4,potion_x_crate,0.5,cov50,0.505658,0.15169717371463776,16.676433438516806,0.5657086838684678,ok,located,false
qwen2511_class_word_noise_mask_oracle_0pct,potion_x_crate_cov50_2,0,potion_x_crate,0.5,cov50,0.514935,0.16977670788764954,16.144640516672627,0.5246187769979076,ok,located,true
qwen2511_class_word_noise_mask_oracle_0pct,potion_x_crate_cov50_2,1,potion_x_crate,0.5,cov50,0.514935,0.14881598949432373,17.325736334996247,0.5876332740858753,ok,located,false
qwen2511_class_word_noise_mask_oracle_0pct,potion_x_crate_cov50_2,2,potion_x_crate,0.5,cov50,0.514935,0.1673593819141388,16.528609888872555,0.5516483688436397,ok,located,false
qwen2511_class_word_noise_mask_oracle_0pct,potion_x_crate_cov50_2,3,potion_x_crate,0.5,cov50,0.514935,0.18982867896556854,15.995184679260442,0.5222701007980252,ok,located,false
qwen2511_class_word_noise_mask_oracle_0pct,potion_x_crate_cov50_2,4,potion_x_crate,0.5,cov50,0.514935,0.2181696593761444,15.61963545613783,0.508885972639106,ok,located,false
qwen2511_class_word_noise_mask_oracle_0pct,gem_x_ring_cov30_0,0,gem_x_ring,0.3,cov30,0.299812,0.3084510862827301,9.052695277574795,0.5596908028763168,ok,located,false
qwen2511_class_word_noise_mask_oracle_0pct,gem_x_ring_cov30_0,1,gem_x_ring,0.3,cov30,0.299812,0.4252982437610626,8.102029865013025,0.5113033460085844,ok,located,false
qwen2511_class_word_noise_mask_oracle_0pct,gem_x_ring_cov30_0,2,gem_x_ring,0.3,cov30,0.299812,0.2563495337963104,8.930848629002938,0.5537530692434839,ok,located,false
qwen2511_class_word_noise_mask_oracle_0pct,gem_x_ring_cov30_0,3,gem_x_ring,0.3,cov30,0.299812,0.413938045501709,7.684153935871558,0.487262388216781,ok,located,true
qwen2511_class_word_noise_mask_oracle_0pct,gem_x_ring_cov30_0,4,gem_x_ring,0.3,cov30,0.299812,0.419832319021225,8.444921946766588,0.5380153671175205,ok,located,false
qwen2511_class_word_noise_mask_oracle_0pct,gem_x_ring_cov30_1,0,gem_x_ring,0.3,cov30,0.287595,0.19883954524993896,12.757378461351077,0.6097297909476055,ok,located,false
qwen2511_class_word_noise_mask_oracle_0pct,gem_x_ring_cov30_1,1,gem_x_ring,0.3,cov30,0.287595,0.08595720678567886,23.18792076003891,0.9013723968858867,ok,located,false
qwen2511_class_word_noise_mask_oracle_0pct,gem_x_ring_cov30_1,2,gem_x_ring,0.3,cov30,0.287595,0.44966208934783936,8.638619988836139,0.5333723233362773,ok,located,false
qwen2511_class_word_noise_mask_oracle_0pct,gem_x_ring_cov30_1,3,gem_x_ring,0.3,cov30,0.287595,0.4480990767478943,7.966459883095905,0.48485118484556206,ok,located,true
qwen2511_class_word_noise_mask_oracle_0pct,gem_x_ring_cov30_1,4,gem_x_ring,0.3,cov30,0.287595,0.45456236600875854,8.353633549997843,0.5060966715466398,ok,located,false
qwen2511_class_word_noise_mask_oracle_0pct,gem_x_ring_cov30_2,0,gem_x_ring,0.3,cov30,0.290504,0.023018747568130493,26.65027108933237,0.9518543016653632,ok,located,true
qwen2511_class_word_noise_mask_oracle_0pct,gem_x_ring_cov30_2,1,gem_x_ring,0.3,cov30,0.290504,0.01417631283402443,26.57083134795021,0.9379372717661205,ok,located,false
qwen2511_class_word_noise_mask_oracle_0pct,gem_x_ring_cov30_2,2,gem_x_ring,0.3,cov30,0.290504,0.25546956062316895,10.067273177612568,0.6045831261182485,ok,located,false
qwen2511_class_word_noise_mask_oracle_0pct,gem_x_ring_cov30_2,3,gem_x_ring,0.3,cov30,0.290504,0.022522281855344772,24.323627857648297,0.9142765259034383,ok,located,false
qwen2511_class_word_noise_mask_oracle_0pct,gem_x_ring_cov30_2,4,gem_x_ring,0.3,cov30,0.290504,0.1337125599384308,12.292788481763438,0.6650500076419272,ok,located,false
qwen2511_class_word_noise_mask_oracle_0pct,pen_x_book_cov30_0,0,pen_x_book,0.3,cov30,0.310811,0.5072101354598999,13.986617411359541,0.5665052359672781,ok,located,true
qwen2511_class_word_noise_mask_oracle_0pct,pen_x_book_cov30_0,1,pen_x_book,0.3,cov30,0.310811,0.5970569849014282,11.876922075798486,0.4871438937369293,ok,located,false
qwen2511_class_word_noise_mask_oracle_0pct,pen_x_book_cov30_0,2,pen_x_book,0.3,cov30,0.310811,0.34829747676849365,17.44736200129845,0.708783041825335,ok,located,false
qwen2511_class_word_noise_mask_oracle_0pct,pen_x_book_cov30_0,3,pen_x_book,0.3,cov30,0.310811,0.5931262969970703,11.859345215683295,0.49905912725333385,ok,located,false
qwen2511_class_word_noise_mask_oracle_0pct,pen_x_book_cov30_0,4,pen_x_book,0.3,cov30,0.310811,0.4979737401008606,14.131675953485791,0.5700338025069996,ok,located,false
qwen2511_class_word_noise_mask_oracle_0pct,pen_x_book_cov30_1,0,pen_x_book,0.3,cov30,0.304428,0.6102390885353088,11.009087472484868,0.4374524866635092,ok,located,false
qwen2511_class_word_noise_mask_oracle_0pct,pen_x_book_cov30_1,1,pen_x_book,0.3,cov30,0.304428,0.5404698848724365,11.499243724120658,0.5124895463926272,ok,located,true
qwen2511_class_word_noise_mask_oracle_0pct,pen_x_book_cov30_1,2,pen_x_book,0.3,cov30,0.304428,0.5327907800674438,11.501892826017366,0.5160942004327109,ok,located,false
qwen2511_class_word_noise_mask_oracle_0pct,pen_x_book_cov30_1,3,pen_x_book,0.3,cov30,0.304428,0.4366602599620819,13.286846461778318,0.5425316702869786,ok,located,false
qwen2511_class_word_noise_mask_oracle_0pct,pen_x_book_cov30_1,4,pen_x_book,0.3,cov30,0.304428,0.6065044403076172,10.992811639495192,0.43809618438407955,ok,located,false
qwen2511_class_word_noise_mask_oracle_0pct,pen_x_book_cov30_2,0,pen_x_book,0.3,cov30,0.306125,0.43538564443588257,15.507172850297424,0.6210389104667371,ok,located,false
qwen2511_class_word_noise_mask_oracle_0pct,pen_x_book_cov30_2,1,pen_x_book,0.3,cov30,0.306125,0.30300968885421753,18.232942135910967,0.7235720892969852,ok,located,false
qwen2511_class_word_noise_mask_oracle_0pct,pen_x_book_cov30_2,2,pen_x_book,0.3,cov30,0.306125,0.30128204822540283,18.175511054792167,0.7251006078809529,ok,located,false
qwen2511_class_word_noise_mask_oracle_0pct,pen_x_book_cov30_2,3,pen_x_book,0.3,cov30,0.306125,0.4329202175140381,15.571358886497071,0.6197943742002159,ok,located,false
qwen2511_class_word_noise_mask_oracle_0pct,pen_x_book_cov30_2,4,pen_x_book,0.3,cov30,0.306125,0.42687875032424927,15.582401350228277,0.6207595271878582,ok,located,true
qwen2511_class_word_noise_mask_oracle_0pct,sword_x_shield_cov30_0,0,sword_x_shield,0.3,cov30,0.286166,0.5108680725097656,10.603224110987536,0.5342855278618913,ok,located,false
qwen2511_class_word_noise_mask_oracle_0pct,sword_x_shield_cov30_0,1,sword_x_shield,0.3,cov30,0.286166,0.5382217764854431,10.502089830527288,0.5165140814625769,ok,located,false
qwen2511_class_word_noise_mask_oracle_0pct,sword_x_shield_cov30_0,2,sword_x_shield,0.3,cov30,0.286166,0.48669108748435974,10.612151401222318,0.5474741441469683,ok,located,false
qwen2511_class_word_noise_mask_oracle_0pct,sword_x_shield_cov30_0,3,sword_x_shield,0.3,cov30,0.286166,0.530963122844696,10.540371943920743,0.5275905709761132,ok,located,false
qwen2511_class_word_noise_mask_oracle_0pct,sword_x_shield_cov30_0,4,sword_x_shield,0.3,cov30,0.286166,0.5127426385879517,10.6057323228965,0.5365403205561982,ok,located,true
qwen2511_class_word_noise_mask_oracle_0pct,sword_x_shield_cov30_1,0,sword_x_shield,0.3,cov30,0.280355,0.411547988653183,10.410471115849697,0.57498740027565,ok,located,true
qwen2511_class_word_noise_mask_oracle_0pct,sword_x_shield_cov30_1,1,sword_x_shield,0.3,cov30,0.280355,0.42794981598854065,10.290855156263063,0.5594924382523728,ok,located,false
qwen2511_class_word_noise_mask_oracle_0pct,sword_x_shield_cov30_1,2,sword_x_shield,0.3,cov30,0.280355,0.06697341799736023,26.43189815728713,0.9137035155725396,ok,located,false
qwen2511_class_word_noise_mask_oracle_0pct,sword_x_shield_cov30_1,3,sword_x_shield,0.3,cov30,0.280355,0.08339657634496689,23.249049813764206,0.8501313046494635,ok,located,false
qwen2511_class_word_noise_mask_oracle_0pct,sword_x_shield_cov30_1,4,sword_x_shield,0.3,cov30,0.280355,0.4858892560005188,10.653243688421483,0.5427505735913396,ok,located,false
qwen2511_class_word_noise_mask_oracle_0pct,sword_x_shield_cov30_2,0,sword_x_shield,0.3,cov30,0.284125,0.36428114771842957,11.160415371489567,0.6147657100917764,ok,located,true
qwen2511_class_word_noise_mask_oracle_0pct,sword_x_shield_cov30_2,1,sword_x_shield,0.3,cov30,0.284125,0.3662048578262329,11.144875954122337,0.6156652886772437,ok,located,false
qwen2511_class_word_noise_mask_oracle_0pct,sword_x_shield_cov30_2,2,sword_x_shield,0.3,cov30,0.284125,0.3633015751838684,11.23834296982627,0.6144872775250856,ok,located,false
qwen2511_class_word_noise_mask_oracle_0pct,sword_x_shield_cov30_2,3,sword_x_shield,0.3,cov30,0.284125,0.36090087890625,11.163805921539506,0.6207127028397251,ok,located,false
qwen2511_class_word_noise_mask_oracle_0pct,sword_x_shield_cov30_2,4,sword_x_shield,0.3,cov30,0.284125,0.439028799533844,10.445885056416886,0.5747888951273473,ok,located,false
qwen2511_class_word_noise_mask_oracle_0pct,hammer_x_anvil_cov30_0,0,hammer_x_anvil,0.3,cov30,0.310627,0.09549123048782349,19.99616773941922,0.8197562893265955,ok,located,true
qwen2511_class_word_noise_mask_oracle_0pct,hammer_x_anvil_cov30_0,1,hammer_x_anvil,0.3,cov30,0.310627,0.5186605453491211,11.850568994186435,0.5946739476158837,ok,located,false
qwen2511_class_word_noise_mask_oracle_0pct,hammer_x_anvil_cov30_0,2,hammer_x_anvil,0.3,cov30,0.310627,0.07616934925317764,21.859445133224877,0.8514401803998993,ok,located,false
qwen2511_class_word_noise_mask_oracle_0pct,hammer_x_anvil_cov30_0,3,hammer_x_anvil,0.3,cov30,0.310627,0.0959635004401207,20.03046942357099,0.8206007292890499,ok,located,false
qwen2511_class_word_noise_mask_oracle_0pct,hammer_x_anvil_cov30_0,4,hammer_x_anvil,0.3,cov30,0.310627,0.09435826539993286,20.127775122605968,0.8255861297065819,ok,located,false
qwen2511_class_word_noise_mask_oracle_0pct,hammer_x_anvil_cov30_1,0,hammer_x_anvil,0.3,cov30,0.280833,0.31131723523139954,14.092466389621826,0.7207771626083755,ok,located,false
qwen2511_class_word_noise_mask_oracle_0pct,hammer_x_anvil_cov30_1,1,hammer_x_anvil,0.3,cov30,0.280833,0.6101119518280029,10.694140761788827,0.5659028702728595,ok,located,false
qwen2511_class_word_noise_mask_oracle_0pct,hammer_x_anvil_cov30_1,2,hammer_x_anvil,0.3,cov30,0.280833,0.35176265239715576,13.772052295762522,0.7066380147295482,ok,located,false
qwen2511_class_word_noise_mask_oracle_0pct,hammer_x_anvil_cov30_1,3,hammer_x_anvil,0.3,cov30,0.280833,0.1917322427034378,18.3575121578294,0.7404503715925187,ok,located,false
qwen2511_class_word_noise_mask_oracle_0pct,hammer_x_anvil_cov30_1,4,hammer_x_anvil,0.3,cov30,0.280833,0.3268126845359802,13.943766100570619,0.7150340360083772,ok,located,true
qwen2511_class_word_noise_mask_oracle_0pct,hammer_x_anvil_cov30_2,0,hammer_x_anvil,0.3,cov30,0.306076,0.0342169813811779,32.452241443234755,0.9702017334796732,ok,located,false
qwen2511_class_word_noise_mask_oracle_0pct,hammer_x_anvil_cov30_2,1,hammer_x_anvil,0.3,cov30,0.306076,0.5786677598953247,11.236831785841797,0.5596048190466751,ok,located,false
qwen2511_class_word_noise_mask_oracle_0pct,hammer_x_anvil_cov30_2,2,hammer_x_anvil,0.3,cov30,0.306076,0.06376118212938309,25.268158414131953,0.9149622882727274,ok,located,true
qwen2511_class_word_noise_mask_oracle_0pct,hammer_x_anvil_cov30_2,3,hammer_x_anvil,0.3,cov30,0.306076,0.06252890080213547,25.22403266020516,0.9134917309871181,ok,located,false
qwen2511_class_word_noise_mask_oracle_0pct,hammer_x_anvil_cov30_2,4,hammer_x_anvil,0.3,cov30,0.306076,0.0898263081908226,18.90909491262092,0.8187019141311479,ok,located,false
qwen2511_class_word_noise_mask_oracle_3pct,emblem_x_banner_cov50_0,0,emblem_x_banner,0.5,cov50,0.497214,0.015393281355500221,31.341491765179185,0.9744979324555795,ok,located,false
qwen2511_class_word_noise_mask_oracle_3pct,emblem_x_banner_cov50_0,1,emblem_x_banner,0.5,cov50,0.497214,0.017088789492845535,31.23070051507925,0.9726611750612791,ok,located,false
qwen2511_class_word_noise_mask_oracle_3pct,emblem_x_banner_cov50_0,2,emblem_x_banner,0.5,cov50,0.497214,0.017235398292541504,30.037200784531226,0.9680659120238081,ok,located,true
qwen2511_class_word_noise_mask_oracle_3pct,emblem_x_banner_cov50_0,3,emblem_x_banner,0.5,cov50,0.497214,0.02073557674884796,31.64232126912367,0.9744087336575106,ok,located,false
qwen2511_class_word_noise_mask_oracle_3pct,emblem_x_banner_cov50_0,4,emblem_x_banner,0.5,cov50,0.497214,0.025350287556648254,31.555997243245667,0.9739222336253136,ok,located,false
qwen2511_class_word_noise_mask_oracle_3pct,emblem_x_banner_cov50_1,0,emblem_x_banner,0.5,cov50,0.486007,0.006836438551545143,35.08364755273115,0.9887054811569499,ok,located,true
qwen2511_class_word_noise_mask_oracle_3pct,emblem_x_banner_cov50_1,1,emblem_x_banner,0.5,cov50,0.486007,0.011326087638735771,35.499936594971786,0.9867709218072164,ok,located,false
qwen2511_class_word_noise_mask_oracle_3pct,emblem_x_banner_cov50_1,2,emblem_x_banner,0.5,cov50,0.486007,0.02104787901043892,33.03445116414936,0.9840624013167928,ok,located,false
qwen2511_class_word_noise_mask_oracle_3pct,emblem_x_banner_cov50_1,3,emblem_x_banner,0.5,cov50,0.486007,0.005363989621400833,36.2251529075894,0.989602784211869,ok,located,false
qwen2511_class_word_noise_mask_oracle_3pct,emblem_x_banner_cov50_1,4,emblem_x_banner,0.5,cov50,0.486007,0.004665277898311615,36.17079362484016,0.9911895888814318,ok,located,false
qwen2511_class_word_noise_mask_oracle_3pct,emblem_x_banner_cov50_2,0,emblem_x_banner,0.5,cov50,0.505033,0.02143779583275318,31.301723245229272,0.9793307634842402,ok,located,true
qwen2511_class_word_noise_mask_oracle_3pct,emblem_x_banner_cov50_2,1,emblem_x_banner,0.5,cov50,0.505033,0.046099040657281876,28.658335611672218,0.9652682388077007,ok,located,false
qwen2511_class_word_noise_mask_oracle_3pct,emblem_x_banner_cov50_2,2,emblem_x_banner,0.5,cov50,0.505033,0.03818073868751526,30.127572809809124,0.97743105163063,ok,located,false
qwen2511_class_word_noise_mask_oracle_3pct,emblem_x_banner_cov50_2,3,emblem_x_banner,0.5,cov50,0.505033,0.01912810280919075,29.565883797239437,0.9764196004999147,ok,located,false
qwen2511_class_word_noise_mask_oracle_3pct,emblem_x_banner_cov50_2,4,emblem_x_banner,0.5,cov50,0.505033,0.017414456233382225,32.41391629064993,0.9817304098249382,ok,located,false
qwen2511_class_word_noise_mask_oracle_3pct,food_x_plate_cov70_0,0,food_x_plate,0.7,cov70,0.713963,0.03337738662958145,32.644518560904345,0.9746792966735871,ok,located,false
qwen2511_class_word_noise_mask_oracle_3pct,food_x_plate_cov70_0,1,food_x_plate,0.7,cov70,0.713963,0.03669044375419617,33.193692388509696,0.9705966093856264,ok,located,false
qwen2511_class_word_noise_mask_oracle_3pct,food_x_plate_cov70_0,2,food_x_plate,0.7,cov70,0.713963,0.03490865230560303,31.47924638344204,0.9740381095873444,ok,located,true
qwen2511_class_word_noise_mask_oracle_3pct,food_x_plate_cov70_0,3,food_x_plate,0.7,cov70,0.713963,0.05006859824061394,30.823052047672395,0.9596650567758478,ok,located,false
qwen2511_class_word_noise_mask_oracle_3pct,food_x_plate_cov70_0,4,food_x_plate,0.7,cov70,0.713963,0.030879653990268707,32.115397799715595,0.9694227988806364,ok,located,false
qwen2511_class_word_noise_mask_oracle_3pct,food_x_plate_cov70_1,0,food_x_plate,0.7,cov70,0.695275,0.024783901870250702,29.5814771155859,0.9595674145116209,ok,located,false
qwen2511_class_word_noise_mask_oracle_3pct,food_x_plate_cov70_1,1,food_x_plate,0.7,cov70,0.695275,0.02273695543408394,29.670515896963394,0.9612489376767966,ok,located,false
qwen2511_class_word_noise_mask_oracle_3pct,food_x_plate_cov70_1,2,food_x_plate,0.7,cov70,0.695275,0.029970144852995872,28.838415657542072,0.9565790930536632,ok,located,true
qwen2511_class_word_noise_mask_oracle_3pct,food_x_plate_cov70_1,3,food_x_plate,0.7,cov70,0.695275,0.033289697021245956,27.293528887490744,0.9437095737803624,ok,located,false
qwen2511_class_word_noise_mask_oracle_3pct,food_x_plate_cov70_1,4,food_x_plate,0.7,cov70,0.695275,0.03304982930421829,28.30740058052671,0.9500842519922957,ok,located,false
qwen2511_class_word_noise_mask_oracle_3pct,food_x_plate_cov70_2,0,food_x_plate,0.7,cov70,0.695829,0.01612875983119011,28.710225275933233,0.9701804185702558,ok,located,true
qwen2511_class_word_noise_mask_oracle_3pct,food_x_plate_cov70_2,1,food_x_plate,0.7,cov70,0.695829,0.014308423735201359,30.045435770479706,0.9733954583172183,ok,located,false
qwen2511_class_word_noise_mask_oracle_3pct,food_x_plate_cov70_2,2,food_x_plate,0.7,cov70,0.695829,0.016641657799482346,25.552311212636948,0.9506173970738612,ok,located,false
qwen2511_class_word_noise_mask_oracle_3pct,food_x_plate_cov70_2,3,food_x_plate,0.7,cov70,0.695829,0.013735268265008926,30.50271806027061,0.9740453622689557,ok,located,false
qwen2511_class_word_noise_mask_oracle_3pct,food_x_plate_cov70_2,4,food_x_plate,0.7,cov70,0.695829,0.01892106421291828,25.34904140875649,0.947143539402178,ok,located,false
qwen2511_class_word_noise_mask_oracle_3pct,coin_x_chest_cov70_0,0,coin_x_chest,0.7,cov70,0.7127,0.11117492616176605,19.58297571157553,0.7776603313673064,ok,located,false
qwen2511_class_word_noise_mask_oracle_3pct,coin_x_chest_cov70_0,1,coin_x_chest,0.7,cov70,0.7127,0.15639130771160126,17.769934740695998,0.7286905900409587,ok,located,true
qwen2511_class_word_noise_mask_oracle_3pct,coin_x_chest_cov70_0,2,coin_x_chest,0.7,cov70,0.7127,0.16638194024562836,18.597149625412356,0.7910578070090769,ok,located,false
qwen2511_class_word_noise_mask_oracle_3pct,coin_x_chest_cov70_0,3,coin_x_chest,0.7,cov70,0.7127,0.14624857902526855,19.876495115784245,0.793976904211067,ok,located,false
qwen2511_class_word_noise_mask_oracle_3pct,coin_x_chest_cov70_0,4,coin_x_chest,0.7,cov70,0.7127,0.18897703289985657,18.032233124134706,0.7624127858014926,ok,located,false
qwen2511_class_word_noise_mask_oracle_3pct,coin_x_chest_cov70_1,0,coin_x_chest,0.7,cov70,0.709374,0.23822665214538574,14.647167460784033,0.6549880743448064,ok,located,false
qwen2511_class_word_noise_mask_oracle_3pct,coin_x_chest_cov70_1,1,coin_x_chest,0.7,cov70,0.709374,0.1563321053981781,19.19898932217645,0.760860566663418,ok,located,false
qwen2511_class_word_noise_mask_oracle_3pct,coin_x_chest_cov70_1,2,coin_x_chest,0.7,cov70,0.709374,0.16310547292232513,19.81549320233123,0.7684580004505633,ok,located,true
qwen2511_class_word_noise_mask_oracle_3pct,coin_x_chest_cov70_1,3,coin_x_chest,0.7,cov70,0.709374,0.1483794003725052,19.392388307248666,0.7621235085994607,ok,located,false
qwen2511_class_word_noise_mask_oracle_3pct,coin_x_chest_cov70_1,4,coin_x_chest,0.7,cov70,0.709374,0.25576794147491455,17.057652465170996,0.7036297495343874,ok,located,false
qwen2511_class_word_noise_mask_oracle_3pct,coin_x_chest_cov70_2,0,coin_x_chest,0.7,cov70,0.707081,0.1460818350315094,18.27643698844017,0.6885093046791187,ok,located,false
qwen2511_class_word_noise_mask_oracle_3pct,coin_x_chest_cov70_2,1,coin_x_chest,0.7,cov70,0.707081,0.18127387762069702,17.24010192427532,0.6825386779306913,ok,located,true
qwen2511_class_word_noise_mask_oracle_3pct,coin_x_chest_cov70_2,2,coin_x_chest,0.7,cov70,0.707081,0.26543113589286804,15.118466916422067,0.639401514200704,ok,located,false
qwen2511_class_word_noise_mask_oracle_3pct,coin_x_chest_cov70_2,3,coin_x_chest,0.7,cov70,0.707081,0.17912864685058594,18.803897978300846,0.7170918084275418,ok,located,false
qwen2511_class_word_noise_mask_oracle_3pct,coin_x_chest_cov70_2,4,coin_x_chest,0.7,cov70,0.707081,0.2489788681268692,15.745215906147468,0.6456882460330919,ok,located,false
qwen2511_class_word_noise_mask_oracle_3pct,key_x_lock_cov50_0,0,key_x_lock,0.5,cov50,0.485743,0.10721959918737411,21.022302045294104,0.9549930992195796,ok,located,true
qwen2511_class_word_noise_mask_oracle_3pct,key_x_lock_cov50_0,1,key_x_lock,0.5,cov50,0.485743,0.39471739530563354,9.909233492750417,0.6197765309163489,ok,located,false
qwen2511_class_word_noise_mask_oracle_3pct,key_x_lock_cov50_0,2,key_x_lock,0.5,cov50,0.485743,0.08821872621774673,17.29873656992784,0.9119707163635411,ok,located,false
qwen2511_class_word_noise_mask_oracle_3pct,key_x_lock_cov50_0,3,key_x_lock,0.5,cov50,0.485743,0.10893937200307846,20.75355993660166,0.9506289851203554,ok,located,false
qwen2511_class_word_noise_mask_oracle_3pct,key_x_lock_cov50_0,4,key_x_lock,0.5,cov50,0.485743,0.10707760602235794,20.777565445559215,0.9531576231947568,ok,located,false
qwen2511_class_word_noise_mask_oracle_3pct,key_x_lock_cov50_1,0,key_x_lock,0.5,cov50,0.498359,0.10020364820957184,22.049286420445636,0.8996910663973474,ok,located,false
qwen2511_class_word_noise_mask_oracle_3pct,key_x_lock_cov50_1,1,key_x_lock,0.5,cov50,0.498359,0.44359347224235535,9.623763217711229,0.5669213042749525,ok,located,false
qwen2511_class_word_noise_mask_oracle_3pct,key_x_lock_cov50_1,2,key_x_lock,0.5,cov50,0.498359,0.0669279620051384,21.096627199542514,0.8749491901983943,ok,located,false
qwen2511_class_word_noise_mask_oracle_3pct,key_x_lock_cov50_1,3,key_x_lock,0.5,cov50,0.498359,0.4290745258331299,10.058769449630882,0.5873532115803566,ok,located,false
qwen2511_class_word_noise_mask_oracle_3pct,key_x_lock_cov50_1,4,key_x_lock,0.5,cov50,0.498359,0.11248799413442612,21.0696232147723,0.8592778560069818,ok,located,true
qwen2511_class_word_noise_mask_oracle_3pct,key_x_lock_cov50_2,0,key_x_lock,0.5,cov50,0.511836,0.09528110921382904,22.440787241843815,0.9619534346312829,ok,located,true
qwen2511_class_word_noise_mask_oracle_3pct,key_x_lock_cov50_2,1,key_x_lock,0.5,cov50,0.511836,0.40967026352882385,10.30272005809272,0.5844583850255608,ok,located,false
qwen2511_class_word_noise_mask_oracle_3pct,key_x_lock_cov50_2,2,key_x_lock,0.5,cov50,0.511836,0.07369454950094223,18.835012025138415,0.924996903401258,ok,located,false
qwen2511_class_word_noise_mask_oracle_3pct,key_x_lock_cov50_2,3,key_x_lock,0.5,cov50,0.511836,0.0331963375210762,25.036762567359546,0.9632875841518681,ok,located,false
qwen2511_class_word_noise_mask_oracle_3pct,key_x_lock_cov50_2,4,key_x_lock,0.5,cov50,0.511836,0.09606311470270157,22.420137914240932,0.9632262642433784,ok,located,false
qwen2511_class_word_noise_mask_oracle_3pct,potion_x_crate_cov50_0,0,potion_x_crate,0.5,cov50,0.518319,0.050524841994047165,26.14926307768426,0.8946198472062168,ok,located,false
qwen2511_class_word_noise_mask_oracle_3pct,potion_x_crate_cov50_0,1,potion_x_crate,0.5,cov50,0.518319,0.04011419042944908,26.258464947959837,0.8937892923730543,ok,located,false
qwen2511_class_word_noise_mask_oracle_3pct,potion_x_crate_cov50_0,2,potion_x_crate,0.5,cov50,0.518319,0.04051905497908592,26.148155511368117,0.8993434148521823,ok,located,true
qwen2511_class_word_noise_mask_oracle_3pct,potion_x_crate_cov50_0,3,potion_x_crate,0.5,cov50,0.518319,0.03994268923997879,26.248129877217,0.8908669370576797,ok,located,false
qwen2511_class_word_noise_mask_oracle_3pct,potion_x_crate_cov50_0,4,potion_x_crate,0.5,cov50,0.518319,0.07818803936243057,25.927518875915155,0.8960159768288296,ok,located,false
qwen2511_class_word_noise_mask_oracle_3pct,potion_x_crate_cov50_1,0,potion_x_crate,0.5,cov50,0.505658,0.009842554107308388,33.52989123220046,0.9498937314142623,ok,located,false
qwen2511_class_word_noise_mask_oracle_3pct,potion_x_crate_cov50_1,1,potion_x_crate,0.5,cov50,0.505658,0.011716116219758987,33.28001357853132,0.9533606676039019,ok,located,false
qwen2511_class_word_noise_mask_oracle_3pct,potion_x_crate_cov50_1,2,potion_x_crate,0.5,cov50,0.505658,0.011682526208460331,32.71675099125685,0.950027043472867,ok,located,true
qwen2511_class_word_noise_mask_oracle_3pct,potion_x_crate_cov50_1,3,potion_x_crate,0.5,cov50,0.505658,0.011555144563317299,33.60167767831599,0.9501374669539127,ok,located,false
qwen2511_class_word_noise_mask_oracle_3pct,potion_x_crate_cov50_1,4,potion_x_crate,0.5,cov50,0.505658,0.01286897249519825,33.676415188235794,0.9524718814760468,ok,located,false
qwen2511_class_word_noise_mask_oracle_3pct,potion_x_crate_cov50_2,0,potion_x_crate,0.5,cov50,0.514935,0.03854474797844887,27.570185713179463,0.9235043398948634,ok,located,false
qwen2511_class_word_noise_mask_oracle_3pct,potion_x_crate_cov50_2,1,potion_x_crate,0.5,cov50,0.514935,0.03455841913819313,27.566050886909764,0.9148533130179889,ok,located,true
qwen2511_class_word_noise_mask_oracle_3pct,potion_x_crate_cov50_2,2,potion_x_crate,0.5,cov50,0.514935,0.03791508078575134,27.75558200191626,0.9250787777312143,ok,located,false
qwen2511_class_word_noise_mask_oracle_3pct,potion_x_crate_cov50_2,3,potion_x_crate,0.5,cov50,0.514935,0.029957983642816544,27.671796422216083,0.9220544069335769,ok,located,false
qwen2511_class_word_noise_mask_oracle_3pct,potion_x_crate_cov50_2,4,potion_x_crate,0.5,cov50,0.514935,0.03294065222144127,27.411982786826062,0.9232618371908415,ok,located,false
qwen2511_class_word_noise_mask_oracle_3pct,gem_x_ring_cov30_0,0,gem_x_ring,0.3,cov30,0.299812,0.10973111540079117,13.177401579176852,0.692348611925929,ok,located,false
qwen2511_class_word_noise_mask_oracle_3pct,gem_x_ring_cov30_0,1,gem_x_ring,0.3,cov30,0.299812,0.09707026183605194,13.954314466428777,0.7241475563884562,ok,located,true
qwen2511_class_word_noise_mask_oracle_3pct,gem_x_ring_cov30_0,2,gem_x_ring,0.3,cov30,0.299812,0.007396471220999956,28.544377552901473,0.9672780910419494,ok,located,false
qwen2511_class_word_noise_mask_oracle_3pct,gem_x_ring_cov30_0,3,gem_x_ring,0.3,cov30,0.299812,0.011427277699112892,26.27651382257341,0.9361186452686656,ok,located,false
qwen2511_class_word_noise_mask_oracle_3pct,gem_x_ring_cov30_0,4,gem_x_ring,0.3,cov30,0.299812,0.20096150040626526,11.065724282316685,0.629930896118209,ok,located,false
qwen2511_class_word_noise_mask_oracle_3pct,gem_x_ring_cov30_1,0,gem_x_ring,0.3,cov30,0.287595,0.13419774174690247,12.820625810983206,0.6378381520454938,ok,located,false
qwen2511_class_word_noise_mask_oracle_3pct,gem_x_ring_cov30_1,1,gem_x_ring,0.3,cov30,0.287595,0.01328364573419094,23.657195019060097,0.938361265986817,ok,located,false
qwen2511_class_word_noise_mask_oracle_3pct,gem_x_ring_cov30_1,2,gem_x_ring,0.3,cov30,0.287595,0.25546813011169434,10.131930303720239,0.5705827012849332,ok,located,false
qwen2511_class_word_noise_mask_oracle_3pct,gem_x_ring_cov30_1,3,gem_x_ring,0.3,cov30,0.287595,0.00893830694258213,26.285387592882724,0.957221116410064,ok,located,false
qwen2511_class_word_noise_mask_oracle_3pct,gem_x_ring_cov30_1,4,gem_x_ring,0.3,cov30,0.287595,0.09270395338535309,14.303700396538625,0.7010499121446304,ok,located,true
qwen2511_class_word_noise_mask_oracle_3pct,gem_x_ring_cov30_2,0,gem_x_ring,0.3,cov30,0.290504,0.012441614642739296,26.771850586343596,0.9654427451330015,ok,located,false
qwen2511_class_word_noise_mask_oracle_3pct,gem_x_ring_cov30_2,1,gem_x_ring,0.3,cov30,0.290504,0.010737444274127483,26.596954985117183,0.9457634379506793,ok,located,false
qwen2511_class_word_noise_mask_oracle_3pct,gem_x_ring_cov30_2,2,gem_x_ring,0.3,cov30,0.290504,0.24985191226005554,10.091334565633874,0.6105594770387582,ok,located,false
qwen2511_class_word_noise_mask_oracle_3pct,gem_x_ring_cov30_2,3,gem_x_ring,0.3,cov30,0.290504,0.016598546877503395,24.303078414070658,0.9242264946014007,ok,located,true
qwen2511_class_word_noise_mask_oracle_3pct,gem_x_ring_cov30_2,4,gem_x_ring,0.3,cov30,0.290504,0.12723764777183533,12.404535819002389,0.6738957764025574,ok,located,false
qwen2511_class_word_noise_mask_oracle_3pct,pen_x_book_cov30_0,0,pen_x_book,0.3,cov30,0.310811,0.023872528225183487,31.22199284818285,0.9727453527321709,ok,located,false
qwen2511_class_word_noise_mask_oracle_3pct,pen_x_book_cov30_0,1,pen_x_book,0.3,cov30,0.310811,0.02682303823530674,31.589189928328864,0.9728006763959991,ok,located,false
qwen2511_class_word_noise_mask_oracle_3pct,pen_x_book_cov30_0,2,pen_x_book,0.3,cov30,0.310811,0.021794408559799194,31.867751081167146,0.9740126253088964,ok,located,false
qwen2511_class_word_noise_mask_oracle_3pct,pen_x_book_cov30_0,3,pen_x_book,0.3,cov30,0.310811,0.17427152395248413,19.53283148939964,0.7842116882255494,ok,located,false
qwen2511_class_word_noise_mask_oracle_3pct,pen_x_book_cov30_0,4,pen_x_book,0.3,cov30,0.310811,0.024554966017603874,31.61019295140765,0.9738148763057627,ok,located,true
qwen2511_class_word_noise_mask_oracle_3pct,pen_x_book_cov30_1,0,pen_x_book,0.3,cov30,0.304428,0.02533038705587387,26.641306966397536,0.9141825490053326,ok,located,false
qwen2511_class_word_noise_mask_oracle_3pct,pen_x_book_cov30_1,1,pen_x_book,0.3,cov30,0.304428,0.027603864669799805,26.496740512050962,0.9117676507313192,ok,located,true
qwen2511_class_word_noise_mask_oracle_3pct,pen_x_book_cov30_1,2,pen_x_book,0.3,cov30,0.304428,0.028703274205327034,26.42477812074364,0.9141448862681106,ok,located,false
qwen2511_class_word_noise_mask_oracle_3pct,pen_x_book_cov30_1,3,pen_x_book,0.3,cov30,0.304428,0.025650599971413612,26.74294182975698,0.9149958500314094,ok,located,false
qwen2511_class_word_noise_mask_oracle_3pct,pen_x_book_cov30_1,4,pen_x_book,0.3,cov30,0.304428,0.02850494161248207,26.176811307128215,0.914353841504633,ok,located,false
qwen2511_class_word_noise_mask_oracle_3pct,pen_x_book_cov30_2,0,pen_x_book,0.3,cov30,0.306125,0.01810324378311634,34.017237863404844,0.9749399937350046,ok,located,false
qwen2511_class_word_noise_mask_oracle_3pct,pen_x_book_cov30_2,1,pen_x_book,0.3,cov30,0.306125,0.015277779661118984,35.18913352357028,0.9764337749932154,ok,located,false
qwen2511_class_word_noise_mask_oracle_3pct,pen_x_book_cov30_2,2,pen_x_book,0.3,cov30,0.306125,0.017862195149064064,34.50653527255491,0.9756224564771524,ok,located,true
qwen2511_class_word_noise_mask_oracle_3pct,pen_x_book_cov30_2,3,pen_x_book,0.3,cov30,0.306125,0.018347354605793953,33.87691944665539,0.9707573715768844,ok,located,false
qwen2511_class_word_noise_mask_oracle_3pct,pen_x_book_cov30_2,4,pen_x_book,0.3,cov30,0.306125,0.016666237264871597,35.38527362385424,0.9773460970470408,ok,located,false
qwen2511_class_word_noise_mask_oracle_3pct,sword_x_shield_cov30_0,0,sword_x_shield,0.3,cov30,0.286166,0.03988641873002052,24.35064209786569,0.9090054761241246,ok,located,false
qwen2511_class_word_noise_mask_oracle_3pct,sword_x_shield_cov30_0,1,sword_x_shield,0.3,cov30,0.286166,0.15525886416435242,21.652400634790187,0.8941129013205913,ok,located,false
qwen2511_class_word_noise_mask_oracle_3pct,sword_x_shield_cov30_0,2,sword_x_shield,0.3,cov30,0.286166,0.034006714820861816,24.18851376497123,0.9013288013081991,ok,located,true
qwen2511_class_word_noise_mask_oracle_3pct,sword_x_shield_cov30_0,3,sword_x_shield,0.3,cov30,0.286166,0.022931082174181938,29.324993213489677,0.9675444810249626,ok,located,false
qwen2511_class_word_noise_mask_oracle_3pct,sword_x_shield_cov30_0,4,sword_x_shield,0.3,cov30,0.286166,0.027021396905183792,30.515277985545065,0.9715948544384121,ok,located,false
qwen2511_class_word_noise_mask_oracle_3pct,sword_x_shield_cov30_1,0,sword_x_shield,0.3,cov30,0.280355,0.06832698732614517,19.666491179910437,0.9127996952436788,ok,located,false
qwen2511_class_word_noise_mask_oracle_3pct,sword_x_shield_cov30_1,1,sword_x_shield,0.3,cov30,0.280355,0.4227263331413269,10.302392726711476,0.5755310284579993,ok,located,false
qwen2511_class_word_noise_mask_oracle_3pct,sword_x_shield_cov30_1,2,sword_x_shield,0.3,cov30,0.280355,0.020845657214522362,23.394735233802564,0.8904581038235513,ok,located,false
qwen2511_class_word_noise_mask_oracle_3pct,sword_x_shield_cov30_1,3,sword_x_shield,0.3,cov30,0.280355,0.03339098393917084,20.51919505184324,0.8514445523755968,ok,located,false
qwen2511_class_word_noise_mask_oracle_3pct,sword_x_shield_cov30_1,4,sword_x_shield,0.3,cov30,0.280355,0.03894541785120964,19.923766172488257,0.7907920108186403,ok,located,true
qwen2511_class_word_noise_mask_oracle_3pct,sword_x_shield_cov30_2,0,sword_x_shield,0.3,cov30,0.284125,0.05487580597400665,19.538086679961054,0.8290449800549383,ok,located,false
qwen2511_class_word_noise_mask_oracle_3pct,sword_x_shield_cov30_2,1,sword_x_shield,0.3,cov30,0.284125,0.029974646866321564,23.118016054019932,0.9001064462596903,ok,located,false
qwen2511_class_word_noise_mask_oracle_3pct,sword_x_shield_cov30_2,2,sword_x_shield,0.3,cov30,0.284125,0.036176081746816635,23.42155936200974,0.9131714539759436,ok,located,true
qwen2511_class_word_noise_mask_oracle_3pct,sword_x_shield_cov30_2,3,sword_x_shield,0.3,cov30,0.284125,0.025638679042458534,24.361774296854406,0.9172792192574023,ok,located,false
qwen2511_class_word_noise_mask_oracle_3pct,sword_x_shield_cov30_2,4,sword_x_shield,0.3,cov30,0.284125,0.05230329930782318,19.607733129498023,0.8290721824377408,ok,located,false
qwen2511_class_word_noise_mask_oracle_3pct,hammer_x_anvil_cov30_0,0,hammer_x_anvil,0.3,cov30,0.310627,0.020501166582107544,30.87439640227351,0.9823841835169024,ok,located,true
qwen2511_class_word_noise_mask_oracle_3pct,hammer_x_anvil_cov30_0,1,hammer_x_anvil,0.3,cov30,0.310627,0.5330668687820435,11.73772339626111,0.5911330673249564,ok,located,false
qwen2511_class_word_noise_mask_oracle_3pct,hammer_x_anvil_cov30_0,2,hammer_x_anvil,0.3,cov30,0.310627,0.014424776658415794,33.07995827206664,0.9849031126816015,ok,located,false
qwen2511_class_word_noise_mask_oracle_3pct,hammer_x_anvil_cov30_0,3,hammer_x_anvil,0.3,cov30,0.310627,0.019923489540815353,29.054210959286195,0.9811332275672425,ok,located,false
qwen2511_class_word_noise_mask_oracle_3pct,hammer_x_anvil_cov30_0,4,hammer_x_anvil,0.3,cov30,0.310627,0.024818170815706253,30.06580450646016,0.9795867029827549,ok,located,false
qwen2511_class_word_noise_mask_oracle_3pct,hammer_x_anvil_cov30_1,0,hammer_x_anvil,0.3,cov30,0.280833,0.04060889035463333,26.029515460926778,0.9450007498145668,ok,located,true
qwen2511_class_word_noise_mask_oracle_3pct,hammer_x_anvil_cov30_1,1,hammer_x_anvil,0.3,cov30,0.280833,0.6108870506286621,10.695770682903344,0.569220453492671,ok,located,false
qwen2511_class_word_noise_mask_oracle_3pct,hammer_x_anvil_cov30_1,2,hammer_x_anvil,0.3,cov30,0.280833,0.036272771656513214,26.949791470054024,0.9547124463791211,ok,located,false
qwen2511_class_word_noise_mask_oracle_3pct,hammer_x_anvil_cov30_1,3,hammer_x_anvil,0.3,cov30,0.280833,0.0453670397400856,26.392859787846596,0.9286706171160658,ok,located,false
qwen2511_class_word_noise_mask_oracle_3pct,hammer_x_anvil_cov30_1,4,hammer_x_anvil,0.3,cov30,0.280833,0.037434738129377365,26.67555262369428,0.9514655232104174,ok,located,false
qwen2511_class_word_noise_mask_oracle_3pct,hammer_x_anvil_cov30_2,0,hammer_x_anvil,0.3,cov30,0.306076,0.017710573971271515,33.479730026797434,0.9800146675882598,ok,located,false
qwen2511_class_word_noise_mask_oracle_3pct,hammer_x_anvil_cov30_2,1,hammer_x_anvil,0.3,cov30,0.306076,0.577605128288269,11.214632761840523,0.5611319123667858,ok,located,false
qwen2511_class_word_noise_mask_oracle_3pct,hammer_x_anvil_cov30_2,2,hammer_x_anvil,0.3,cov30,0.306076,0.011952949687838554,34.40467771909075,0.9831076581726359,ok,located,false
qwen2511_class_word_noise_mask_oracle_3pct,hammer_x_anvil_cov30_2,3,hammer_x_anvil,0.3,cov30,0.306076,0.014412764459848404,33.699164883318815,0.9783373208987669,ok,located,false
qwen2511_class_word_noise_mask_oracle_3pct,hammer_x_anvil_cov30_2,4,hammer_x_anvil,0.3,cov30,0.306076,0.015320749953389168,33.477968169831314,0.9798345615185425,ok,located,true
qwen2511_class_word_noise_mask_oracle_10pct,emblem_x_banner_cov50_0,0,emblem_x_banner,0.5,cov50,0.497214,0.015469836071133614,31.348850882538983,0.9744085416808419,ok,located,false
qwen2511_class_word_noise_mask_oracle_10pct,emblem_x_banner_cov50_0,1,emblem_x_banner,0.5,cov50,0.497214,0.017479246482253075,31.060212693354096,0.9720724486598319,ok,located,true
qwen2511_class_word_noise_mask_oracle_10pct,emblem_x_banner_cov50_0,2,emblem_x_banner,0.5,cov50,0.497214,0.017353340983390808,29.99409558311092,0.9680580328851761,ok,located,false
qwen2511_class_word_noise_mask_oracle_10pct,emblem_x_banner_cov50_0,3,emblem_x_banner,0.5,cov50,0.497214,0.13763964176177979,18.558770341714858,0.9157942668383469,ok,located,false
qwen2511_class_word_noise_mask_oracle_10pct,emblem_x_banner_cov50_0,4,emblem_x_banner,0.5,cov50,0.497214,0.025805221870541573,31.513328991828097,0.9736511171977583,ok,located,false
qwen2511_class_word_noise_mask_oracle_10pct,emblem_x_banner_cov50_1,0,emblem_x_banner,0.5,cov50,0.486007,0.007296778727322817,34.97854926583913,0.9883314961826647,ok,located,true
qwen2511_class_word_noise_mask_oracle_10pct,emblem_x_banner_cov50_1,1,emblem_x_banner,0.5,cov50,0.486007,0.011288778856396675,35.49200571190881,0.9867377124858784,ok,located,false
qwen2511_class_word_noise_mask_oracle_10pct,emblem_x_banner_cov50_1,2,emblem_x_banner,0.5,cov50,0.486007,0.020777374505996704,33.04986757492307,0.9842269744234177,ok,located,false
qwen2511_class_word_noise_mask_oracle_10pct,emblem_x_banner_cov50_1,3,emblem_x_banner,0.5,cov50,0.486007,0.00547746941447258,36.14078425394714,0.9894562681338677,ok,located,false
qwen2511_class_word_noise_mask_oracle_10pct,emblem_x_banner_cov50_1,4,emblem_x_banner,0.5,cov50,0.486007,0.004847072996199131,36.03879155850769,0.9909572790172453,ok,located,false
qwen2511_class_word_noise_mask_oracle_10pct,emblem_x_banner_cov50_2,0,emblem_x_banner,0.5,cov50,0.505033,0.021200140938162804,31.30664776397647,0.9792115323538285,ok,located,true
qwen2511_class_word_noise_mask_oracle_10pct,emblem_x_banner_cov50_2,1,emblem_x_banner,0.5,cov50,0.505033,0.040186453610658646,30.776359598644163,0.9732353600807241,ok,located,false
qwen2511_class_word_noise_mask_oracle_10pct,emblem_x_banner_cov50_2,2,emblem_x_banner,0.5,cov50,0.505033,0.03842552751302719,30.094255557197208,0.9775994563477134,ok,located,false
qwen2511_class_word_noise_mask_oracle_10pct,emblem_x_banner_cov50_2,3,emblem_x_banner,0.5,cov50,0.505033,0.01944064348936081,29.545407034928903,0.9763237661831509,ok,located,false
qwen2511_class_word_noise_mask_oracle_10pct,emblem_x_banner_cov50_2,4,emblem_x_banner,0.5,cov50,0.505033,0.017235569655895233,32.404803655170305,0.9819606483248351,ok,located,false
qwen2511_class_word_noise_mask_oracle_10pct,food_x_plate_cov70_0,0,food_x_plate,0.7,cov70,0.713963,0.03370564430952072,32.32649737584934,0.9736930579511337,ok,located,false
qwen2511_class_word_noise_mask_oracle_10pct,food_x_plate_cov70_0,1,food_x_plate,0.7,cov70,0.713963,0.03609698265790939,33.11026377886977,0.9704073833345487,ok,located,false
qwen2511_class_word_noise_mask_oracle_10pct,food_x_plate_cov70_0,2,food_x_plate,0.7,cov70,0.713963,0.03479817137122154,31.463985595808207,0.9740095227888816,ok,located,true
qwen2511_class_word_noise_mask_oracle_10pct,food_x_plate_cov70_0,3,food_x_plate,0.7,cov70,0.713963,0.04880618676543236,30.879125392503354,0.9598473009178164,ok,located,false
qwen2511_class_word_noise_mask_oracle_10pct,food_x_plate_cov70_0,4,food_x_plate,0.7,cov70,0.713963,0.030765317380428314,32.08931605441181,0.9694122838502377,ok,located,false
qwen2511_class_word_noise_mask_oracle_10pct,food_x_plate_cov70_1,0,food_x_plate,0.7,cov70,0.695275,0.023331142961978912,30.84471697027181,0.9644966623508481,ok,located,false
qwen2511_class_word_noise_mask_oracle_10pct,food_x_plate_cov70_1,1,food_x_plate,0.7,cov70,0.695275,0.021389396861195564,31.150816949977997,0.9673876488619154,ok,located,false
qwen2511_class_word_noise_mask_oracle_10pct,food_x_plate_cov70_1,2,food_x_plate,0.7,cov70,0.695275,0.028912309557199478,28.545362637474962,0.9570650051883115,ok,located,true
qwen2511_class_word_noise_mask_oracle_10pct,food_x_plate_cov70_1,3,food_x_plate,0.7,cov70,0.695275,0.03130340576171875,28.437064629913028,0.9511223197818489,ok,located,false
qwen2511_class_word_noise_mask_oracle_10pct,food_x_plate_cov70_1,4,food_x_plate,0.7,cov70,0.695275,0.033152639865875244,28.31093322172396,0.9500207825037476,ok,located,false
qwen2511_class_word_noise_mask_oracle_10pct,food_x_plate_cov70_2,0,food_x_plate,0.7,cov70,0.695829,0.01608969271183014,28.61353048431834,0.9700825661405496,ok,located,true
qwen2511_class_word_noise_mask_oracle_10pct,food_x_plate_cov70_2,1,food_x_plate,0.7,cov70,0.695829,0.014407511800527573,29.958621582412192,0.9730541050799596,ok,located,false
qwen2511_class_word_noise_mask_oracle_10pct,food_x_plate_cov70_2,2,food_x_plate,0.7,cov70,0.695829,0.016893727704882622,25.568840189319634,0.9509497701150318,ok,located,false
qwen2511_class_word_noise_mask_oracle_10pct,food_x_plate_cov70_2,3,food_x_plate,0.7,cov70,0.695829,0.01393292099237442,30.63608278245413,0.9745762812475877,ok,located,false
qwen2511_class_word_noise_mask_oracle_10pct,food_x_plate_cov70_2,4,food_x_plate,0.7,cov70,0.695829,0.018988940864801407,25.378304741725195,0.9474624780606881,ok,located,false
qwen2511_class_word_noise_mask_oracle_10pct,coin_x_chest_cov70_0,0,coin_x_chest,0.7,cov70,0.7127,0.11154542118310928,19.595138389640994,0.7784729486031751,ok,located,false
qwen2511_class_word_noise_mask_oracle_10pct,coin_x_chest_cov70_0,1,coin_x_chest,0.7,cov70,0.7127,0.16840125620365143,17.897542190562742,0.7269424317228751,ok,located,false
qwen2511_class_word_noise_mask_oracle_10pct,coin_x_chest_cov70_0,2,coin_x_chest,0.7,cov70,0.7127,0.1593395322561264,18.654033576838728,0.791187950688688,ok,located,true
qwen2511_class_word_noise_mask_oracle_10pct,coin_x_chest_cov70_0,3,coin_x_chest,0.7,cov70,0.7127,0.14678531885147095,19.837858067608146,0.791957293891624,ok,located,false
qwen2511_class_word_noise_mask_oracle_10pct,coin_x_chest_cov70_0,4,coin_x_chest,0.7,cov70,0.7127,0.17848026752471924,18.79656397892144,0.7751364126998915,ok,located,false
qwen2511_class_word_noise_mask_oracle_10pct,coin_x_chest_cov70_1,0,coin_x_chest,0.7,cov70,0.709374,0.30031734704971313,12.041882052560915,0.3671139222581175,ok,located,false
qwen2511_class_word_noise_mask_oracle_10pct,coin_x_chest_cov70_1,1,coin_x_chest,0.7,cov70,0.709374,0.27614423632621765,14.39244411268184,0.6107930556136545,ok,located,true
qwen2511_class_word_noise_mask_oracle_10pct,coin_x_chest_cov70_1,2,coin_x_chest,0.7,cov70,0.709374,0.2948019504547119,12.918758890750851,0.42487291580154474,ok,located,false
qwen2511_class_word_noise_mask_oracle_10pct,coin_x_chest_cov70_1,3,coin_x_chest,0.7,cov70,0.709374,0.14656329154968262,19.312935273162918,0.7627050832281954,ok,located,false
qwen2511_class_word_noise_mask_oracle_10pct,coin_x_chest_cov70_1,4,coin_x_chest,0.7,cov70,0.709374,0.25330063700675964,17.08739541526382,0.7041898814663771,ok,located,false
qwen2511_class_word_noise_mask_oracle_10pct,coin_x_chest_cov70_2,0,coin_x_chest,0.7,cov70,0.707081,0.14766620099544525,18.29904450721107,0.6907892136989787,ok,located,false
qwen2511_class_word_noise_mask_oracle_10pct,coin_x_chest_cov70_2,1,coin_x_chest,0.7,cov70,0.707081,0.18225134909152985,17.21986910335237,0.6812932177476686,ok,located,true
qwen2511_class_word_noise_mask_oracle_10pct,coin_x_chest_cov70_2,2,coin_x_chest,0.7,cov70,0.707081,0.2676602602005005,15.094402497782013,0.6380016629072828,ok,located,false
qwen2511_class_word_noise_mask_oracle_10pct,coin_x_chest_cov70_2,3,coin_x_chest,0.7,cov70,0.707081,0.17925405502319336,18.79347608098374,0.7162691502343769,ok,located,false
qwen2511_class_word_noise_mask_oracle_10pct,coin_x_chest_cov70_2,4,coin_x_chest,0.7,cov70,0.707081,0.25384265184402466,15.732188860733915,0.645476995176018,ok,located,false
qwen2511_class_word_noise_mask_oracle_10pct,key_x_lock_cov50_0,0,key_x_lock,0.5,cov50,0.485743,0.10790618509054184,20.931298457790035,0.9495627576629669,ok,located,true
qwen2511_class_word_noise_mask_oracle_10pct,key_x_lock_cov50_0,1,key_x_lock,0.5,cov50,0.485743,0.42169275879859924,9.586476363766486,0.6087896337660357,ok,located,false
qwen2511_class_word_noise_mask_oracle_10pct,key_x_lock_cov50_0,2,key_x_lock,0.5,cov50,0.485743,0.092767134308815,17.259749087660154,0.9139335171797253,ok,located,false
qwen2511_class_word_noise_mask_oracle_10pct,key_x_lock_cov50_0,3,key_x_lock,0.5,cov50,0.485743,0.17260195314884186,15.950934080289617,0.782639058662259,ok,located,false
qwen2511_class_word_noise_mask_oracle_10pct,key_x_lock_cov50_0,4,key_x_lock,0.5,cov50,0.485743,0.10733862221240997,20.808796886027142,0.953017913098608,ok,located,false
qwen2511_class_word_noise_mask_oracle_10pct,key_x_lock_cov50_1,0,key_x_lock,0.5,cov50,0.498359,0.09954604506492615,22.235122893699163,0.9066517444918455,ok,located,false
qwen2511_class_word_noise_mask_oracle_10pct,key_x_lock_cov50_1,1,key_x_lock,0.5,cov50,0.498359,0.45599332451820374,9.43718550414079,0.5589258897653706,ok,located,false
qwen2511_class_word_noise_mask_oracle_10pct,key_x_lock_cov50_1,2,key_x_lock,0.5,cov50,0.498359,0.11579903960227966,18.186448660879346,0.8465393300356266,ok,located,true
qwen2511_class_word_noise_mask_oracle_10pct,key_x_lock_cov50_1,3,key_x_lock,0.5,cov50,0.498359,0.45188459753990173,9.868559829152735,0.5437906884028333,ok,located,false
qwen2511_class_word_noise_mask_oracle_10pct,key_x_lock_cov50_1,4,key_x_lock,0.5,cov50,0.498359,0.11510273814201355,20.87849294100279,0.8528678268031884,ok,located,false
qwen2511_class_word_noise_mask_oracle_10pct,key_x_lock_cov50_2,0,key_x_lock,0.5,cov50,0.511836,0.09539686143398285,22.447599913569206,0.9618077561422645,ok,located,true
qwen2511_class_word_noise_mask_oracle_10pct,key_x_lock_cov50_2,1,key_x_lock,0.5,cov50,0.511836,0.4267559349536896,10.053237834954572,0.5732550311971011,ok,located,false
qwen2511_class_word_noise_mask_oracle_10pct,key_x_lock_cov50_2,2,key_x_lock,0.5,cov50,0.511836,0.07276991009712219,18.88807854188601,0.9254973717626496,ok,located,false
qwen2511_class_word_noise_mask_oracle_10pct,key_x_lock_cov50_2,3,key_x_lock,0.5,cov50,0.511836,0.03714798763394356,23.958826874943796,0.9636504902597774,ok,located,false
qwen2511_class_word_noise_mask_oracle_10pct,key_x_lock_cov50_2,4,key_x_lock,0.5,cov50,0.511836,0.09633822739124298,22.426670134149806,0.9631186882233279,ok,located,false
qwen2511_class_word_noise_mask_oracle_10pct,potion_x_crate_cov50_0,0,potion_x_crate,0.5,cov50,0.518319,0.04747849330306053,26.141866467062037,0.8946775672165033,ok,located,false
qwen2511_class_word_noise_mask_oracle_10pct,potion_x_crate_cov50_0,1,potion_x_crate,0.5,cov50,0.518319,0.04060717299580574,26.23115087319895,0.893052939241997,ok,located,false
qwen2511_class_word_noise_mask_oracle_10pct,potion_x_crate_cov50_0,2,potion_x_crate,0.5,cov50,0.518319,0.040711719542741776,26.10740766413182,0.8991897987781136,ok,located,true
qwen2511_class_word_noise_mask_oracle_10pct,potion_x_crate_cov50_0,3,potion_x_crate,0.5,cov50,0.518319,0.0399521179497242,26.271561028727547,0.8912970225000013,ok,located,false
qwen2511_class_word_noise_mask_oracle_10pct,potion_x_crate_cov50_0,4,potion_x_crate,0.5,cov50,0.518319,0.07896372675895691,25.911312267145476,0.8960390314427974,ok,located,false
qwen2511_class_word_noise_mask_oracle_10pct,potion_x_crate_cov50_1,0,potion_x_crate,0.5,cov50,0.505658,0.009945882484316826,33.422186947302336,0.9501070630962273,ok,located,false
qwen2511_class_word_noise_mask_oracle_10pct,potion_x_crate_cov50_1,1,potion_x_crate,0.5,cov50,0.505658,0.011592701077461243,33.22540098717178,0.9530958701690607,ok,located,false
qwen2511_class_word_noise_mask_oracle_10pct,potion_x_crate_cov50_1,2,potion_x_crate,0.5,cov50,0.505658,0.01212560199201107,32.70352872335628,0.9500687190730265,ok,located,false
qwen2511_class_word_noise_mask_oracle_10pct,potion_x_crate_cov50_1,3,potion_x_crate,0.5,cov50,0.505658,0.01170442160218954,33.618294266810516,0.9503427150570659,ok,located,true
qwen2511_class_word_noise_mask_oracle_10pct,potion_x_crate_cov50_1,4,potion_x_crate,0.5,cov50,0.505658,0.012978319078683853,33.63630227564271,0.9517618601485642,ok,located,false
qwen2511_class_word_noise_mask_oracle_10pct,potion_x_crate_cov50_2,0,potion_x_crate,0.5,cov50,0.514935,0.03897431120276451,27.5307087077324,0.9233313043070459,ok,located,false
qwen2511_class_word_noise_mask_oracle_10pct,potion_x_crate_cov50_2,1,potion_x_crate,0.5,cov50,0.514935,0.03461536765098572,27.557883239406063,0.9147051561979577,ok,located,true
qwen2511_class_word_noise_mask_oracle_10pct,potion_x_crate_cov50_2,2,potion_x_crate,0.5,cov50,0.514935,0.03809167444705963,27.844358016807867,0.927147059979451,ok,located,false
qwen2511_class_word_noise_mask_oracle_10pct,potion_x_crate_cov50_2,3,potion_x_crate,0.5,cov50,0.514935,0.030387425795197487,27.6672286304462,0.921005435741102,ok,located,false
qwen2511_class_word_noise_mask_oracle_10pct,potion_x_crate_cov50_2,4,potion_x_crate,0.5,cov50,0.514935,0.03318396955728531,27.42870795183893,0.9235970758145814,ok,located,false
qwen2511_class_word_noise_mask_oracle_10pct,gem_x_ring_cov30_0,0,gem_x_ring,0.3,cov30,0.299812,0.10979121923446655,13.177301263026976,0.6923896753121234,ok,located,false
qwen2511_class_word_noise_mask_oracle_10pct,gem_x_ring_cov30_0,1,gem_x_ring,0.3,cov30,0.299812,0.09699398279190063,13.969737597927484,0.7243449127497898,ok,located,true
qwen2511_class_word_noise_mask_oracle_10pct,gem_x_ring_cov30_0,2,gem_x_ring,0.3,cov30,0.299812,0.007315446622669697,28.56768231607209,0.9669297248281866,ok,located,false
qwen2511_class_word_noise_mask_oracle_10pct,gem_x_ring_cov30_0,3,gem_x_ring,0.3,cov30,0.299812,0.011410640552639961,26.27928012419065,0.9363053947010477,ok,located,false
qwen2511_class_word_noise_mask_oracle_10pct,gem_x_ring_cov30_0,4,gem_x_ring,0.3,cov30,0.299812,0.10587633401155472,13.655748459561117,0.7393525837593288,ok,located,false
qwen2511_class_word_noise_mask_oracle_10pct,gem_x_ring_cov30_1,0,gem_x_ring,0.3,cov30,0.287595,0.13697902858257294,12.78546533898152,0.6381437815647271,ok,located,false
qwen2511_class_word_noise_mask_oracle_10pct,gem_x_ring_cov30_1,1,gem_x_ring,0.3,cov30,0.287595,0.013075107708573341,24.00106959608984,0.9386635973953982,ok,located,false
qwen2511_class_word_noise_mask_oracle_10pct,gem_x_ring_cov30_1,2,gem_x_ring,0.3,cov30,0.287595,0.25225481390953064,10.177458481916258,0.5721226175578277,ok,located,false
qwen2511_class_word_noise_mask_oracle_10pct,gem_x_ring_cov30_1,3,gem_x_ring,0.3,cov30,0.287595,0.00887635350227356,26.342985898545056,0.957541195980137,ok,located,false
qwen2511_class_word_noise_mask_oracle_10pct,gem_x_ring_cov30_1,4,gem_x_ring,0.3,cov30,0.287595,0.08948582410812378,14.457388322936158,0.6995904941405655,ok,located,true
qwen2511_class_word_noise_mask_oracle_10pct,gem_x_ring_cov30_2,0,gem_x_ring,0.3,cov30,0.290504,0.012439209967851639,26.79215204780567,0.9653553405593635,ok,located,false
qwen2511_class_word_noise_mask_oracle_10pct,gem_x_ring_cov30_2,1,gem_x_ring,0.3,cov30,0.290504,0.01078206766396761,26.51263186779215,0.9452996521090506,ok,located,false
qwen2511_class_word_noise_mask_oracle_10pct,gem_x_ring_cov30_2,2,gem_x_ring,0.3,cov30,0.290504,0.2502327859401703,10.08772826019742,0.6104709610475328,ok,located,false
qwen2511_class_word_noise_mask_oracle_10pct,gem_x_ring_cov30_2,3,gem_x_ring,0.3,cov30,0.290504,0.016827121376991272,24.25550009189451,0.9236582837504738,ok,located,true
qwen2511_class_word_noise_mask_oracle_10pct,gem_x_ring_cov30_2,4,gem_x_ring,0.3,cov30,0.290504,0.12878666818141937,12.289101615400082,0.6704179416104802,ok,located,false
qwen2511_class_word_noise_mask_oracle_10pct,pen_x_book_cov30_0,0,pen_x_book,0.3,cov30,0.310811,0.022801794111728668,31.14825845618592,0.972758955791481,ok,located,true
qwen2511_class_word_noise_mask_oracle_10pct,pen_x_book_cov30_0,1,pen_x_book,0.3,cov30,0.310811,0.025014156475663185,31.44876686445115,0.972569936166214,ok,located,false
qwen2511_class_word_noise_mask_oracle_10pct,pen_x_book_cov30_0,2,pen_x_book,0.3,cov30,0.310811,0.02108222059905529,31.742666892549355,0.9739848036425846,ok,located,false
qwen2511_class_word_noise_mask_oracle_10pct,pen_x_book_cov30_0,3,pen_x_book,0.3,cov30,0.310811,0.21152299642562866,18.83800768596545,0.7471959501487165,ok,located,false
qwen2511_class_word_noise_mask_oracle_10pct,pen_x_book_cov30_0,4,pen_x_book,0.3,cov30,0.310811,0.021900556981563568,31.64745021175902,0.9741620078797002,ok,located,false
qwen2511_class_word_noise_mask_oracle_10pct,pen_x_book_cov30_1,0,pen_x_book,0.3,cov30,0.304428,0.0253983773291111,26.650675911730755,0.9141693020575162,ok,located,false
qwen2511_class_word_noise_mask_oracle_10pct,pen_x_book_cov30_1,1,pen_x_book,0.3,cov30,0.304428,0.02817624807357788,26.48826903446073,0.9116834419447711,ok,located,true
qwen2511_class_word_noise_mask_oracle_10pct,pen_x_book_cov30_1,2,pen_x_book,0.3,cov30,0.304428,0.028855957090854645,26.404509974558678,0.9144380347705039,ok,located,false
qwen2511_class_word_noise_mask_oracle_10pct,pen_x_book_cov30_1,3,pen_x_book,0.3,cov30,0.304428,0.02615828439593315,26.729151514644293,0.9148510306275234,ok,located,false
qwen2511_class_word_noise_mask_oracle_10pct,pen_x_book_cov30_1,4,pen_x_book,0.3,cov30,0.304428,0.028835084289312363,26.185197114294553,0.9146940342174422,ok,located,false
qwen2511_class_word_noise_mask_oracle_10pct,pen_x_book_cov30_2,0,pen_x_book,0.3,cov30,0.306125,0.021169742569327354,33.14395571251413,0.9698038982584091,ok,located,false
qwen2511_class_word_noise_mask_oracle_10pct,pen_x_book_cov30_2,1,pen_x_book,0.3,cov30,0.306125,0.01581348292529583,35.125220081474964,0.9763060953461404,ok,located,false
qwen2511_class_word_noise_mask_oracle_10pct,pen_x_book_cov30_2,2,pen_x_book,0.3,cov30,0.306125,0.01795479841530323,34.45906824374983,0.9756369529999445,ok,located,true
qwen2511_class_word_noise_mask_oracle_10pct,pen_x_book_cov30_2,3,pen_x_book,0.3,cov30,0.306125,0.018881816416978836,33.91263307246973,0.9708868301679064,ok,located,false
qwen2511_class_word_noise_mask_oracle_10pct,pen_x_book_cov30_2,4,pen_x_book,0.3,cov30,0.306125,0.01753954403102398,35.4035968484556,0.9773943313749062,ok,located,false
qwen2511_class_word_noise_mask_oracle_10pct,sword_x_shield_cov30_0,0,sword_x_shield,0.3,cov30,0.286166,0.06493909657001495,24.138926042720556,0.903877292102751,ok,located,false
qwen2511_class_word_noise_mask_oracle_10pct,sword_x_shield_cov30_0,1,sword_x_shield,0.3,cov30,0.286166,0.16020846366882324,21.502799180208637,0.8911055592385075,ok,located,false
qwen2511_class_word_noise_mask_oracle_10pct,sword_x_shield_cov30_0,2,sword_x_shield,0.3,cov30,0.286166,0.03570767119526863,24.170256921244587,0.9014211139192301,ok,located,true
qwen2511_class_word_noise_mask_oracle_10pct,sword_x_shield_cov30_0,3,sword_x_shield,0.3,cov30,0.286166,0.022899204865098,29.319446740561716,0.9675844493756757,ok,located,false
qwen2511_class_word_noise_mask_oracle_10pct,sword_x_shield_cov30_0,4,sword_x_shield,0.3,cov30,0.286166,0.0264485701918602,30.521042247603223,0.9717953818751099,ok,located,false
qwen2511_class_word_noise_mask_oracle_10pct,sword_x_shield_cov30_1,0,sword_x_shield,0.3,cov30,0.280355,0.06849882751703262,19.662209136230018,0.9127307103655863,ok,located,false
qwen2511_class_word_noise_mask_oracle_10pct,sword_x_shield_cov30_1,1,sword_x_shield,0.3,cov30,0.280355,0.426567405462265,10.300811402946605,0.5747126834598549,ok,located,false
qwen2511_class_word_noise_mask_oracle_10pct,sword_x_shield_cov30_1,2,sword_x_shield,0.3,cov30,0.280355,0.020690327510237694,23.38124451768307,0.8907678807289797,ok,located,false
qwen2511_class_word_noise_mask_oracle_10pct,sword_x_shield_cov30_1,3,sword_x_shield,0.3,cov30,0.280355,0.0336545929312706,20.51154712280423,0.8514679447565467,ok,located,false
qwen2511_class_word_noise_mask_oracle_10pct,sword_x_shield_cov30_1,4,sword_x_shield,0.3,cov30,0.280355,0.03901438042521477,19.91847191265563,0.7907266008429312,ok,located,true
qwen2511_class_word_noise_mask_oracle_10pct,sword_x_shield_cov30_2,0,sword_x_shield,0.3,cov30,0.284125,0.04551158845424652,20.30249315286533,0.8561631361653216,ok,located,false
qwen2511_class_word_noise_mask_oracle_10pct,sword_x_shield_cov30_2,1,sword_x_shield,0.3,cov30,0.284125,0.02998361550271511,23.112772271006623,0.9000363412415712,ok,located,false
qwen2511_class_word_noise_mask_oracle_10pct,sword_x_shield_cov30_2,2,sword_x_shield,0.3,cov30,0.284125,0.036051709204912186,23.413606257283366,0.913148633364889,ok,located,true
qwen2511_class_word_noise_mask_oracle_10pct,sword_x_shield_cov30_2,3,sword_x_shield,0.3,cov30,0.284125,0.025587711483240128,24.376022906533485,0.917562855086881,ok,located,false
qwen2511_class_word_noise_mask_oracle_10pct,sword_x_shield_cov30_2,4,sword_x_shield,0.3,cov30,0.284125,0.051907360553741455,19.603561530301114,0.8291020837407479,ok,located,false
qwen2511_class_word_noise_mask_oracle_10pct,hammer_x_anvil_cov30_0,0,hammer_x_anvil,0.3,cov30,0.310627,0.021669402718544006,30.769351825639273,0.9814770623906736,ok,located,true
qwen2511_class_word_noise_mask_oracle_10pct,hammer_x_anvil_cov30_0,1,hammer_x_anvil,0.3,cov30,0.310627,0.5287365913391113,11.874613508157887,0.5952440966356859,ok,located,false
qwen2511_class_word_noise_mask_oracle_10pct,hammer_x_anvil_cov30_0,2,hammer_x_anvil,0.3,cov30,0.310627,0.012342572212219238,32.98187192364755,0.9848158177658951,ok,located,false
qwen2511_class_word_noise_mask_oracle_10pct,hammer_x_anvil_cov30_0,3,hammer_x_anvil,0.3,cov30,0.310627,0.018809396773576736,29.158994801006408,0.9820513480854034,ok,located,false
qwen2511_class_word_noise_mask_oracle_10pct,hammer_x_anvil_cov30_0,4,hammer_x_anvil,0.3,cov30,0.310627,0.0242722500115633,30.104971328516868,0.9802653538118907,ok,located,false
qwen2511_class_word_noise_mask_oracle_10pct,hammer_x_anvil_cov30_1,0,hammer_x_anvil,0.3,cov30,0.280833,0.0405799001455307,26.03062286738085,0.9449569445447765,ok,located,true
qwen2511_class_word_noise_mask_oracle_10pct,hammer_x_anvil_cov30_1,1,hammer_x_anvil,0.3,cov30,0.280833,0.6159316897392273,10.75391923612477,0.5712814293998986,ok,located,false
qwen2511_class_word_noise_mask_oracle_10pct,hammer_x_anvil_cov30_1,2,hammer_x_anvil,0.3,cov30,0.280833,0.03657478839159012,26.89336622386999,0.9545379957649853,ok,located,false
qwen2511_class_word_noise_mask_oracle_10pct,hammer_x_anvil_cov30_1,3,hammer_x_anvil,0.3,cov30,0.280833,0.06970290839672089,24.77235023452551,0.9563009773952666,ok,located,false
qwen2511_class_word_noise_mask_oracle_10pct,hammer_x_anvil_cov30_1,4,hammer_x_anvil,0.3,cov30,0.280833,0.03736129775643349,26.694805232454275,0.9515436965633377,ok,located,false
qwen2511_class_word_noise_mask_oracle_10pct,hammer_x_anvil_cov30_2,0,hammer_x_anvil,0.3,cov30,0.306076,0.017641855403780937,33.44667383436416,0.9799193696478614,ok,located,true
qwen2511_class_word_noise_mask_oracle_10pct,hammer_x_anvil_cov30_2,1,hammer_x_anvil,0.3,cov30,0.306076,0.45105522871017456,12.07441554938043,0.6191046591262889,ok,located,false
qwen2511_class_word_noise_mask_oracle_10pct,hammer_x_anvil_cov30_2,2,hammer_x_anvil,0.3,cov30,0.306076,0.01203140988945961,34.43344600915517,0.9833925895783836,ok,located,false
qwen2511_class_word_noise_mask_oracle_10pct,hammer_x_anvil_cov30_2,3,hammer_x_anvil,0.3,cov30,0.306076,0.4058219790458679,13.485488873667746,0.6407640992823236,ok,located,false
qwen2511_class_word_noise_mask_oracle_10pct,hammer_x_anvil_cov30_2,4,hammer_x_anvil,0.3,cov30,0.306076,0.01555502787232399,33.41464132123371,0.9796679034445894,ok,located,false
qwen2511_class_word_noise_mask_oracle_20pct,emblem_x_banner_cov50_0,0,emblem_x_banner,0.5,cov50,0.497214,0.016674784943461418,30.854539481929443,0.9726957137812838,ok,located,false
qwen2511_class_word_noise_mask_oracle_20pct,emblem_x_banner_cov50_0,1,emblem_x_banner,0.5,cov50,0.497214,0.01779569312930107,30.885555780189954,0.9714239033751185,ok,located,true
qwen2511_class_word_noise_mask_oracle_20pct,emblem_x_banner_cov50_0,2,emblem_x_banner,0.5,cov50,0.497214,0.017592648044228554,29.95062902508827,0.9679767278303043,ok,located,false
qwen2511_class_word_noise_mask_oracle_20pct,emblem_x_banner_cov50_0,3,emblem_x_banner,0.5,cov50,0.497214,0.22035351395606995,13.56457498263292,0.8516806610695552,ok,located,false
qwen2511_class_word_noise_mask_oracle_20pct,emblem_x_banner_cov50_0,4,emblem_x_banner,0.5,cov50,0.497214,0.02588895708322525,31.461016617327164,0.9734313983799954,ok,located,false
qwen2511_class_word_noise_mask_oracle_20pct,emblem_x_banner_cov50_1,0,emblem_x_banner,0.5,cov50,0.486007,0.006973763927817345,34.998291626049365,0.9884891089356964,ok,located,false
qwen2511_class_word_noise_mask_oracle_20pct,emblem_x_banner_cov50_1,1,emblem_x_banner,0.5,cov50,0.486007,0.011762544512748718,35.36305001006926,0.986275396643116,ok,located,true
qwen2511_class_word_noise_mask_oracle_20pct,emblem_x_banner_cov50_1,2,emblem_x_banner,0.5,cov50,0.486007,0.02062155492603779,33.05930591531869,0.9842038650644027,ok,located,false
qwen2511_class_word_noise_mask_oracle_20pct,emblem_x_banner_cov50_1,3,emblem_x_banner,0.5,cov50,0.486007,0.1866476982831955,15.221118770817462,0.8972198046505327,ok,located,false
qwen2511_class_word_noise_mask_oracle_20pct,emblem_x_banner_cov50_1,4,emblem_x_banner,0.5,cov50,0.486007,0.0055389078333973885,35.51154349533617,0.9903494823905817,ok,located,false
qwen2511_class_word_noise_mask_oracle_20pct,emblem_x_banner_cov50_2,0,emblem_x_banner,0.5,cov50,0.505033,0.02650754526257515,28.91863491784732,0.9717695987511012,ok,located,true
qwen2511_class_word_noise_mask_oracle_20pct,emblem_x_banner_cov50_2,1,emblem_x_banner,0.5,cov50,0.505033,0.04586642608046532,28.65200613168572,0.9658314766763468,ok,located,false
qwen2511_class_word_noise_mask_oracle_20pct,emblem_x_banner_cov50_2,2,emblem_x_banner,0.5,cov50,0.505033,0.043067142367362976,28.27523394139822,0.9709508279621257,ok,located,false
qwen2511_class_word_noise_mask_oracle_20pct,emblem_x_banner_cov50_2,3,emblem_x_banner,0.5,cov50,0.505033,0.019856391474604607,29.47813998018875,0.9762051309129386,ok,located,false
qwen2511_class_word_noise_mask_oracle_20pct,emblem_x_banner_cov50_2,4,emblem_x_banner,0.5,cov50,0.505033,0.023430459201335907,29.576764302043102,0.9748098894148431,ok,located,false
qwen2511_class_word_noise_mask_oracle_20pct,food_x_plate_cov70_0,0,food_x_plate,0.7,cov70,0.713963,0.03396415337920189,31.574926791214114,0.9726938533111972,ok,located,false
qwen2511_class_word_noise_mask_oracle_20pct,food_x_plate_cov70_0,1,food_x_plate,0.7,cov70,0.713963,0.03572981432080269,33.027119105274984,0.9704248492801882,ok,located,false
qwen2511_class_word_noise_mask_oracle_20pct,food_x_plate_cov70_0,2,food_x_plate,0.7,cov70,0.713963,0.034222498536109924,31.279901775688245,0.9736887985566987,ok,located,true
qwen2511_class_word_noise_mask_oracle_20pct,food_x_plate_cov70_0,3,food_x_plate,0.7,cov70,0.713963,0.048035621643066406,30.879186533948022,0.9593472630980203,ok,located,false
qwen2511_class_word_noise_mask_oracle_20pct,food_x_plate_cov70_0,4,food_x_plate,0.7,cov70,0.713963,0.02997051179409027,32.47079168281485,0.9705594100042538,ok,located,false
qwen2511_class_word_noise_mask_oracle_20pct,food_x_plate_cov70_1,0,food_x_plate,0.7,cov70,0.695275,0.023347727954387665,29.652583643628326,0.9601593497236826,ok,located,false
qwen2511_class_word_noise_mask_oracle_20pct,food_x_plate_cov70_1,1,food_x_plate,0.7,cov70,0.695275,0.020810192450881004,30.074609899354847,0.9646906314192574,ok,located,false
qwen2511_class_word_noise_mask_oracle_20pct,food_x_plate_cov70_1,2,food_x_plate,0.7,cov70,0.695275,0.029027827084064484,28.493232676319238,0.9567870751399239,ok,located,true
qwen2511_class_word_noise_mask_oracle_20pct,food_x_plate_cov70_1,3,food_x_plate,0.7,cov70,0.695275,0.03122461400926113,28.069860794779082,0.9500026237585146,ok,located,false
qwen2511_class_word_noise_mask_oracle_20pct,food_x_plate_cov70_1,4,food_x_plate,0.7,cov70,0.695275,0.03339362144470215,27.768554013132043,0.9481814994558588,ok,located,false
qwen2511_class_word_noise_mask_oracle_20pct,food_x_plate_cov70_2,0,food_x_plate,0.7,cov70,0.695829,0.020244639366865158,25.363159444209096,0.9496651670360996,ok,located,false
qwen2511_class_word_noise_mask_oracle_20pct,food_x_plate_cov70_2,1,food_x_plate,0.7,cov70,0.695829,0.014230446889996529,29.85067311933426,0.9724731473191485,ok,located,false
qwen2511_class_word_noise_mask_oracle_20pct,food_x_plate_cov70_2,2,food_x_plate,0.7,cov70,0.695829,0.016912885010242462,25.706161435136778,0.9516539510618859,ok,located,true
qwen2511_class_word_noise_mask_oracle_20pct,food_x_plate_cov70_2,3,food_x_plate,0.7,cov70,0.695829,0.013560788705945015,30.88139319313261,0.9754409972459159,ok,located,false
qwen2511_class_word_noise_mask_oracle_20pct,food_x_plate_cov70_2,4,food_x_plate,0.7,cov70,0.695829,0.018494462594389915,25.50741615492535,0.9483827766389757,ok,located,false
qwen2511_class_word_noise_mask_oracle_20pct,coin_x_chest_cov70_0,0,coin_x_chest,0.7,cov70,0.7127,0.11173439770936966,19.660430144583966,0.7796976418938545,ok,located,false
qwen2511_class_word_noise_mask_oracle_20pct,coin_x_chest_cov70_0,1,coin_x_chest,0.7,cov70,0.7127,0.14127930998802185,19.246075747317096,0.7552506070876198,ok,located,true
qwen2511_class_word_noise_mask_oracle_20pct,coin_x_chest_cov70_0,2,coin_x_chest,0.7,cov70,0.7127,0.1591733992099762,18.725650184025792,0.7937499683163081,ok,located,false
qwen2511_class_word_noise_mask_oracle_20pct,coin_x_chest_cov70_0,3,coin_x_chest,0.7,cov70,0.7127,0.14371126890182495,19.889135294453887,0.796898154635624,ok,located,false
qwen2511_class_word_noise_mask_oracle_20pct,coin_x_chest_cov70_0,4,coin_x_chest,0.7,cov70,0.7127,0.13258980214595795,19.655626148270887,0.7773705336819915,ok,located,false
qwen2511_class_word_noise_mask_oracle_20pct,coin_x_chest_cov70_1,0,coin_x_chest,0.7,cov70,0.709374,0.5076125860214233,10.699447364905076,0.29701294566893993,ok,located,false
qwen2511_class_word_noise_mask_oracle_20pct,coin_x_chest_cov70_1,1,coin_x_chest,0.7,cov70,0.709374,0.320278137922287,12.947379379000626,0.44289082054898415,ok,located,false
qwen2511_class_word_noise_mask_oracle_20pct,coin_x_chest_cov70_1,2,coin_x_chest,0.7,cov70,0.709374,0.3035210967063904,12.877859907288496,0.4553575442782745,ok,located,true
qwen2511_class_word_noise_mask_oracle_20pct,coin_x_chest_cov70_1,3,coin_x_chest,0.7,cov70,0.709374,0.14123089611530304,19.39677057504441,0.768007380606936,ok,located,false
qwen2511_class_word_noise_mask_oracle_20pct,coin_x_chest_cov70_1,4,coin_x_chest,0.7,cov70,0.709374,0.25477853417396545,17.223519517090978,0.7122075399763137,ok,located,false
qwen2511_class_word_noise_mask_oracle_20pct,coin_x_chest_cov70_2,0,coin_x_chest,0.7,cov70,0.707081,0.14822611212730408,18.297878063203903,0.6920724370790602,ok,located,false
qwen2511_class_word_noise_mask_oracle_20pct,coin_x_chest_cov70_2,1,coin_x_chest,0.7,cov70,0.707081,0.18204936385154724,17.23026643995736,0.6827458297403085,ok,located,true
qwen2511_class_word_noise_mask_oracle_20pct,coin_x_chest_cov70_2,2,coin_x_chest,0.7,cov70,0.707081,0.2691035866737366,15.146519384947156,0.6389325202844526,ok,located,false
qwen2511_class_word_noise_mask_oracle_20pct,coin_x_chest_cov70_2,3,coin_x_chest,0.7,cov70,0.707081,0.17729264497756958,18.79243913185703,0.7165494378034042,ok,located,false
qwen2511_class_word_noise_mask_oracle_20pct,coin_x_chest_cov70_2,4,coin_x_chest,0.7,cov70,0.707081,0.25595441460609436,15.769064957730127,0.6447468943398146,ok,located,false
qwen2511_class_word_noise_mask_oracle_20pct,key_x_lock_cov50_0,0,key_x_lock,0.5,cov50,0.485743,0.108450748026371,20.96566721601072,0.9492810452032178,ok,located,true
qwen2511_class_word_noise_mask_oracle_20pct,key_x_lock_cov50_0,1,key_x_lock,0.5,cov50,0.485743,0.4403461813926697,9.422734026068659,0.6019565940770545,ok,located,false
qwen2511_class_word_noise_mask_oracle_20pct,key_x_lock_cov50_0,2,key_x_lock,0.5,cov50,0.485743,0.09669004380702972,17.7152014617649,0.9211267101460568,ok,located,false
qwen2511_class_word_noise_mask_oracle_20pct,key_x_lock_cov50_0,3,key_x_lock,0.5,cov50,0.485743,0.3326132297515869,10.78297854075955,0.6252970937631335,ok,located,false
qwen2511_class_word_noise_mask_oracle_20pct,key_x_lock_cov50_0,4,key_x_lock,0.5,cov50,0.485743,0.10755662620067596,20.79353506892413,0.9528002278515944,ok,located,false
qwen2511_class_word_noise_mask_oracle_20pct,key_x_lock_cov50_1,0,key_x_lock,0.5,cov50,0.498359,0.09896227717399597,22.223176277041972,0.9068701100020761,ok,located,false
qwen2511_class_word_noise_mask_oracle_20pct,key_x_lock_cov50_1,1,key_x_lock,0.5,cov50,0.498359,0.4646020829677582,9.317732066396006,0.5527966816622031,ok,located,false
qwen2511_class_word_noise_mask_oracle_20pct,key_x_lock_cov50_1,2,key_x_lock,0.5,cov50,0.498359,0.10033267736434937,19.080946529645562,0.848845226686716,ok,located,false
qwen2511_class_word_noise_mask_oracle_20pct,key_x_lock_cov50_1,3,key_x_lock,0.5,cov50,0.498359,0.46684035658836365,10.882572880159307,0.544604207145054,ok,located,false
qwen2511_class_word_noise_mask_oracle_20pct,key_x_lock_cov50_1,4,key_x_lock,0.5,cov50,0.498359,0.10820461064577103,21.424864944163172,0.8745842500841409,ok,located,true
qwen2511_class_word_noise_mask_oracle_20pct,key_x_lock_cov50_2,0,key_x_lock,0.5,cov50,0.511836,0.09557119756937027,22.451166760687652,0.961304115817767,ok,located,true
qwen2511_class_word_noise_mask_oracle_20pct,key_x_lock_cov50_2,1,key_x_lock,0.5,cov50,0.511836,0.4136553406715393,10.156633687846767,0.5760586073957176,ok,located,false
qwen2511_class_word_noise_mask_oracle_20pct,key_x_lock_cov50_2,2,key_x_lock,0.5,cov50,0.511836,0.07320212572813034,18.876982947601697,0.92494413380177,ok,located,false
qwen2511_class_word_noise_mask_oracle_20pct,key_x_lock_cov50_2,3,key_x_lock,0.5,cov50,0.511836,0.038041919469833374,23.60195398433618,0.963856496110572,ok,located,false
qwen2511_class_word_noise_mask_oracle_20pct,key_x_lock_cov50_2,4,key_x_lock,0.5,cov50,0.511836,0.09674392640590668,22.428546497638486,0.9626641964335283,ok,located,false
qwen2511_class_word_noise_mask_oracle_20pct,potion_x_crate_cov50_0,0,potion_x_crate,0.5,cov50,0.518319,0.0494142509996891,26.134945293372326,0.8955211768763812,ok,located,false
qwen2511_class_word_noise_mask_oracle_20pct,potion_x_crate_cov50_0,1,potion_x_crate,0.5,cov50,0.518319,0.04079370200634003,26.253253265400485,0.8937269843066901,ok,located,true
qwen2511_class_word_noise_mask_oracle_20pct,potion_x_crate_cov50_0,2,potion_x_crate,0.5,cov50,0.518319,0.040532033890485764,26.074279573313184,0.8992928257359711,ok,located,false
qwen2511_class_word_noise_mask_oracle_20pct,potion_x_crate_cov50_0,3,potion_x_crate,0.5,cov50,0.518319,0.039347268640995026,26.32873433780024,0.8927728404193925,ok,located,false
qwen2511_class_word_noise_mask_oracle_20pct,potion_x_crate_cov50_0,4,potion_x_crate,0.5,cov50,0.518319,0.07746828347444534,25.94040915104458,0.8972590857068599,ok,located,false
qwen2511_class_word_noise_mask_oracle_20pct,potion_x_crate_cov50_1,0,potion_x_crate,0.5,cov50,0.505658,0.010106975212693214,33.269173573231356,0.9493345019661436,ok,located,false
qwen2511_class_word_noise_mask_oracle_20pct,potion_x_crate_cov50_1,1,potion_x_crate,0.5,cov50,0.505658,0.011804972775280476,33.09063732671109,0.9524965814824436,ok,located,false
qwen2511_class_word_noise_mask_oracle_20pct,potion_x_crate_cov50_1,2,potion_x_crate,0.5,cov50,0.505658,0.01285858079791069,32.72584362961594,0.9508892455616057,ok,located,false
qwen2511_class_word_noise_mask_oracle_20pct,potion_x_crate_cov50_1,3,potion_x_crate,0.5,cov50,0.505658,0.012028297409415245,33.64863725951247,0.9508335128250757,ok,located,true
qwen2511_class_word_noise_mask_oracle_20pct,potion_x_crate_cov50_1,4,potion_x_crate,0.5,cov50,0.505658,0.013316401280462742,33.623715046493714,0.9517964519040016,ok,located,false
qwen2511_class_word_noise_mask_oracle_20pct,potion_x_crate_cov50_2,0,potion_x_crate,0.5,cov50,0.514935,0.03933166339993477,27.491970560096025,0.9233537699432243,ok,located,false
qwen2511_class_word_noise_mask_oracle_20pct,potion_x_crate_cov50_2,1,potion_x_crate,0.5,cov50,0.514935,0.03517378494143486,27.496113100618146,0.9135970687610745,ok,located,true
qwen2511_class_word_noise_mask_oracle_20pct,potion_x_crate_cov50_2,2,potion_x_crate,0.5,cov50,0.514935,0.03556712716817856,28.39970907624592,0.9348605899464859,ok,located,false
qwen2511_class_word_noise_mask_oracle_20pct,potion_x_crate_cov50_2,3,potion_x_crate,0.5,cov50,0.514935,0.03084748610854149,27.588619423026728,0.9145168038398781,ok,located,false
qwen2511_class_word_noise_mask_oracle_20pct,potion_x_crate_cov50_2,4,potion_x_crate,0.5,cov50,0.514935,0.03307107836008072,27.463338227310302,0.9236335571741684,ok,located,false
qwen2511_class_word_noise_mask_oracle_20pct,gem_x_ring_cov30_0,0,gem_x_ring,0.3,cov30,0.299812,0.11607825011014938,13.09157152180789,0.6922501860868967,ok,located,false
qwen2511_class_word_noise_mask_oracle_20pct,gem_x_ring_cov30_0,1,gem_x_ring,0.3,cov30,0.299812,0.09666100889444351,14.025633812238887,0.7256867235207553,ok,located,false
qwen2511_class_word_noise_mask_oracle_20pct,gem_x_ring_cov30_0,2,gem_x_ring,0.3,cov30,0.299812,0.00752299977466464,28.97905433701588,0.9690176864526906,ok,located,false
qwen2511_class_word_noise_mask_oracle_20pct,gem_x_ring_cov30_0,3,gem_x_ring,0.3,cov30,0.299812,0.011487776413559914,26.286239348956713,0.9362272807143568,ok,located,false
qwen2511_class_word_noise_mask_oracle_20pct,gem_x_ring_cov30_0,4,gem_x_ring,0.3,cov30,0.299812,0.08634719997644424,14.47624879020006,0.7471731000452992,ok,located,true
qwen2511_class_word_noise_mask_oracle_20pct,gem_x_ring_cov30_1,0,gem_x_ring,0.3,cov30,0.287595,0.14811281859874725,12.465632158124551,0.6297902965944625,ok,located,false
qwen2511_class_word_noise_mask_oracle_20pct,gem_x_ring_cov30_1,1,gem_x_ring,0.3,cov30,0.287595,0.013066896237432957,23.869584769384797,0.9392253331619224,ok,located,false
qwen2511_class_word_noise_mask_oracle_20pct,gem_x_ring_cov30_1,2,gem_x_ring,0.3,cov30,0.287595,0.0132471714168787,24.11676489163957,0.9181572185709411,ok,located,true
qwen2511_class_word_noise_mask_oracle_20pct,gem_x_ring_cov30_1,3,gem_x_ring,0.3,cov30,0.287595,0.008764540776610374,26.368161176766215,0.9574606423845129,ok,located,false
qwen2511_class_word_noise_mask_oracle_20pct,gem_x_ring_cov30_1,4,gem_x_ring,0.3,cov30,0.287595,0.09912527352571487,14.214782464399914,0.6998881849398515,ok,located,false
qwen2511_class_word_noise_mask_oracle_20pct,gem_x_ring_cov30_2,0,gem_x_ring,0.3,cov30,0.290504,0.011726642958819866,26.94875049630429,0.96448413714386,ok,located,false
qwen2511_class_word_noise_mask_oracle_20pct,gem_x_ring_cov30_2,1,gem_x_ring,0.3,cov30,0.290504,0.011256415396928787,26.555275999425852,0.9425287909178847,ok,located,false
qwen2511_class_word_noise_mask_oracle_20pct,gem_x_ring_cov30_2,2,gem_x_ring,0.3,cov30,0.290504,0.3343008756637573,9.330186392223968,0.5876634725446467,ok,located,false
qwen2511_class_word_noise_mask_oracle_20pct,gem_x_ring_cov30_2,3,gem_x_ring,0.3,cov30,0.290504,0.017065048217773438,24.240699126559036,0.9235876039420944,ok,located,true
qwen2511_class_word_noise_mask_oracle_20pct,gem_x_ring_cov30_2,4,gem_x_ring,0.3,cov30,0.290504,0.09034784138202667,14.307852747814598,0.7592063120932354,ok,located,false
qwen2511_class_word_noise_mask_oracle_20pct,pen_x_book_cov30_0,0,pen_x_book,0.3,cov30,0.310811,0.02308458834886551,31.03506975676077,0.9726230374392758,ok,located,true
qwen2511_class_word_noise_mask_oracle_20pct,pen_x_book_cov30_0,1,pen_x_book,0.3,cov30,0.310811,0.025623761117458344,31.262687211401683,0.9718805749610991,ok,located,false
qwen2511_class_word_noise_mask_oracle_20pct,pen_x_book_cov30_0,2,pen_x_book,0.3,cov30,0.310811,0.021756911650300026,31.465047899348978,0.9736456428590757,ok,located,false
qwen2511_class_word_noise_mask_oracle_20pct,pen_x_book_cov30_0,3,pen_x_book,0.3,cov30,0.310811,0.42312097549438477,13.37031547398216,0.636846142782156,ok,located,false
qwen2511_class_word_noise_mask_oracle_20pct,pen_x_book_cov30_0,4,pen_x_book,0.3,cov30,0.310811,0.021646913141012192,31.681472614062294,0.9742047022404202,ok,located,false
qwen2511_class_word_noise_mask_oracle_20pct,pen_x_book_cov30_1,0,pen_x_book,0.3,cov30,0.304428,0.026084639132022858,26.660056138249686,0.9139558397573063,ok,located,false
qwen2511_class_word_noise_mask_oracle_20pct,pen_x_book_cov30_1,1,pen_x_book,0.3,cov30,0.304428,0.02906535007059574,26.465307460280528,0.9113825294074541,ok,located,false
qwen2511_class_word_noise_mask_oracle_20pct,pen_x_book_cov30_1,2,pen_x_book,0.3,cov30,0.304428,0.029468592256307602,26.34340521986784,0.914028041695201,ok,located,false
qwen2511_class_word_noise_mask_oracle_20pct,pen_x_book_cov30_1,3,pen_x_book,0.3,cov30,0.304428,0.02687961421906948,26.7135835964539,0.914009721201514,ok,located,false
qwen2511_class_word_noise_mask_oracle_20pct,pen_x_book_cov30_1,4,pen_x_book,0.3,cov30,0.304428,0.02895621582865715,26.195121487867354,0.9149843809477972,ok,located,true
qwen2511_class_word_noise_mask_oracle_20pct,pen_x_book_cov30_2,0,pen_x_book,0.3,cov30,0.306125,0.021465180441737175,33.12879710820119,0.9696064994732357,ok,located,false
qwen2511_class_word_noise_mask_oracle_20pct,pen_x_book_cov30_2,1,pen_x_book,0.3,cov30,0.306125,0.016408244147896767,35.04963261887227,0.9760695258695757,ok,located,false
qwen2511_class_word_noise_mask_oracle_20pct,pen_x_book_cov30_2,2,pen_x_book,0.3,cov30,0.306125,0.018331440165638924,34.45591108837467,0.9756391153823509,ok,located,true
qwen2511_class_word_noise_mask_oracle_20pct,pen_x_book_cov30_2,3,pen_x_book,0.3,cov30,0.306125,0.019244739785790443,33.947473362229445,0.9707733686529592,ok,located,false
qwen2511_class_word_noise_mask_oracle_20pct,pen_x_book_cov30_2,4,pen_x_book,0.3,cov30,0.306125,0.017430953681468964,35.39640115355857,0.977253821356416,ok,located,false
qwen2511_class_word_noise_mask_oracle_20pct,sword_x_shield_cov30_0,0,sword_x_shield,0.3,cov30,0.286166,0.08595125377178192,19.475957090494,0.85777296603597,ok,located,false
qwen2511_class_word_noise_mask_oracle_20pct,sword_x_shield_cov30_0,1,sword_x_shield,0.3,cov30,0.286166,0.15891197323799133,21.407132325342026,0.8908900507564027,ok,located,false
qwen2511_class_word_noise_mask_oracle_20pct,sword_x_shield_cov30_0,2,sword_x_shield,0.3,cov30,0.286166,0.033503882586956024,24.145408721403975,0.9018732972770045,ok,located,true
qwen2511_class_word_noise_mask_oracle_20pct,sword_x_shield_cov30_0,3,sword_x_shield,0.3,cov30,0.286166,0.023024512454867363,29.31080882618939,0.9676822570336725,ok,located,false
qwen2511_class_word_noise_mask_oracle_20pct,sword_x_shield_cov30_0,4,sword_x_shield,0.3,cov30,0.286166,0.027725515887141228,30.42561689493908,0.9714951841373645,ok,located,false
qwen2511_class_word_noise_mask_oracle_20pct,sword_x_shield_cov30_1,0,sword_x_shield,0.3,cov30,0.280355,0.0688994899392128,19.647449993428122,0.9118342635136112,ok,located,false
qwen2511_class_word_noise_mask_oracle_20pct,sword_x_shield_cov30_1,1,sword_x_shield,0.3,cov30,0.280355,0.42654475569725037,10.298670479508797,0.5726569098319287,ok,located,false
qwen2511_class_word_noise_mask_oracle_20pct,sword_x_shield_cov30_1,2,sword_x_shield,0.3,cov30,0.280355,0.021021224558353424,23.323142736452223,0.8894804637009761,ok,located,false
qwen2511_class_word_noise_mask_oracle_20pct,sword_x_shield_cov30_1,3,sword_x_shield,0.3,cov30,0.280355,0.03358204662799835,20.526969574277217,0.8519956292635081,ok,located,false
qwen2511_class_word_noise_mask_oracle_20pct,sword_x_shield_cov30_1,4,sword_x_shield,0.3,cov30,0.280355,0.038889169692993164,19.922542420045172,0.79107416872995,ok,located,true
qwen2511_class_word_noise_mask_oracle_20pct,sword_x_shield_cov30_2,0,sword_x_shield,0.3,cov30,0.284125,0.1075054258108139,16.82298826522675,0.7968021171423249,ok,located,false
qwen2511_class_word_noise_mask_oracle_20pct,sword_x_shield_cov30_2,1,sword_x_shield,0.3,cov30,0.284125,0.04115629941225052,23.452348313553326,0.9081336007785358,ok,located,true
qwen2511_class_word_noise_mask_oracle_20pct,sword_x_shield_cov30_2,2,sword_x_shield,0.3,cov30,0.284125,0.03780128061771393,23.401767410294365,0.9128360737158125,ok,located,false
qwen2511_class_word_noise_mask_oracle_20pct,sword_x_shield_cov30_2,3,sword_x_shield,0.3,cov30,0.284125,0.025840571150183678,24.354338612823057,0.9177666558986788,ok,located,false
qwen2511_class_word_noise_mask_oracle_20pct,sword_x_shield_cov30_2,4,sword_x_shield,0.3,cov30,0.284125,0.05153147131204605,19.60405115749358,0.8297204272590814,ok,located,false
qwen2511_class_word_noise_mask_oracle_20pct,hammer_x_anvil_cov30_0,0,hammer_x_anvil,0.3,cov30,0.310627,0.023839717730879784,30.485912806640577,0.9803116803954067,ok,located,true
qwen2511_class_word_noise_mask_oracle_20pct,hammer_x_anvil_cov30_0,1,hammer_x_anvil,0.3,cov30,0.310627,0.5293620228767395,11.775834756846999,0.5938440194509212,ok,located,false
qwen2511_class_word_noise_mask_oracle_20pct,hammer_x_anvil_cov30_0,2,hammer_x_anvil,0.3,cov30,0.310627,0.015735777094960213,32.398175398254445,0.9832224878008361,ok,located,false
qwen2511_class_word_noise_mask_oracle_20pct,hammer_x_anvil_cov30_0,3,hammer_x_anvil,0.3,cov30,0.310627,0.020894888788461685,28.95808430968712,0.9805808540798532,ok,located,false
qwen2511_class_word_noise_mask_oracle_20pct,hammer_x_anvil_cov30_0,4,hammer_x_anvil,0.3,cov30,0.310627,0.025445464998483658,30.03430243379746,0.9797410836621827,ok,located,false
qwen2511_class_word_noise_mask_oracle_20pct,hammer_x_anvil_cov30_1,0,hammer_x_anvil,0.3,cov30,0.280833,0.040793854743242264,26.003798680494185,0.9448256473698798,ok,located,false
qwen2511_class_word_noise_mask_oracle_20pct,hammer_x_anvil_cov30_1,1,hammer_x_anvil,0.3,cov30,0.280833,0.6200762987136841,10.771277698302253,0.5716159380419565,ok,located,false
qwen2511_class_word_noise_mask_oracle_20pct,hammer_x_anvil_cov30_1,2,hammer_x_anvil,0.3,cov30,0.280833,0.041588619351387024,26.006333449620268,0.9444085811661181,ok,located,true
qwen2511_class_word_noise_mask_oracle_20pct,hammer_x_anvil_cov30_1,3,hammer_x_anvil,0.3,cov30,0.280833,0.43957921862602234,12.984927539413105,0.5997086748443571,ok,located,false
qwen2511_class_word_noise_mask_oracle_20pct,hammer_x_anvil_cov30_1,4,hammer_x_anvil,0.3,cov30,0.280833,0.038567863404750824,26.59799488103964,0.9506365842078707,ok,located,false
qwen2511_class_word_noise_mask_oracle_20pct,hammer_x_anvil_cov30_2,0,hammer_x_anvil,0.3,cov30,0.306076,0.017719021067023277,33.42276142943162,0.9798092649860898,ok,located,true
qwen2511_class_word_noise_mask_oracle_20pct,hammer_x_anvil_cov30_2,1,hammer_x_anvil,0.3,cov30,0.306076,0.5824517011642456,11.193212757979191,0.552647244056209,ok,located,false
qwen2511_class_word_noise_mask_oracle_20pct,hammer_x_anvil_cov30_2,2,hammer_x_anvil,0.3,cov30,0.306076,0.011968841776251793,34.73175520734158,0.9845719879365236,ok,located,false
qwen2511_class_word_noise_mask_oracle_20pct,hammer_x_anvil_cov30_2,3,hammer_x_anvil,0.3,cov30,0.306076,0.4484833776950836,12.956017735392383,0.5971942056259086,ok,located,false
qwen2511_class_word_noise_mask_oracle_20pct,hammer_x_anvil_cov30_2,4,hammer_x_anvil,0.3,cov30,0.306076,0.015869783237576485,33.42624281760795,0.9795937179306354,ok,located,false
qwen2511_generic_noise_mask_oracle_0pct,emblem_x_banner_cov50_0,0,emblem_x_banner,0.5,cov50,0.497214,0.22105129063129425,14.555336248319053,0.8160582430737208,ok,located,false
qwen2511_generic_noise_mask_oracle_0pct,emblem_x_banner_cov50_0,1,emblem_x_banner,0.5,cov50,0.497214,0.22194725275039673,14.559222634705,0.8157756035332401,ok,located,false
qwen2511_generic_noise_mask_oracle_0pct,emblem_x_banner_cov50_0,2,emblem_x_banner,0.5,cov50,0.497214,0.22136551141738892,14.522216257682034,0.8158198451473679,ok,located,true
qwen2511_generic_noise_mask_oracle_0pct,emblem_x_banner_cov50_0,3,emblem_x_banner,0.5,cov50,0.497214,0.2213071882724762,14.619206289830831,0.8160974251431066,ok,located,false
qwen2511_generic_noise_mask_oracle_0pct,emblem_x_banner_cov50_0,4,emblem_x_banner,0.5,cov50,0.497214,0.2219618409872055,14.595066617993648,0.8158767067570075,ok,located,false
qwen2511_generic_noise_mask_oracle_0pct,emblem_x_banner_cov50_1,0,emblem_x_banner,0.5,cov50,0.486007,0.18938514590263367,14.559479201673353,0.8394409321446082,ok,located,false
qwen2511_generic_noise_mask_oracle_0pct,emblem_x_banner_cov50_1,1,emblem_x_banner,0.5,cov50,0.486007,0.19356243312358856,14.654313295789901,0.8572534295685026,ok,located,false
qwen2511_generic_noise_mask_oracle_0pct,emblem_x_banner_cov50_1,2,emblem_x_banner,0.5,cov50,0.486007,0.1888163983821869,14.561584323866711,0.8395523331703676,ok,located,false
qwen2511_generic_noise_mask_oracle_0pct,emblem_x_banner_cov50_1,3,emblem_x_banner,0.5,cov50,0.486007,0.18898126482963562,14.612157749177213,0.8395352685472242,ok,located,true
qwen2511_generic_noise_mask_oracle_0pct,emblem_x_banner_cov50_1,4,emblem_x_banner,0.5,cov50,0.486007,0.17335128784179688,16.302445008940165,0.8657374855026773,ok,located,false
qwen2511_generic_noise_mask_oracle_0pct,emblem_x_banner_cov50_2,0,emblem_x_banner,0.5,cov50,0.505033,0.30122968554496765,12.424250464079012,0.7412070020496189,ok,located,false
qwen2511_generic_noise_mask_oracle_0pct,emblem_x_banner_cov50_2,1,emblem_x_banner,0.5,cov50,0.505033,0.2924182116985321,12.558419221475532,0.7628132590092093,ok,located,false
qwen2511_generic_noise_mask_oracle_0pct,emblem_x_banner_cov50_2,2,emblem_x_banner,0.5,cov50,0.505033,0.2908618748188019,12.58959451322757,0.7635101337244817,ok,located,false
qwen2511_generic_noise_mask_oracle_0pct,emblem_x_banner_cov50_2,3,emblem_x_banner,0.5,cov50,0.505033,0.2889578640460968,12.709338373699149,0.7632516187071801,ok,located,false
qwen2511_generic_noise_mask_oracle_0pct,emblem_x_banner_cov50_2,4,emblem_x_banner,0.5,cov50,0.505033,0.2914979159832001,12.61972093742247,0.7631602058175568,ok,located,true
qwen2511_generic_noise_mask_oracle_0pct,food_x_plate_cov70_0,0,food_x_plate,0.7,cov70,0.713963,0.5604484677314758,6.419394573953353,0.4118475112630032,ok,located,false
qwen2511_generic_noise_mask_oracle_0pct,food_x_plate_cov70_0,1,food_x_plate,0.7,cov70,0.713963,0.5119540691375732,7.085530034609766,0.4640232358772396,ok,located,false
qwen2511_generic_noise_mask_oracle_0pct,food_x_plate_cov70_0,2,food_x_plate,0.7,cov70,0.713963,0.381570041179657,9.104906678359617,0.5977811379875391,ok,located,true
qwen2511_generic_noise_mask_oracle_0pct,food_x_plate_cov70_0,3,food_x_plate,0.7,cov70,0.713963,0.2662101089954376,11.584207084456546,0.7182147112909919,ok,located,false
qwen2511_generic_noise_mask_oracle_0pct,food_x_plate_cov70_0,4,food_x_plate,0.7,cov70,0.713963,0.3594745695590973,11.19275705041612,0.6517428688450906,ok,located,false
qwen2511_generic_noise_mask_oracle_0pct,food_x_plate_cov70_1,0,food_x_plate,0.7,cov70,0.695275,0.47457391023635864,8.519446773555186,0.5974635687504829,ok,located,false
qwen2511_generic_noise_mask_oracle_0pct,food_x_plate_cov70_1,1,food_x_plate,0.7,cov70,0.695275,0.47682690620422363,8.463317017715548,0.5933430630971349,ok,located,false
qwen2511_generic_noise_mask_oracle_0pct,food_x_plate_cov70_1,2,food_x_plate,0.7,cov70,0.695275,0.2778276801109314,7.892712804331541,0.6606008650739019,ok,located,false
qwen2511_generic_noise_mask_oracle_0pct,food_x_plate_cov70_1,3,food_x_plate,0.7,cov70,0.695275,0.13123749196529388,25.73710036057914,0.8982749703851475,ok,located,false
qwen2511_generic_noise_mask_oracle_0pct,food_x_plate_cov70_1,4,food_x_plate,0.7,cov70,0.695275,0.32872894406318665,12.739666390134797,0.7398671465762029,ok,located,true
qwen2511_generic_noise_mask_oracle_0pct,food_x_plate_cov70_2,0,food_x_plate,0.7,cov70,0.695829,0.5326300859451294,7.109755669118588,0.4592238944117002,ok,located,false
qwen2511_generic_noise_mask_oracle_0pct,food_x_plate_cov70_2,1,food_x_plate,0.7,cov70,0.695829,0.5334715843200684,7.150080957877526,0.46202106617999017,ok,located,false
qwen2511_generic_noise_mask_oracle_0pct,food_x_plate_cov70_2,2,food_x_plate,0.7,cov70,0.695829,0.3598363697528839,10.90562689524486,0.6330604310628921,ok,located,true
qwen2511_generic_noise_mask_oracle_0pct,food_x_plate_cov70_2,3,food_x_plate,0.7,cov70,0.695829,0.22311942279338837,11.702423026838655,0.7015424645066881,ok,located,false
qwen2511_generic_noise_mask_oracle_0pct,food_x_plate_cov70_2,4,food_x_plate,0.7,cov70,0.695829,0.19281676411628723,13.745404728997645,0.7495583605353454,ok,located,false
qwen2511_generic_noise_mask_oracle_0pct,coin_x_chest_cov70_0,0,coin_x_chest,0.7,cov70,0.7127,0.19657859206199646,14.995775608304198,0.49464213956443176,ok,located,false
qwen2511_generic_noise_mask_oracle_0pct,coin_x_chest_cov70_0,1,coin_x_chest,0.7,cov70,0.7127,0.2244468778371811,14.721710230626257,0.466607239956131,ok,located,false
qwen2511_generic_noise_mask_oracle_0pct,coin_x_chest_cov70_0,2,coin_x_chest,0.7,cov70,0.7127,0.2014474868774414,14.723612358653465,0.47843759705687045,ok,located,false
qwen2511_generic_noise_mask_oracle_0pct,coin_x_chest_cov70_0,3,coin_x_chest,0.7,cov70,0.7127,0.20607802271842957,15.459587041684433,0.4747778536839044,ok,located,true
qwen2511_generic_noise_mask_oracle_0pct,coin_x_chest_cov70_0,4,coin_x_chest,0.7,cov70,0.7127,0.22923777997493744,16.257349846145598,0.5357795878181718,ok,located,false
qwen2511_generic_noise_mask_oracle_0pct,coin_x_chest_cov70_1,0,coin_x_chest,0.7,cov70,0.709374,0.1926172971725464,18.528375385637062,0.6937753486998096,ok,located,true
qwen2511_generic_noise_mask_oracle_0pct,coin_x_chest_cov70_1,1,coin_x_chest,0.7,cov70,0.709374,0.1836523562669754,19.16456282843545,0.747589323432747,ok,located,false
qwen2511_generic_noise_mask_oracle_0pct,coin_x_chest_cov70_1,2,coin_x_chest,0.7,cov70,0.709374,0.18675324320793152,18.728059485347377,0.7047937316637931,ok,located,false
qwen2511_generic_noise_mask_oracle_0pct,coin_x_chest_cov70_1,3,coin_x_chest,0.7,cov70,0.709374,0.23767375946044922,19.243300080278487,0.726771361765571,ok,located,false
qwen2511_generic_noise_mask_oracle_0pct,coin_x_chest_cov70_1,4,coin_x_chest,0.7,cov70,0.709374,0.24108202755451202,18.04936741026409,0.71676314473406,ok,located,false
qwen2511_generic_noise_mask_oracle_0pct,coin_x_chest_cov70_2,0,coin_x_chest,0.7,cov70,0.707081,0.155072420835495,19.151538271354866,0.7299908487342298,ok,located,false
qwen2511_generic_noise_mask_oracle_0pct,coin_x_chest_cov70_2,1,coin_x_chest,0.7,cov70,0.707081,0.19641141593456268,17.503057293954768,0.684504806791523,ok,located,false
qwen2511_generic_noise_mask_oracle_0pct,coin_x_chest_cov70_2,2,coin_x_chest,0.7,cov70,0.707081,0.214665025472641,18.364737709350525,0.7070174204262075,ok,located,false
qwen2511_generic_noise_mask_oracle_0pct,coin_x_chest_cov70_2,3,coin_x_chest,0.7,cov70,0.707081,0.20660530030727386,19.445802117784098,0.7271559088717859,ok,located,true
qwen2511_generic_noise_mask_oracle_0pct,coin_x_chest_cov70_2,4,coin_x_chest,0.7,cov70,0.707081,0.2336769849061966,17.51957809646193,0.6989582974549847,ok,located,false
qwen2511_generic_noise_mask_oracle_0pct,key_x_lock_cov50_0,0,key_x_lock,0.5,cov50,0.485743,0.14346672594547272,20.57692301875408,0.9111345411776984,ok,located,true
qwen2511_generic_noise_mask_oracle_0pct,key_x_lock_cov50_0,1,key_x_lock,0.5,cov50,0.485743,0.4055919349193573,9.727020569673218,0.5919228463725518,ok,located,false
qwen2511_generic_noise_mask_oracle_0pct,key_x_lock_cov50_0,2,key_x_lock,0.5,cov50,0.485743,0.1423286646604538,20.909877975704614,0.9077862947693842,ok,located,false
qwen2511_generic_noise_mask_oracle_0pct,key_x_lock_cov50_0,3,key_x_lock,0.5,cov50,0.485743,0.1424175500869751,20.49534353798549,0.9083138651675794,ok,located,false
qwen2511_generic_noise_mask_oracle_0pct,key_x_lock_cov50_0,4,key_x_lock,0.5,cov50,0.485743,0.14396873116493225,20.29516287482686,0.9053012516671757,ok,located,false
qwen2511_generic_noise_mask_oracle_0pct,key_x_lock_cov50_1,0,key_x_lock,0.5,cov50,0.498359,0.36952707171440125,9.990700645952243,0.556651139906676,ok,located,false
qwen2511_generic_noise_mask_oracle_0pct,key_x_lock_cov50_1,1,key_x_lock,0.5,cov50,0.498359,0.4743238687515259,8.84758922525086,0.5184065095921002,ok,located,false
qwen2511_generic_noise_mask_oracle_0pct,key_x_lock_cov50_1,2,key_x_lock,0.5,cov50,0.498359,0.385353684425354,9.78558474157188,0.5481809059347578,ok,located,false
qwen2511_generic_noise_mask_oracle_0pct,key_x_lock_cov50_1,3,key_x_lock,0.5,cov50,0.498359,0.4737424850463867,8.999704003086014,0.5304050087482506,ok,located,true
qwen2511_generic_noise_mask_oracle_0pct,key_x_lock_cov50_1,4,key_x_lock,0.5,cov50,0.498359,0.47629493474960327,8.668717466065544,0.5153889174924521,ok,located,false
qwen2511_generic_noise_mask_oracle_0pct,key_x_lock_cov50_2,0,key_x_lock,0.5,cov50,0.511836,0.4163444936275482,9.21666748017141,0.5220954092320406,ok,located,false
qwen2511_generic_noise_mask_oracle_0pct,key_x_lock_cov50_2,1,key_x_lock,0.5,cov50,0.511836,0.46452125906944275,8.927006639473383,0.5043088382857813,ok,located,false
qwen2511_generic_noise_mask_oracle_0pct,key_x_lock_cov50_2,2,key_x_lock,0.5,cov50,0.511836,0.42272406816482544,9.174016807811077,0.5195150479412615,ok,located,true
qwen2511_generic_noise_mask_oracle_0pct,key_x_lock_cov50_2,3,key_x_lock,0.5,cov50,0.511836,0.4928438663482666,8.452153317183633,0.489550017600791,ok,located,false
qwen2511_generic_noise_mask_oracle_0pct,key_x_lock_cov50_2,4,key_x_lock,0.5,cov50,0.511836,0.4075250029563904,9.332491599994388,0.5240700894380238,ok,located,false
qwen2511_generic_noise_mask_oracle_0pct,potion_x_crate_cov50_0,0,potion_x_crate,0.5,cov50,0.518319,0.32588857412338257,13.843147739030943,0.40941989105479837,ok,located,true
qwen2511_generic_noise_mask_oracle_0pct,potion_x_crate_cov50_0,1,potion_x_crate,0.5,cov50,0.518319,0.37607866525650024,12.680574770421106,0.3575805511141053,ok,located,false
qwen2511_generic_noise_mask_oracle_0pct,potion_x_crate_cov50_0,2,potion_x_crate,0.5,cov50,0.518319,0.304429829120636,14.18343591094407,0.43141841701037015,ok,located,false
qwen2511_generic_noise_mask_oracle_0pct,potion_x_crate_cov50_0,3,potion_x_crate,0.5,cov50,0.518319,0.165618896484375,16.65469509392718,0.520614029202128,ok,located,false
qwen2511_generic_noise_mask_oracle_0pct,potion_x_crate_cov50_0,4,potion_x_crate,0.5,cov50,0.518319,0.32657626271247864,14.085736454945199,0.43725807984420123,ok,located,false
qwen2511_generic_noise_mask_oracle_0pct,potion_x_crate_cov50_1,0,potion_x_crate,0.5,cov50,0.505658,0.13170473277568817,16.958954111533473,0.5730402231171353,ok,located,false
qwen2511_generic_noise_mask_oracle_0pct,potion_x_crate_cov50_1,1,potion_x_crate,0.5,cov50,0.505658,0.15728923678398132,16.418028149415026,0.5708660647210503,ok,located,false
qwen2511_generic_noise_mask_oracle_0pct,potion_x_crate_cov50_1,2,potion_x_crate,0.5,cov50,0.505658,0.14455300569534302,16.959414293108278,0.5680288885721392,ok,located,true
qwen2511_generic_noise_mask_oracle_0pct,potion_x_crate_cov50_1,3,potion_x_crate,0.5,cov50,0.505658,0.13822709023952484,16.74301177969187,0.5655300292539265,ok,located,false
qwen2511_generic_noise_mask_oracle_0pct,potion_x_crate_cov50_1,4,potion_x_crate,0.5,cov50,0.505658,0.145865797996521,16.903756593643266,0.5667923976699719,ok,located,false
qwen2511_generic_noise_mask_oracle_0pct,potion_x_crate_cov50_2,0,potion_x_crate,0.5,cov50,0.514935,0.1696062535047531,16.139854696476156,0.5218459807089818,ok,located,false
qwen2511_generic_noise_mask_oracle_0pct,potion_x_crate_cov50_2,1,potion_x_crate,0.5,cov50,0.514935,0.1526726484298706,17.27149037910566,0.5872383452294334,ok,located,false
qwen2511_generic_noise_mask_oracle_0pct,potion_x_crate_cov50_2,2,potion_x_crate,0.5,cov50,0.514935,0.16747026145458221,16.53595499605353,0.5465085283997033,ok,located,true
qwen2511_generic_noise_mask_oracle_0pct,potion_x_crate_cov50_2,3,potion_x_crate,0.5,cov50,0.514935,0.0840551033616066,23.68751587060204,0.8037368470177683,ok,located,false
qwen2511_generic_noise_mask_oracle_0pct,potion_x_crate_cov50_2,4,potion_x_crate,0.5,cov50,0.514935,0.21815705299377441,15.626190931282322,0.5089924057612752,ok,located,false
qwen2511_generic_noise_mask_oracle_0pct,gem_x_ring_cov30_0,0,gem_x_ring,0.3,cov30,0.299812,0.46708494424819946,6.949973151099216,0.3863498936564213,ok,located,false
qwen2511_generic_noise_mask_oracle_0pct,gem_x_ring_cov30_0,1,gem_x_ring,0.3,cov30,0.299812,0.449249267578125,7.156454558440222,0.4313812611658445,ok,located,false
qwen2511_generic_noise_mask_oracle_0pct,gem_x_ring_cov30_0,2,gem_x_ring,0.3,cov30,0.299812,0.38432323932647705,7.874803762023329,0.4432730632593715,ok,located,false
qwen2511_generic_noise_mask_oracle_0pct,gem_x_ring_cov30_0,3,gem_x_ring,0.3,cov30,0.299812,0.4672590494155884,6.92535479312919,0.3866411678154158,ok,located,false
qwen2511_generic_noise_mask_oracle_0pct,gem_x_ring_cov30_0,4,gem_x_ring,0.3,cov30,0.299812,0.46689310669898987,6.9322473828645155,0.386401431604429,ok,located,true
qwen2511_generic_noise_mask_oracle_0pct,gem_x_ring_cov30_1,0,gem_x_ring,0.3,cov30,0.287595,0.4564583897590637,7.979373403704432,0.4600180475037008,ok,located,false
qwen2511_generic_noise_mask_oracle_0pct,gem_x_ring_cov30_1,1,gem_x_ring,0.3,cov30,0.287595,0.4649706184864044,7.022162542038501,0.40812292644146536,ok,located,true
qwen2511_generic_noise_mask_oracle_0pct,gem_x_ring_cov30_1,2,gem_x_ring,0.3,cov30,0.287595,0.4635632038116455,7.76553236693363,0.4417653403050817,ok,located,false
qwen2511_generic_noise_mask_oracle_0pct,gem_x_ring_cov30_1,3,gem_x_ring,0.3,cov30,0.287595,0.4908317029476166,5.998969925441289,0.3621641858951383,ok,located,false
qwen2511_generic_noise_mask_oracle_0pct,gem_x_ring_cov30_1,4,gem_x_ring,0.3,cov30,0.287595,0.49053895473480225,6.006961576954053,0.36212968064403306,ok,located,false
qwen2511_generic_noise_mask_oracle_0pct,gem_x_ring_cov30_2,0,gem_x_ring,0.3,cov30,0.290504,0.5251136422157288,5.897711507817225,0.37745149334635103,ok,located,true
qwen2511_generic_noise_mask_oracle_0pct,gem_x_ring_cov30_2,1,gem_x_ring,0.3,cov30,0.290504,0.5251100063323975,5.898600085134987,0.3775360976416762,ok,located,false
qwen2511_generic_noise_mask_oracle_0pct,gem_x_ring_cov30_2,2,gem_x_ring,0.3,cov30,0.290504,0.303638756275177,9.150881509337417,0.5096927054603174,ok,located,false
qwen2511_generic_noise_mask_oracle_0pct,gem_x_ring_cov30_2,3,gem_x_ring,0.3,cov30,0.290504,0.5253823399543762,5.861537136315107,0.3774260067189394,ok,located,false
qwen2511_generic_noise_mask_oracle_0pct,gem_x_ring_cov30_2,4,gem_x_ring,0.3,cov30,0.290504,0.5289672613143921,5.853675184958207,0.38338042079133633,ok,located,false
qwen2511_generic_noise_mask_oracle_0pct,pen_x_book_cov30_0,0,pen_x_book,0.3,cov30,0.310811,0.5058531165122986,14.079124043490891,0.5692467422986501,ok,located,false
qwen2511_generic_noise_mask_oracle_0pct,pen_x_book_cov30_0,1,pen_x_book,0.3,cov30,0.310811,0.6972435116767883,10.389513134452802,0.413899649269787,ok,located,false
qwen2511_generic_noise_mask_oracle_0pct,pen_x_book_cov30_0,2,pen_x_book,0.3,cov30,0.310811,0.550444483757019,12.284128440636984,0.5408448207879704,ok,located,true
qwen2511_generic_noise_mask_oracle_0pct,pen_x_book_cov30_0,3,pen_x_book,0.3,cov30,0.310811,0.5892293453216553,11.865370663273486,0.4993592659368015,ok,located,false
qwen2511_generic_noise_mask_oracle_0pct,pen_x_book_cov30_0,4,pen_x_book,0.3,cov30,0.310811,0.4995761811733246,14.129650644382581,0.5698462657944178,ok,located,false
qwen2511_generic_noise_mask_oracle_0pct,pen_x_book_cov30_1,0,pen_x_book,0.3,cov30,0.304428,0.6103828549385071,11.011302483288077,0.4379466114092773,ok,located,false
qwen2511_generic_noise_mask_oracle_0pct,pen_x_book_cov30_1,1,pen_x_book,0.3,cov30,0.304428,0.5396820902824402,11.52818724441457,0.5044143447558724,ok,located,false
qwen2511_generic_noise_mask_oracle_0pct,pen_x_book_cov30_1,2,pen_x_book,0.3,cov30,0.304428,0.5277705192565918,11.519086370089425,0.5156330573453557,ok,located,false
qwen2511_generic_noise_mask_oracle_0pct,pen_x_book_cov30_1,3,pen_x_book,0.3,cov30,0.304428,0.6069065928459167,11.002259763616472,0.4373965045095162,ok,located,false
qwen2511_generic_noise_mask_oracle_0pct,pen_x_book_cov30_1,4,pen_x_book,0.3,cov30,0.304428,0.6059322953224182,10.99244334083359,0.4381961736186419,ok,located,true
qwen2511_generic_noise_mask_oracle_0pct,pen_x_book_cov30_2,0,pen_x_book,0.3,cov30,0.306125,0.3033440411090851,18.026436162723872,0.7084896736916467,ok,located,false
qwen2511_generic_noise_mask_oracle_0pct,pen_x_book_cov30_2,1,pen_x_book,0.3,cov30,0.306125,0.4376436471939087,15.547113116618473,0.6070957702819263,ok,located,false
qwen2511_generic_noise_mask_oracle_0pct,pen_x_book_cov30_2,2,pen_x_book,0.3,cov30,0.306125,0.30359092354774475,18.170757238405542,0.724664013639393,ok,located,false
qwen2511_generic_noise_mask_oracle_0pct,pen_x_book_cov30_2,3,pen_x_book,0.3,cov30,0.306125,0.43340110778808594,15.572134024689479,0.6193168710171063,ok,located,false
qwen2511_generic_noise_mask_oracle_0pct,pen_x_book_cov30_2,4,pen_x_book,0.3,cov30,0.306125,0.42735859751701355,15.583976726185796,0.6201935560421172,ok,located,true
qwen2511_generic_noise_mask_oracle_0pct,sword_x_shield_cov30_0,0,sword_x_shield,0.3,cov30,0.286166,0.5097150206565857,10.60626547901279,0.5366147293379447,ok,located,false
qwen2511_generic_noise_mask_oracle_0pct,sword_x_shield_cov30_0,1,sword_x_shield,0.3,cov30,0.286166,0.535509467124939,10.511948126363144,0.5192810805016067,ok,located,false
qwen2511_generic_noise_mask_oracle_0pct,sword_x_shield_cov30_0,2,sword_x_shield,0.3,cov30,0.286166,0.5098315477371216,10.583095702408393,0.5369665797771485,ok,located,true
qwen2511_generic_noise_mask_oracle_0pct,sword_x_shield_cov30_0,3,sword_x_shield,0.3,cov30,0.286166,0.5080646276473999,10.608180965113592,0.5401272523091664,ok,located,false
qwen2511_generic_noise_mask_oracle_0pct,sword_x_shield_cov30_0,4,sword_x_shield,0.3,cov30,0.286166,0.5101597309112549,10.605038172873957,0.5383611772801274,ok,located,false
qwen2511_generic_noise_mask_oracle_0pct,sword_x_shield_cov30_1,0,sword_x_shield,0.3,cov30,0.280355,0.4168858230113983,10.388176616570162,0.5702635626203034,ok,located,true
qwen2511_generic_noise_mask_oracle_0pct,sword_x_shield_cov30_1,1,sword_x_shield,0.3,cov30,0.280355,0.4279927611351013,10.284725181586431,0.5578640579403787,ok,located,false
qwen2511_generic_noise_mask_oracle_0pct,sword_x_shield_cov30_1,2,sword_x_shield,0.3,cov30,0.280355,0.06785626709461212,25.63657397223811,0.9015756686487956,ok,located,false
qwen2511_generic_noise_mask_oracle_0pct,sword_x_shield_cov30_1,3,sword_x_shield,0.3,cov30,0.280355,0.08707073330879211,22.75910319769068,0.8389430407346525,ok,located,false
qwen2511_generic_noise_mask_oracle_0pct,sword_x_shield_cov30_1,4,sword_x_shield,0.3,cov30,0.280355,0.4856986403465271,10.655831972569228,0.5425423463971739,ok,located,false
qwen2511_generic_noise_mask_oracle_0pct,sword_x_shield_cov30_2,0,sword_x_shield,0.3,cov30,0.284125,0.4405074119567871,10.435286649152893,0.5729905687970176,ok,located,false
qwen2511_generic_noise_mask_oracle_0pct,sword_x_shield_cov30_2,1,sword_x_shield,0.3,cov30,0.284125,0.3714278042316437,11.141021548301048,0.6125299769670396,ok,located,false
qwen2511_generic_noise_mask_oracle_0pct,sword_x_shield_cov30_2,2,sword_x_shield,0.3,cov30,0.284125,0.36134958267211914,11.249989262018358,0.6202203183992591,ok,located,false
qwen2511_generic_noise_mask_oracle_0pct,sword_x_shield_cov30_2,3,sword_x_shield,0.3,cov30,0.284125,0.427784264087677,10.547014818690748,0.5860767784884637,ok,located,true
qwen2511_generic_noise_mask_oracle_0pct,sword_x_shield_cov30_2,4,sword_x_shield,0.3,cov30,0.284125,0.4362451136112213,10.45688053861161,0.5805216504839925,ok,located,false
qwen2511_generic_noise_mask_oracle_0pct,hammer_x_anvil_cov30_0,0,hammer_x_anvil,0.3,cov30,0.310627,0.09434646368026733,20.1223481281691,0.8216441470629317,ok,located,false
qwen2511_generic_noise_mask_oracle_0pct,hammer_x_anvil_cov30_0,1,hammer_x_anvil,0.3,cov30,0.310627,0.5199567079544067,11.947906370636588,0.5948196566253459,ok,located,false
qwen2511_generic_noise_mask_oracle_0pct,hammer_x_anvil_cov30_0,2,hammer_x_anvil,0.3,cov30,0.310627,0.09147022664546967,20.29845521131156,0.8276741449986429,ok,located,false
qwen2511_generic_noise_mask_oracle_0pct,hammer_x_anvil_cov30_0,3,hammer_x_anvil,0.3,cov30,0.310627,0.09886079281568527,20.02831317200386,0.819881127136063,ok,located,true
qwen2511_generic_noise_mask_oracle_0pct,hammer_x_anvil_cov30_0,4,hammer_x_anvil,0.3,cov30,0.310627,0.10331687331199646,19.908688534619547,0.8201394020556081,ok,located,false
qwen2511_generic_noise_mask_oracle_0pct,hammer_x_anvil_cov30_1,0,hammer_x_anvil,0.3,cov30,0.280833,0.3150981068611145,14.102621509001132,0.7193916568203794,ok,located,false
qwen2511_generic_noise_mask_oracle_0pct,hammer_x_anvil_cov30_1,1,hammer_x_anvil,0.3,cov30,0.280833,0.6192048788070679,10.766505551935293,0.5694318223767155,ok,located,false
qwen2511_generic_noise_mask_oracle_0pct,hammer_x_anvil_cov30_1,2,hammer_x_anvil,0.3,cov30,0.280833,0.35205742716789246,13.775157080551041,0.7064856604222817,ok,located,false
qwen2511_generic_noise_mask_oracle_0pct,hammer_x_anvil_cov30_1,3,hammer_x_anvil,0.3,cov30,0.280833,0.5959521532058716,9.702868763709716,0.530952792512751,ok,located,false
qwen2511_generic_noise_mask_oracle_0pct,hammer_x_anvil_cov30_1,4,hammer_x_anvil,0.3,cov30,0.280833,0.4063686430454254,13.365869977763008,0.6835577554099516,ok,located,true
qwen2511_generic_noise_mask_oracle_0pct,hammer_x_anvil_cov30_2,0,hammer_x_anvil,0.3,cov30,0.306076,0.5643069744110107,11.332961367327412,0.5654129033458083,ok,located,false
qwen2511_generic_noise_mask_oracle_0pct,hammer_x_anvil_cov30_2,1,hammer_x_anvil,0.3,cov30,0.306076,0.5886886119842529,11.299251262009527,0.5591226747380432,ok,located,false
qwen2511_generic_noise_mask_oracle_0pct,hammer_x_anvil_cov30_2,2,hammer_x_anvil,0.3,cov30,0.306076,0.06628720462322235,25.204515338006757,0.912686108654747,ok,located,false
qwen2511_generic_noise_mask_oracle_0pct,hammer_x_anvil_cov30_2,3,hammer_x_anvil,0.3,cov30,0.306076,0.34242135286331177,13.068259808250824,0.6920998831255954,ok,located,true
qwen2511_generic_noise_mask_oracle_0pct,hammer_x_anvil_cov30_2,4,hammer_x_anvil,0.3,cov30,0.306076,0.09056351333856583,18.912940926263783,0.8178354338477868,ok,located,false
qwen2511_generic_noise_mask_oracle_3pct,emblem_x_banner_cov50_0,0,emblem_x_banner,0.5,cov50,0.497214,0.2211463302373886,14.554871322526498,0.8161263183429983,ok,located,false
qwen2511_generic_noise_mask_oracle_3pct,emblem_x_banner_cov50_0,1,emblem_x_banner,0.5,cov50,0.497214,0.2221241444349289,14.563759662357267,0.8157278753507208,ok,located,false
qwen2511_generic_noise_mask_oracle_3pct,emblem_x_banner_cov50_0,2,emblem_x_banner,0.5,cov50,0.497214,0.22147253155708313,14.525473111060489,0.815949184869913,ok,located,true
qwen2511_generic_noise_mask_oracle_3pct,emblem_x_banner_cov50_0,3,emblem_x_banner,0.5,cov50,0.497214,0.22133007645606995,14.623451904698737,0.8163045026258794,ok,located,false
qwen2511_generic_noise_mask_oracle_3pct,emblem_x_banner_cov50_0,4,emblem_x_banner,0.5,cov50,0.497214,0.22207282483577728,14.598248929961027,0.8159420760215444,ok,located,false
qwen2511_generic_noise_mask_oracle_3pct,emblem_x_banner_cov50_1,0,emblem_x_banner,0.5,cov50,0.486007,0.18953141570091248,14.561619011477063,0.8393295553985168,ok,located,false
qwen2511_generic_noise_mask_oracle_3pct,emblem_x_banner_cov50_1,1,emblem_x_banner,0.5,cov50,0.486007,0.1924678087234497,14.950981460341028,0.8586212596704174,ok,located,false
qwen2511_generic_noise_mask_oracle_3pct,emblem_x_banner_cov50_1,2,emblem_x_banner,0.5,cov50,0.486007,0.1888970583677292,14.56630632836685,0.8395573205083101,ok,located,false
qwen2511_generic_noise_mask_oracle_3pct,emblem_x_banner_cov50_1,3,emblem_x_banner,0.5,cov50,0.486007,0.18907126784324646,14.61447224563454,0.8395117607111976,ok,located,true
qwen2511_generic_noise_mask_oracle_3pct,emblem_x_banner_cov50_1,4,emblem_x_banner,0.5,cov50,0.486007,0.16493533551692963,16.30416461924739,0.892343687005806,ok,located,false
qwen2511_generic_noise_mask_oracle_3pct,emblem_x_banner_cov50_2,0,emblem_x_banner,0.5,cov50,0.505033,0.2915385663509369,12.566207362323112,0.763070067755856,ok,located,true
qwen2511_generic_noise_mask_oracle_3pct,emblem_x_banner_cov50_2,1,emblem_x_banner,0.5,cov50,0.505033,0.2930864095687866,12.555179861836985,0.7628088757236782,ok,located,false
qwen2511_generic_noise_mask_oracle_3pct,emblem_x_banner_cov50_2,2,emblem_x_banner,0.5,cov50,0.505033,0.29089149832725525,12.601764620376146,0.7635531292210219,ok,located,false
qwen2511_generic_noise_mask_oracle_3pct,emblem_x_banner_cov50_2,3,emblem_x_banner,0.5,cov50,0.505033,0.28876641392707825,12.727401101680778,0.763488097512128,ok,located,false
qwen2511_generic_noise_mask_oracle_3pct,emblem_x_banner_cov50_2,4,emblem_x_banner,0.5,cov50,0.505033,0.291670024394989,12.621411407980126,0.7631752730460747,ok,located,false
qwen2511_generic_noise_mask_oracle_3pct,food_x_plate_cov70_0,0,food_x_plate,0.7,cov70,0.713963,0.5604327917098999,6.421932500956682,0.41229688123735303,ok,located,false
qwen2511_generic_noise_mask_oracle_3pct,food_x_plate_cov70_0,1,food_x_plate,0.7,cov70,0.713963,0.5115847587585449,7.087030873291026,0.46481666720967835,ok,located,false
qwen2511_generic_noise_mask_oracle_3pct,food_x_plate_cov70_0,2,food_x_plate,0.7,cov70,0.713963,0.36887937784194946,10.084437286209024,0.7064400742210353,ok,located,true
qwen2511_generic_noise_mask_oracle_3pct,food_x_plate_cov70_0,3,food_x_plate,0.7,cov70,0.713963,0.05614306405186653,30.24012769104166,0.959736245344172,ok,located,false
qwen2511_generic_noise_mask_oracle_3pct,food_x_plate_cov70_0,4,food_x_plate,0.7,cov70,0.713963,0.31243282556533813,11.929721441469763,0.7826699365724931,ok,located,false
qwen2511_generic_noise_mask_oracle_3pct,food_x_plate_cov70_1,0,food_x_plate,0.7,cov70,0.695275,0.474901407957077,8.522379595831495,0.596764467648053,ok,located,false
qwen2511_generic_noise_mask_oracle_3pct,food_x_plate_cov70_1,1,food_x_plate,0.7,cov70,0.695275,0.47701025009155273,8.464433355237269,0.5933272656694973,ok,located,false
qwen2511_generic_noise_mask_oracle_3pct,food_x_plate_cov70_1,2,food_x_plate,0.7,cov70,0.695275,0.26797789335250854,8.436142571367427,0.7214325675371566,ok,located,false
qwen2511_generic_noise_mask_oracle_3pct,food_x_plate_cov70_1,3,food_x_plate,0.7,cov70,0.695275,0.037663787603378296,27.257120191717306,0.9410545545557927,ok,located,false
qwen2511_generic_noise_mask_oracle_3pct,food_x_plate_cov70_1,4,food_x_plate,0.7,cov70,0.695275,0.2830747961997986,12.850553477433422,0.7876019116082,ok,located,true
qwen2511_generic_noise_mask_oracle_3pct,food_x_plate_cov70_2,0,food_x_plate,0.7,cov70,0.695829,0.5328794121742249,7.110000992590235,0.4593310721487482,ok,located,false
qwen2511_generic_noise_mask_oracle_3pct,food_x_plate_cov70_2,1,food_x_plate,0.7,cov70,0.695829,0.5334921479225159,7.1515949993075125,0.4619285058170233,ok,located,false
qwen2511_generic_noise_mask_oracle_3pct,food_x_plate_cov70_2,2,food_x_plate,0.7,cov70,0.695829,0.3183591663837433,11.580307055224349,0.7536066387195023,ok,located,true
qwen2511_generic_noise_mask_oracle_3pct,food_x_plate_cov70_2,3,food_x_plate,0.7,cov70,0.695829,0.01625952124595642,30.401205689927366,0.9732739864787251,ok,located,false
qwen2511_generic_noise_mask_oracle_3pct,food_x_plate_cov70_2,4,food_x_plate,0.7,cov70,0.695829,0.02051091566681862,25.322444896380404,0.9474495771407093,ok,located,false
qwen2511_generic_noise_mask_oracle_3pct,coin_x_chest_cov70_0,0,coin_x_chest,0.7,cov70,0.7127,0.13230359554290771,20.483023438047795,0.8056978104873829,ok,located,false
qwen2511_generic_noise_mask_oracle_3pct,coin_x_chest_cov70_0,1,coin_x_chest,0.7,cov70,0.7127,0.16310106217861176,19.305041837817253,0.7646168603287599,ok,located,false
qwen2511_generic_noise_mask_oracle_3pct,coin_x_chest_cov70_0,2,coin_x_chest,0.7,cov70,0.7127,0.14366012811660767,19.769839991559245,0.7842562645199078,ok,located,false
qwen2511_generic_noise_mask_oracle_3pct,coin_x_chest_cov70_0,3,coin_x_chest,0.7,cov70,0.7127,0.14805468916893005,20.097434752117046,0.7925540889205358,ok,located,true
qwen2511_generic_noise_mask_oracle_3pct,coin_x_chest_cov70_0,4,coin_x_chest,0.7,cov70,0.7127,0.17662513256072998,19.959605607893142,0.7909357867154173,ok,located,false
qwen2511_generic_noise_mask_oracle_3pct,coin_x_chest_cov70_1,0,coin_x_chest,0.7,cov70,0.709374,0.16596269607543945,19.030126714340962,0.7449058092703377,ok,located,false
qwen2511_generic_noise_mask_oracle_3pct,coin_x_chest_cov70_1,1,coin_x_chest,0.7,cov70,0.709374,0.17264972627162933,19.213254384232243,0.7596309408446569,ok,located,false
qwen2511_generic_noise_mask_oracle_3pct,coin_x_chest_cov70_1,2,coin_x_chest,0.7,cov70,0.709374,0.16897448897361755,19.243773561580277,0.7566031731534609,ok,located,true
qwen2511_generic_noise_mask_oracle_3pct,coin_x_chest_cov70_1,3,coin_x_chest,0.7,cov70,0.709374,0.16269990801811218,19.751316655701185,0.7573625736001173,ok,located,false
qwen2511_generic_noise_mask_oracle_3pct,coin_x_chest_cov70_1,4,coin_x_chest,0.7,cov70,0.709374,0.16945244371891022,18.285412087043387,0.7180136721867694,ok,located,false
qwen2511_generic_noise_mask_oracle_3pct,coin_x_chest_cov70_2,0,coin_x_chest,0.7,cov70,0.707081,0.1458851546049118,18.37616368536072,0.7080805096312582,ok,located,false
qwen2511_generic_noise_mask_oracle_3pct,coin_x_chest_cov70_2,1,coin_x_chest,0.7,cov70,0.707081,0.18534094095230103,17.242714720315536,0.6762044764380722,ok,located,false
qwen2511_generic_noise_mask_oracle_3pct,coin_x_chest_cov70_2,2,coin_x_chest,0.7,cov70,0.707081,0.2052125185728073,17.809241962694898,0.693406891024169,ok,located,false
qwen2511_generic_noise_mask_oracle_3pct,coin_x_chest_cov70_2,3,coin_x_chest,0.7,cov70,0.707081,0.19033890962600708,18.901178645577616,0.7194645058986056,ok,located,true
qwen2511_generic_noise_mask_oracle_3pct,coin_x_chest_cov70_2,4,coin_x_chest,0.7,cov70,0.707081,0.2183370441198349,17.327655760088536,0.6855917277157483,ok,located,false
qwen2511_generic_noise_mask_oracle_3pct,key_x_lock_cov50_0,0,key_x_lock,0.5,cov50,0.485743,0.1070534735918045,20.980083595054424,0.9549664310675404,ok,located,false
qwen2511_generic_noise_mask_oracle_3pct,key_x_lock_cov50_0,1,key_x_lock,0.5,cov50,0.485743,0.10460406541824341,20.89815697311539,0.9474068485352234,ok,located,false
qwen2511_generic_noise_mask_oracle_3pct,key_x_lock_cov50_0,2,key_x_lock,0.5,cov50,0.485743,0.10456058382987976,21.364350249896553,0.9532167173032918,ok,located,false
qwen2511_generic_noise_mask_oracle_3pct,key_x_lock_cov50_0,3,key_x_lock,0.5,cov50,0.485743,0.10770204663276672,20.70916182081504,0.952704666671957,ok,located,false
qwen2511_generic_noise_mask_oracle_3pct,key_x_lock_cov50_0,4,key_x_lock,0.5,cov50,0.485743,0.10697369277477264,20.78356369899034,0.9531361451292405,ok,located,true
qwen2511_generic_noise_mask_oracle_3pct,key_x_lock_cov50_1,0,key_x_lock,0.5,cov50,0.498359,0.10152358561754227,22.0334854174558,0.8983412232886804,ok,located,false
qwen2511_generic_noise_mask_oracle_3pct,key_x_lock_cov50_1,1,key_x_lock,0.5,cov50,0.498359,0.43467411398887634,9.812386234117294,0.5735587911938262,ok,located,false
qwen2511_generic_noise_mask_oracle_3pct,key_x_lock_cov50_1,2,key_x_lock,0.5,cov50,0.498359,0.10572228580713272,22.263502485054026,0.8911728890938219,ok,located,false
qwen2511_generic_noise_mask_oracle_3pct,key_x_lock_cov50_1,3,key_x_lock,0.5,cov50,0.498359,0.427260160446167,10.020338364121386,0.5861369279780039,ok,located,false
qwen2511_generic_noise_mask_oracle_3pct,key_x_lock_cov50_1,4,key_x_lock,0.5,cov50,0.498359,0.10711299628019333,21.643864821701722,0.8792692925702816,ok,located,true
qwen2511_generic_noise_mask_oracle_3pct,key_x_lock_cov50_2,0,key_x_lock,0.5,cov50,0.511836,0.09537945687770844,22.379482834040452,0.9618032562998855,ok,located,false
qwen2511_generic_noise_mask_oracle_3pct,key_x_lock_cov50_2,1,key_x_lock,0.5,cov50,0.511836,0.4178544580936432,10.234011721642073,0.5797071977751531,ok,located,false
qwen2511_generic_noise_mask_oracle_3pct,key_x_lock_cov50_2,2,key_x_lock,0.5,cov50,0.511836,0.09731025993824005,22.543693800383792,0.9640814699678301,ok,located,false
qwen2511_generic_noise_mask_oracle_3pct,key_x_lock_cov50_2,3,key_x_lock,0.5,cov50,0.511836,0.09718064963817596,22.316903778147086,0.9620874724022405,ok,located,true
qwen2511_generic_noise_mask_oracle_3pct,key_x_lock_cov50_2,4,key_x_lock,0.5,cov50,0.511836,0.09596340358257294,22.348874394847197,0.9630870860193047,ok,located,false
qwen2511_generic_noise_mask_oracle_3pct,potion_x_crate_cov50_0,0,potion_x_crate,0.5,cov50,0.518319,0.05592240020632744,26.143643496509977,0.8945443656030622,ok,located,false
qwen2511_generic_noise_mask_oracle_3pct,potion_x_crate_cov50_0,1,potion_x_crate,0.5,cov50,0.518319,0.040224723517894745,26.254964747940924,0.8935322228056733,ok,located,true
qwen2511_generic_noise_mask_oracle_3pct,potion_x_crate_cov50_0,2,potion_x_crate,0.5,cov50,0.518319,0.04021098092198372,26.136781180430013,0.8986220377531451,ok,located,false
qwen2511_generic_noise_mask_oracle_3pct,potion_x_crate_cov50_0,3,potion_x_crate,0.5,cov50,0.518319,0.039386823773384094,26.2478307614977,0.8916699894926937,ok,located,false
qwen2511_generic_noise_mask_oracle_3pct,potion_x_crate_cov50_0,4,potion_x_crate,0.5,cov50,0.518319,0.0751071572303772,25.96902735937114,0.8971707002776877,ok,located,false
qwen2511_generic_noise_mask_oracle_3pct,potion_x_crate_cov50_1,0,potion_x_crate,0.5,cov50,0.505658,0.009673656895756721,33.52413118860638,0.9504497879719471,ok,located,false
qwen2511_generic_noise_mask_oracle_3pct,potion_x_crate_cov50_1,1,potion_x_crate,0.5,cov50,0.505658,0.011560499668121338,33.260442128750505,0.952971043126546,ok,located,true
qwen2511_generic_noise_mask_oracle_3pct,potion_x_crate_cov50_1,2,potion_x_crate,0.5,cov50,0.505658,0.01198826264590025,32.69315109387113,0.949748179149577,ok,located,false
qwen2511_generic_noise_mask_oracle_3pct,potion_x_crate_cov50_1,3,potion_x_crate,0.5,cov50,0.505658,0.011266237124800682,33.61634484748499,0.949906990847602,ok,located,false
qwen2511_generic_noise_mask_oracle_3pct,potion_x_crate_cov50_1,4,potion_x_crate,0.5,cov50,0.505658,0.013412358239293098,33.61055332145743,0.9527700149188032,ok,located,false
qwen2511_generic_noise_mask_oracle_3pct,potion_x_crate_cov50_2,0,potion_x_crate,0.5,cov50,0.514935,0.03740222007036209,27.562564338826327,0.9234851003193306,ok,located,false
qwen2511_generic_noise_mask_oracle_3pct,potion_x_crate_cov50_2,1,potion_x_crate,0.5,cov50,0.514935,0.03251984715461731,27.69323072902155,0.9198923220343892,ok,located,true
qwen2511_generic_noise_mask_oracle_3pct,potion_x_crate_cov50_2,2,potion_x_crate,0.5,cov50,0.514935,0.02944856323301792,27.71686410593658,0.9256698158121818,ok,located,false
qwen2511_generic_noise_mask_oracle_3pct,potion_x_crate_cov50_2,3,potion_x_crate,0.5,cov50,0.514935,0.03066820278763771,27.67035779245606,0.9226228889660094,ok,located,false
qwen2511_generic_noise_mask_oracle_3pct,potion_x_crate_cov50_2,4,potion_x_crate,0.5,cov50,0.514935,0.03405977040529251,27.458407082944007,0.9235340886312832,ok,located,false
qwen2511_generic_noise_mask_oracle_3pct,gem_x_ring_cov30_0,0,gem_x_ring,0.3,cov30,0.299812,0.4671042561531067,6.949939012006496,0.38634020600034,ok,located,false
qwen2511_generic_noise_mask_oracle_3pct,gem_x_ring_cov30_0,1,gem_x_ring,0.3,cov30,0.299812,0.2941899299621582,10.313977973875417,0.5700630667884755,ok,located,false
qwen2511_generic_noise_mask_oracle_3pct,gem_x_ring_cov30_0,2,gem_x_ring,0.3,cov30,0.299812,0.3431033790111542,8.479352962972797,0.503054217298366,ok,located,false
qwen2511_generic_noise_mask_oracle_3pct,gem_x_ring_cov30_0,3,gem_x_ring,0.3,cov30,0.299812,0.46734532713890076,6.928204800079069,0.3867493438833642,ok,located,false
qwen2511_generic_noise_mask_oracle_3pct,gem_x_ring_cov30_0,4,gem_x_ring,0.3,cov30,0.299812,0.4656635522842407,6.926094613010009,0.38742727443108743,ok,located,true
qwen2511_generic_noise_mask_oracle_3pct,gem_x_ring_cov30_1,0,gem_x_ring,0.3,cov30,0.287595,0.20681717991828918,10.679639006614234,0.6103289159576518,ok,located,false
qwen2511_generic_noise_mask_oracle_3pct,gem_x_ring_cov30_1,1,gem_x_ring,0.3,cov30,0.287595,0.24255874752998352,10.257994587936107,0.5796813495739658,ok,located,true
qwen2511_generic_noise_mask_oracle_3pct,gem_x_ring_cov30_1,2,gem_x_ring,0.3,cov30,0.287595,0.2232574224472046,10.54504199844885,0.606431427051921,ok,located,false
qwen2511_generic_noise_mask_oracle_3pct,gem_x_ring_cov30_1,3,gem_x_ring,0.3,cov30,0.287595,0.49082183837890625,5.998474965566474,0.3621994957021397,ok,located,false
qwen2511_generic_noise_mask_oracle_3pct,gem_x_ring_cov30_1,4,gem_x_ring,0.3,cov30,0.287595,0.4903676509857178,6.00735407228758,0.36219182170196285,ok,located,false
qwen2511_generic_noise_mask_oracle_3pct,gem_x_ring_cov30_2,0,gem_x_ring,0.3,cov30,0.290504,0.5250040292739868,5.898550793421238,0.3774699701611313,ok,located,false
qwen2511_generic_noise_mask_oracle_3pct,gem_x_ring_cov30_2,1,gem_x_ring,0.3,cov30,0.290504,0.5249098539352417,5.900026498745591,0.37757898968192843,ok,located,true
qwen2511_generic_noise_mask_oracle_3pct,gem_x_ring_cov30_2,2,gem_x_ring,0.3,cov30,0.290504,0.2853931188583374,9.260840352991393,0.5986433075177265,ok,located,false
qwen2511_generic_noise_mask_oracle_3pct,gem_x_ring_cov30_2,3,gem_x_ring,0.3,cov30,0.290504,0.5254173278808594,5.861708660010306,0.3773787904909009,ok,located,false
qwen2511_generic_noise_mask_oracle_3pct,gem_x_ring_cov30_2,4,gem_x_ring,0.3,cov30,0.290504,0.5231903195381165,5.9125166337485435,0.3876597577505878,ok,located,false
qwen2511_generic_noise_mask_oracle_3pct,pen_x_book_cov30_0,0,pen_x_book,0.3,cov30,0.310811,0.025298334658145905,30.886184803502267,0.9721396608592466,ok,located,true
qwen2511_generic_noise_mask_oracle_3pct,pen_x_book_cov30_0,1,pen_x_book,0.3,cov30,0.310811,0.6879473328590393,10.395458898533107,0.42155909703206335,ok,located,false
qwen2511_generic_noise_mask_oracle_3pct,pen_x_book_cov30_0,2,pen_x_book,0.3,cov30,0.310811,0.022426027804613113,31.873271107189368,0.9740060483438077,ok,located,false
qwen2511_generic_noise_mask_oracle_3pct,pen_x_book_cov30_0,3,pen_x_book,0.3,cov30,0.310811,0.026655439287424088,30.285460726735547,0.9719939385333083,ok,located,false
qwen2511_generic_noise_mask_oracle_3pct,pen_x_book_cov30_0,4,pen_x_book,0.3,cov30,0.310811,0.025051623582839966,31.658723100216413,0.9738995723537789,ok,located,false
qwen2511_generic_noise_mask_oracle_3pct,pen_x_book_cov30_1,0,pen_x_book,0.3,cov30,0.304428,0.026584718376398087,26.81930478780172,0.9151384748712902,ok,located,false
qwen2511_generic_noise_mask_oracle_3pct,pen_x_book_cov30_1,1,pen_x_book,0.3,cov30,0.304428,0.028384489938616753,26.467271163664194,0.9117156211078082,ok,located,true
qwen2511_generic_noise_mask_oracle_3pct,pen_x_book_cov30_1,2,pen_x_book,0.3,cov30,0.304428,0.029975909739732742,26.53304213406603,0.9151652936385224,ok,located,false
qwen2511_generic_noise_mask_oracle_3pct,pen_x_book_cov30_1,3,pen_x_book,0.3,cov30,0.304428,0.025803575292229652,26.753953829322697,0.9152778418041024,ok,located,false
qwen2511_generic_noise_mask_oracle_3pct,pen_x_book_cov30_1,4,pen_x_book,0.3,cov30,0.304428,0.03054841049015522,26.164350241029958,0.9145896202309635,ok,located,false
qwen2511_generic_noise_mask_oracle_3pct,pen_x_book_cov30_2,0,pen_x_book,0.3,cov30,0.306125,0.01795905828475952,34.08299192273718,0.9752184727284613,ok,located,false
qwen2511_generic_noise_mask_oracle_3pct,pen_x_book_cov30_2,1,pen_x_book,0.3,cov30,0.306125,0.01699824631214142,35.191215443982514,0.9764940500163138,ok,located,false
qwen2511_generic_noise_mask_oracle_3pct,pen_x_book_cov30_2,2,pen_x_book,0.3,cov30,0.306125,0.017495563253760338,34.55381139481212,0.9758723889048829,ok,located,true
qwen2511_generic_noise_mask_oracle_3pct,pen_x_book_cov30_2,3,pen_x_book,0.3,cov30,0.306125,0.01822718046605587,33.92503480661628,0.9708743772965857,ok,located,false
qwen2511_generic_noise_mask_oracle_3pct,pen_x_book_cov30_2,4,pen_x_book,0.3,cov30,0.306125,0.01706770993769169,35.368566026311996,0.9771996265636206,ok,located,false
qwen2511_generic_noise_mask_oracle_3pct,sword_x_shield_cov30_0,0,sword_x_shield,0.3,cov30,0.286166,0.033780522644519806,24.414570480632104,0.9102743566938528,ok,located,false
qwen2511_generic_noise_mask_oracle_3pct,sword_x_shield_cov30_0,1,sword_x_shield,0.3,cov30,0.286166,0.16506655514240265,20.532539665705592,0.844749486422181,ok,located,false
qwen2511_generic_noise_mask_oracle_3pct,sword_x_shield_cov30_0,2,sword_x_shield,0.3,cov30,0.286166,0.02738247439265251,24.299540446532152,0.904532218981117,ok,located,true
qwen2511_generic_noise_mask_oracle_3pct,sword_x_shield_cov30_0,3,sword_x_shield,0.3,cov30,0.286166,0.012521786615252495,30.461466157217938,0.9713382052906313,ok,located,false
qwen2511_generic_noise_mask_oracle_3pct,sword_x_shield_cov30_0,4,sword_x_shield,0.3,cov30,0.286166,0.024000808596611023,29.225571403435655,0.9628281154948463,ok,located,false
qwen2511_generic_noise_mask_oracle_3pct,sword_x_shield_cov30_1,0,sword_x_shield,0.3,cov30,0.280355,0.08690780401229858,18.273885848523435,0.8029315977103559,ok,located,false
qwen2511_generic_noise_mask_oracle_3pct,sword_x_shield_cov30_1,1,sword_x_shield,0.3,cov30,0.280355,0.42055511474609375,10.30205572933201,0.5753173894322612,ok,located,false
qwen2511_generic_noise_mask_oracle_3pct,sword_x_shield_cov30_1,2,sword_x_shield,0.3,cov30,0.280355,0.02357204258441925,22.505166805907457,0.8772452456354619,ok,located,false
qwen2511_generic_noise_mask_oracle_3pct,sword_x_shield_cov30_1,3,sword_x_shield,0.3,cov30,0.280355,0.030820589512586594,21.040503600694112,0.8512739630602503,ok,located,false
qwen2511_generic_noise_mask_oracle_3pct,sword_x_shield_cov30_1,4,sword_x_shield,0.3,cov30,0.280355,0.03751389682292938,20.109546501044232,0.8017909952357029,ok,located,true
qwen2511_generic_noise_mask_oracle_3pct,sword_x_shield_cov30_2,0,sword_x_shield,0.3,cov30,0.284125,0.04085783287882805,20.806143830250143,0.8634931414903116,ok,located,false
qwen2511_generic_noise_mask_oracle_3pct,sword_x_shield_cov30_2,1,sword_x_shield,0.3,cov30,0.284125,0.0363692082464695,24.632757365765386,0.9250591508500903,ok,located,false
qwen2511_generic_noise_mask_oracle_3pct,sword_x_shield_cov30_2,2,sword_x_shield,0.3,cov30,0.284125,0.038413286209106445,25.540157631282018,0.9411350696372711,ok,located,true
qwen2511_generic_noise_mask_oracle_3pct,sword_x_shield_cov30_2,3,sword_x_shield,0.3,cov30,0.284125,0.023886537179350853,24.59257515690107,0.9237209752775124,ok,located,false
qwen2511_generic_noise_mask_oracle_3pct,sword_x_shield_cov30_2,4,sword_x_shield,0.3,cov30,0.284125,0.0501929447054863,19.569157792220345,0.8289834492749458,ok,located,false
qwen2511_generic_noise_mask_oracle_3pct,hammer_x_anvil_cov30_0,0,hammer_x_anvil,0.3,cov30,0.310627,0.01928047649562359,30.92630668968951,0.9835829185124148,ok,located,false
qwen2511_generic_noise_mask_oracle_3pct,hammer_x_anvil_cov30_0,1,hammer_x_anvil,0.3,cov30,0.310627,0.5360045433044434,11.78242923175662,0.5902872695960907,ok,located,false
qwen2511_generic_noise_mask_oracle_3pct,hammer_x_anvil_cov30_0,2,hammer_x_anvil,0.3,cov30,0.310627,0.02060750685632229,30.933122783967644,0.9820403206203299,ok,located,true
qwen2511_generic_noise_mask_oracle_3pct,hammer_x_anvil_cov30_0,3,hammer_x_anvil,0.3,cov30,0.310627,0.01827472448348999,29.066118113253644,0.9808361276150955,ok,located,false
qwen2511_generic_noise_mask_oracle_3pct,hammer_x_anvil_cov30_0,4,hammer_x_anvil,0.3,cov30,0.310627,0.03574874997138977,27.55061253110718,0.977796035216406,ok,located,false
qwen2511_generic_noise_mask_oracle_3pct,hammer_x_anvil_cov30_1,0,hammer_x_anvil,0.3,cov30,0.280833,0.04097498580813408,26.031293140696686,0.9434182053928439,ok,located,true
qwen2511_generic_noise_mask_oracle_3pct,hammer_x_anvil_cov30_1,1,hammer_x_anvil,0.3,cov30,0.280833,0.6208886504173279,10.752159321622353,0.5716305061517616,ok,located,false
qwen2511_generic_noise_mask_oracle_3pct,hammer_x_anvil_cov30_1,2,hammer_x_anvil,0.3,cov30,0.280833,0.03683096542954445,26.945026506799334,0.9544889469478334,ok,located,false
qwen2511_generic_noise_mask_oracle_3pct,hammer_x_anvil_cov30_1,3,hammer_x_anvil,0.3,cov30,0.280833,0.5960755348205566,9.703276840773569,0.5313051933382976,ok,located,false
qwen2511_generic_noise_mask_oracle_3pct,hammer_x_anvil_cov30_1,4,hammer_x_anvil,0.3,cov30,0.280833,0.037059634923934937,26.798811279920596,0.9522608139803749,ok,located,false
qwen2511_generic_noise_mask_oracle_3pct,hammer_x_anvil_cov30_2,0,hammer_x_anvil,0.3,cov30,0.306076,0.566222608089447,11.29925783677281,0.5674811023878338,ok,located,false
qwen2511_generic_noise_mask_oracle_3pct,hammer_x_anvil_cov30_2,1,hammer_x_anvil,0.3,cov30,0.306076,0.5906673073768616,11.269433056902557,0.5598649031062382,ok,located,false
qwen2511_generic_noise_mask_oracle_3pct,hammer_x_anvil_cov30_2,2,hammer_x_anvil,0.3,cov30,0.306076,0.015099069103598595,33.99729956257556,0.9805714263340229,ok,located,false
qwen2511_generic_noise_mask_oracle_3pct,hammer_x_anvil_cov30_2,3,hammer_x_anvil,0.3,cov30,0.306076,0.33757057785987854,13.041387683075563,0.6956552539614907,ok,located,true
qwen2511_generic_noise_mask_oracle_3pct,hammer_x_anvil_cov30_2,4,hammer_x_anvil,0.3,cov30,0.306076,0.015972081571817398,33.21170626800732,0.978964454977759,ok,located,false
attentive_eraser_visible_mask_0pct,emblem_x_banner_cov50_0,0,emblem_x_banner,0.5,cov50,0.497214,0.26101213693618774,8.860937477474426,0.7255875789685375,ok,located,false
attentive_eraser_visible_mask_0pct,emblem_x_banner_cov50_0,1,emblem_x_banner,0.5,cov50,0.497214,0.6427871584892273,6.870285699971294,0.4128638845118795,ok,located,false
attentive_eraser_visible_mask_0pct,emblem_x_banner_cov50_0,2,emblem_x_banner,0.5,cov50,0.497214,0.6411953568458557,6.463696417135098,0.3855494879970916,ok,located,false
attentive_eraser_visible_mask_0pct,emblem_x_banner_cov50_0,3,emblem_x_banner,0.5,cov50,0.497214,0.2690100371837616,8.829026783824148,0.7236529968273767,roi_failure,target_bbox_fallback,false
attentive_eraser_visible_mask_0pct,emblem_x_banner_cov50_0,4,emblem_x_banner,0.5,cov50,0.497214,0.6382132768630981,6.6601231693869325,0.40644836524031414,ok,located,true
attentive_eraser_visible_mask_0pct,emblem_x_banner_cov50_1,0,emblem_x_banner,0.5,cov50,0.486007,0.5695386528968811,7.273562582664046,0.5073224814378586,ok,located,false
attentive_eraser_visible_mask_0pct,emblem_x_banner_cov50_1,1,emblem_x_banner,0.5,cov50,0.486007,0.21993772685527802,9.09883138581225,0.7636820088928692,ok,located,false
attentive_eraser_visible_mask_0pct,emblem_x_banner_cov50_1,2,emblem_x_banner,0.5,cov50,0.486007,0.21511389315128326,9.502330038529403,0.7086880498297367,ok,located,false
attentive_eraser_visible_mask_0pct,emblem_x_banner_cov50_1,3,emblem_x_banner,0.5,cov50,0.486007,0.21620936691761017,9.266929900495658,0.7705079177647387,ok,located,true
attentive_eraser_visible_mask_0pct,emblem_x_banner_cov50_1,4,emblem_x_banner,0.5,cov50,0.486007,0.19634270668029785,9.454997641423683,0.7765486902374774,ok,located,false
attentive_eraser_visible_mask_0pct,emblem_x_banner_cov50_2,0,emblem_x_banner,0.5,cov50,0.505033,0.6557273268699646,6.191804981678461,0.3869471059859686,ok,located,false
attentive_eraser_visible_mask_0pct,emblem_x_banner_cov50_2,1,emblem_x_banner,0.5,cov50,0.505033,0.2827271819114685,7.667939687269955,0.6890971019539811,roi_failure,target_bbox_fallback,false
attentive_eraser_visible_mask_0pct,emblem_x_banner_cov50_2,2,emblem_x_banner,0.5,cov50,0.505033,0.6493713855743408,6.263286804021774,0.4064576743424731,ok,located,true
attentive_eraser_visible_mask_0pct,emblem_x_banner_cov50_2,3,emblem_x_banner,0.5,cov50,0.505033,0.2767719328403473,7.76278239282272,0.694020250901108,roi_failure,target_bbox_fallback,false
attentive_eraser_visible_mask_0pct,emblem_x_banner_cov50_2,4,emblem_x_banner,0.5,cov50,0.505033,0.6541709303855896,6.202453517106611,0.3908418813419144,ok,located,false
attentive_eraser_visible_mask_0pct,food_x_plate_cov70_0,0,food_x_plate,0.7,cov70,0.713963,0.5688968300819397,4.201681647317022,0.36560363736473356,roi_failure,target_bbox_fallback,false
attentive_eraser_visible_mask_0pct,food_x_plate_cov70_0,1,food_x_plate,0.7,cov70,0.713963,0.5651929974555969,4.23615651261334,0.3701229791870317,roi_failure,target_bbox_fallback,false
attentive_eraser_visible_mask_0pct,food_x_plate_cov70_0,2,food_x_plate,0.7,cov70,0.713963,0.5636965036392212,4.2548017690848825,0.37196278806100774,roi_failure,target_bbox_fallback,true
attentive_eraser_visible_mask_0pct,food_x_plate_cov70_0,3,food_x_plate,0.7,cov70,0.713963,0.5588076710700989,4.235451877388988,0.37101877322524923,roi_failure,target_bbox_fallback,false
attentive_eraser_visible_mask_0pct,food_x_plate_cov70_0,4,food_x_plate,0.7,cov70,0.713963,0.5558724999427795,4.298240306789237,0.3818413230225545,roi_failure,target_bbox_fallback,false
attentive_eraser_visible_mask_0pct,food_x_plate_cov70_1,0,food_x_plate,0.7,cov70,0.695275,0.5650824308395386,4.542292470932752,0.3764439646313542,roi_failure,target_bbox_fallback,false
attentive_eraser_visible_mask_0pct,food_x_plate_cov70_1,1,food_x_plate,0.7,cov70,0.695275,0.5630859136581421,4.53630677581655,0.3793860017989535,roi_failure,target_bbox_fallback,true
attentive_eraser_visible_mask_0pct,food_x_plate_cov70_1,2,food_x_plate,0.7,cov70,0.695275,0.5122957229614258,4.664606560424148,0.38775686212134625,roi_failure,target_bbox_fallback,false
attentive_eraser_visible_mask_0pct,food_x_plate_cov70_1,3,food_x_plate,0.7,cov70,0.695275,0.5401707887649536,4.655557924992831,0.3948650979330625,roi_failure,target_bbox_fallback,false
attentive_eraser_visible_mask_0pct,food_x_plate_cov70_1,4,food_x_plate,0.7,cov70,0.695275,0.566491425037384,4.575444733317435,0.38515493795088135,roi_failure,target_bbox_fallback,false
attentive_eraser_visible_mask_0pct,food_x_plate_cov70_2,0,food_x_plate,0.7,cov70,0.695829,0.5479836463928223,4.492343670113655,0.39611603619528407,roi_failure,target_bbox_fallback,false
attentive_eraser_visible_mask_0pct,food_x_plate_cov70_2,1,food_x_plate,0.7,cov70,0.695829,0.5446346998214722,4.462732712558858,0.3924552247405857,roi_failure,target_bbox_fallback,true
attentive_eraser_visible_mask_0pct,food_x_plate_cov70_2,2,food_x_plate,0.7,cov70,0.695829,0.5435779690742493,4.436813966343522,0.3918404208182287,roi_failure,target_bbox_fallback,false
attentive_eraser_visible_mask_0pct,food_x_plate_cov70_2,3,food_x_plate,0.7,cov70,0.695829,0.5448797345161438,4.453497253901845,0.3931499417735875,roi_failure,target_bbox_fallback,false
attentive_eraser_visible_mask_0pct,food_x_plate_cov70_2,4,food_x_plate,0.7,cov70,0.695829,0.5431677103042603,4.425762725648855,0.387784340823542,roi_failure,target_bbox_fallback,false
attentive_eraser_visible_mask_0pct,coin_x_chest_cov70_0,0,coin_x_chest,0.7,cov70,0.7127,0.5244614481925964,9.564046279878776,0.500696385103193,roi_failure,target_bbox_fallback,false
attentive_eraser_visible_mask_0pct,coin_x_chest_cov70_0,1,coin_x_chest,0.7,cov70,0.7127,0.5510812997817993,9.312820989015425,0.48184022801137055,roi_failure,target_bbox_fallback,false
attentive_eraser_visible_mask_0pct,coin_x_chest_cov70_0,2,coin_x_chest,0.7,cov70,0.7127,0.5464293956756592,9.335012827632754,0.48567255956265915,roi_failure,target_bbox_fallback,true
attentive_eraser_visible_mask_0pct,coin_x_chest_cov70_0,3,coin_x_chest,0.7,cov70,0.7127,0.5433269739151001,9.367764740019153,0.48447255183648613,roi_failure,target_bbox_fallback,false
attentive_eraser_visible_mask_0pct,coin_x_chest_cov70_0,4,coin_x_chest,0.7,cov70,0.7127,0.5474915504455566,9.402724785457744,0.49228711066218617,roi_failure,target_bbox_fallback,false
attentive_eraser_visible_mask_0pct,coin_x_chest_cov70_1,0,coin_x_chest,0.7,cov70,0.709374,0.5262610912322998,10.195236716644056,0.46948926829549253,roi_failure,target_bbox_fallback,false
attentive_eraser_visible_mask_0pct,coin_x_chest_cov70_1,1,coin_x_chest,0.7,cov70,0.709374,0.5429710149765015,9.962477308317037,0.4482961914582082,roi_failure,target_bbox_fallback,true
attentive_eraser_visible_mask_0pct,coin_x_chest_cov70_1,2,coin_x_chest,0.7,cov70,0.709374,0.5705627799034119,9.622041254511673,0.4313071757596963,roi_failure,target_bbox_fallback,false
attentive_eraser_visible_mask_0pct,coin_x_chest_cov70_1,3,coin_x_chest,0.7,cov70,0.709374,0.5550565123558044,9.70970147506169,0.448573552255284,roi_failure,target_bbox_fallback,false
attentive_eraser_visible_mask_0pct,coin_x_chest_cov70_1,4,coin_x_chest,0.7,cov70,0.709374,0.5360077619552612,9.99916026768461,0.457447994331521,roi_failure,target_bbox_fallback,false
attentive_eraser_visible_mask_0pct,coin_x_chest_cov70_2,0,coin_x_chest,0.7,cov70,0.707081,0.5824320316314697,9.066667321771224,0.38262623800045753,roi_failure,target_bbox_fallback,false
attentive_eraser_visible_mask_0pct,coin_x_chest_cov70_2,1,coin_x_chest,0.7,cov70,0.707081,0.767859697341919,7.831451131812051,0.18111594939768758,ok,located,false
attentive_eraser_visible_mask_0pct,coin_x_chest_cov70_2,2,coin_x_chest,0.7,cov70,0.707081,0.5313476920127869,9.51606772929025,0.4006223530929533,roi_failure,target_bbox_fallback,false
attentive_eraser_visible_mask_0pct,coin_x_chest_cov70_2,3,coin_x_chest,0.7,cov70,0.707081,0.482211172580719,10.039893187962058,0.42230574021584055,ok,located,false
attentive_eraser_visible_mask_0pct,coin_x_chest_cov70_2,4,coin_x_chest,0.7,cov70,0.707081,0.582095742225647,9.081319354255864,0.38140332711208874,roi_failure,target_bbox_fallback,true
attentive_eraser_visible_mask_0pct,key_x_lock_cov50_0,0,key_x_lock,0.5,cov50,0.485743,0.3143446445465088,9.308286395098328,0.6800635455741008,roi_failure,target_bbox_fallback,false
attentive_eraser_visible_mask_0pct,key_x_lock_cov50_0,1,key_x_lock,0.5,cov50,0.485743,0.6292495727539062,6.800440181760498,0.47986707965637887,ok,located,false
attentive_eraser_visible_mask_0pct,key_x_lock_cov50_0,2,key_x_lock,0.5,cov50,0.485743,0.30975842475891113,9.19780417092943,0.6751386226190705,roi_failure,target_bbox_fallback,false
attentive_eraser_visible_mask_0pct,key_x_lock_cov50_0,3,key_x_lock,0.5,cov50,0.485743,0.3134133219718933,9.225931412935223,0.6675837411933759,roi_failure,target_bbox_fallback,true
attentive_eraser_visible_mask_0pct,key_x_lock_cov50_0,4,key_x_lock,0.5,cov50,0.485743,0.30572137236595154,9.369039386255732,0.6824007652729015,roi_failure,target_bbox_fallback,false
attentive_eraser_visible_mask_0pct,key_x_lock_cov50_1,0,key_x_lock,0.5,cov50,0.498359,0.31118661165237427,9.945664846076834,0.6003684140040061,ok,located,false
attentive_eraser_visible_mask_0pct,key_x_lock_cov50_1,1,key_x_lock,0.5,cov50,0.498359,0.29632461071014404,10.142239791253381,0.5330333943156864,ok,located,false
attentive_eraser_visible_mask_0pct,key_x_lock_cov50_1,2,key_x_lock,0.5,cov50,0.498359,0.5737044811248779,7.658544096088687,0.497366703280344,ok,located,false
attentive_eraser_visible_mask_0pct,key_x_lock_cov50_1,3,key_x_lock,0.5,cov50,0.498359,0.3250176012516022,9.636941929859606,0.47931918381724675,ok,located,true
attentive_eraser_visible_mask_0pct,key_x_lock_cov50_1,4,key_x_lock,0.5,cov50,0.498359,0.33280274271965027,9.456566499119305,0.5290468638458147,ok,located,false
attentive_eraser_visible_mask_0pct,key_x_lock_cov50_2,0,key_x_lock,0.5,cov50,0.511836,0.6309649348258972,7.678876810868147,0.4641875531802028,ok,located,false
attentive_eraser_visible_mask_0pct,key_x_lock_cov50_2,1,key_x_lock,0.5,cov50,0.511836,0.6305326223373413,7.80965758819812,0.4682408245425691,ok,located,true
attentive_eraser_visible_mask_0pct,key_x_lock_cov50_2,2,key_x_lock,0.5,cov50,0.511836,0.6069586873054504,7.709092102147039,0.4646641071909599,ok,located,false
attentive_eraser_visible_mask_0pct,key_x_lock_cov50_2,3,key_x_lock,0.5,cov50,0.511836,0.3069416880607605,10.451334303272588,0.675593219705593,roi_failure,target_bbox_fallback,false
attentive_eraser_visible_mask_0pct,key_x_lock_cov50_2,4,key_x_lock,0.5,cov50,0.511836,0.6313477754592896,7.660443411663101,0.46203262816931256,ok,located,false
attentive_eraser_visible_mask_0pct,potion_x_crate_cov50_0,0,potion_x_crate,0.5,cov50,0.518319,0.7383142709732056,9.508076924133,0.31124371124217637,ok,located,false
attentive_eraser_visible_mask_0pct,potion_x_crate_cov50_0,1,potion_x_crate,0.5,cov50,0.518319,0.7771352529525757,9.180278416024425,0.29451585731017843,ok,located,false
attentive_eraser_visible_mask_0pct,potion_x_crate_cov50_0,2,potion_x_crate,0.5,cov50,0.518319,0.7580324411392212,9.334805301083296,0.29600199187224757,ok,located,true
attentive_eraser_visible_mask_0pct,potion_x_crate_cov50_0,3,potion_x_crate,0.5,cov50,0.518319,0.7728307247161865,9.170867639879427,0.299416338373524,ok,located,false
attentive_eraser_visible_mask_0pct,potion_x_crate_cov50_0,4,potion_x_crate,0.5,cov50,0.518319,0.7156086564064026,9.688660022354172,0.3257511294662501,ok,located,false
attentive_eraser_visible_mask_0pct,potion_x_crate_cov50_1,0,potion_x_crate,0.5,cov50,0.505658,0.6752603650093079,10.069770205979848,0.36014933910154695,ok,located,true
attentive_eraser_visible_mask_0pct,potion_x_crate_cov50_1,1,potion_x_crate,0.5,cov50,0.505658,0.6686921119689941,10.108154524972726,0.3572055530491453,ok,located,false
attentive_eraser_visible_mask_0pct,potion_x_crate_cov50_1,2,potion_x_crate,0.5,cov50,0.505658,0.6790094375610352,10.230884531301221,0.3622231442451658,ok,located,false
attentive_eraser_visible_mask_0pct,potion_x_crate_cov50_1,3,potion_x_crate,0.5,cov50,0.505658,0.6826525330543518,9.981955019168922,0.3580792253187455,ok,located,false
attentive_eraser_visible_mask_0pct,potion_x_crate_cov50_1,4,potion_x_crate,0.5,cov50,0.505658,0.6595425009727478,10.370630123786748,0.36362007878193475,ok,located,false
attentive_eraser_visible_mask_0pct,potion_x_crate_cov50_2,0,potion_x_crate,0.5,cov50,0.514935,0.674515962600708,10.844279087363411,0.3661234316313305,ok,located,false
attentive_eraser_visible_mask_0pct,potion_x_crate_cov50_2,1,potion_x_crate,0.5,cov50,0.514935,0.681408166885376,10.980896039819786,0.3860952205019361,ok,located,false
attentive_eraser_visible_mask_0pct,potion_x_crate_cov50_2,2,potion_x_crate,0.5,cov50,0.514935,0.6773493885993958,10.753123176934412,0.36284422304640196,ok,located,true
attentive_eraser_visible_mask_0pct,potion_x_crate_cov50_2,3,potion_x_crate,0.5,cov50,0.514935,0.7114105224609375,10.277825500911227,0.36612811552180763,ok,located,false
attentive_eraser_visible_mask_0pct,potion_x_crate_cov50_2,4,potion_x_crate,0.5,cov50,0.514935,0.672075629234314,10.757063554648777,0.3714771042539658,ok,located,false
attentive_eraser_visible_mask_0pct,gem_x_ring_cov30_0,0,gem_x_ring,0.3,cov30,0.299812,0.35391104221343994,9.318357784491164,0.48432665774981903,ok,located,true
attentive_eraser_visible_mask_0pct,gem_x_ring_cov30_0,1,gem_x_ring,0.3,cov30,0.299812,0.3749103248119354,9.13270802270639,0.4808223532249789,ok,located,false
attentive_eraser_visible_mask_0pct,gem_x_ring_cov30_0,2,gem_x_ring,0.3,cov30,0.299812,0.3738385736942291,9.179037381731954,0.48306606090464,ok,located,false
attentive_eraser_visible_mask_0pct,gem_x_ring_cov30_0,3,gem_x_ring,0.3,cov30,0.299812,0.33720606565475464,9.51449693606688,0.4896908261030628,ok,located,false
attentive_eraser_visible_mask_0pct,gem_x_ring_cov30_0,4,gem_x_ring,0.3,cov30,0.299812,0.3170393109321594,9.741511466093325,0.5004526716820707,ok,located,false
attentive_eraser_visible_mask_0pct,gem_x_ring_cov30_1,0,gem_x_ring,0.3,cov30,0.287595,0.37594297528266907,8.871082963455518,0.4881893472999588,ok,located,false
attentive_eraser_visible_mask_0pct,gem_x_ring_cov30_1,1,gem_x_ring,0.3,cov30,0.287595,0.3792138695716858,8.844955416535115,0.48711304910694375,ok,located,false
attentive_eraser_visible_mask_0pct,gem_x_ring_cov30_1,2,gem_x_ring,0.3,cov30,0.287595,0.3803284168243408,8.875549385581348,0.48961158564011154,ok,located,false
attentive_eraser_visible_mask_0pct,gem_x_ring_cov30_1,3,gem_x_ring,0.3,cov30,0.287595,0.37994885444641113,8.84042030281688,0.48907168508266435,ok,located,true
attentive_eraser_visible_mask_0pct,gem_x_ring_cov30_1,4,gem_x_ring,0.3,cov30,0.287595,0.38066017627716064,8.864884635472674,0.49160217973875425,ok,located,false
attentive_eraser_visible_mask_0pct,gem_x_ring_cov30_2,0,gem_x_ring,0.3,cov30,0.290504,0.31155019998550415,9.364744373901328,0.537202383852209,ok,located,false
attentive_eraser_visible_mask_0pct,gem_x_ring_cov30_2,1,gem_x_ring,0.3,cov30,0.290504,0.3181118369102478,9.32023823077805,0.5434542090543738,ok,located,false
attentive_eraser_visible_mask_0pct,gem_x_ring_cov30_2,2,gem_x_ring,0.3,cov30,0.290504,0.31719252467155457,9.318070263856441,0.5415422432194492,ok,located,true
attentive_eraser_visible_mask_0pct,gem_x_ring_cov30_2,3,gem_x_ring,0.3,cov30,0.290504,0.31331968307495117,9.363235504798958,0.5423574146257852,ok,located,false
attentive_eraser_visible_mask_0pct,gem_x_ring_cov30_2,4,gem_x_ring,0.3,cov30,0.290504,0.3240550458431244,9.322419800920157,0.5382965738049242,ok,located,false
attentive_eraser_visible_mask_0pct,pen_x_book_cov30_0,0,pen_x_book,0.3,cov30,0.310811,0.17483705282211304,19.876057383675303,0.8648935539418029,ok,located,true
attentive_eraser_visible_mask_0pct,pen_x_book_cov30_0,1,pen_x_book,0.3,cov30,0.310811,0.16042490303516388,20.98124124755319,0.8688113825155211,ok,located,false
attentive_eraser_visible_mask_0pct,pen_x_book_cov30_0,2,pen_x_book,0.3,cov30,0.310811,0.24515730142593384,18.741710122103584,0.8342956059916111,ok,located,false
attentive_eraser_visible_mask_0pct,pen_x_book_cov30_0,3,pen_x_book,0.3,cov30,0.310811,0.052338168025016785,26.15411750405935,0.9317484632936118,ok,located,false
attentive_eraser_visible_mask_0pct,pen_x_book_cov30_0,4,pen_x_book,0.3,cov30,0.310811,0.18398451805114746,20.245229991154297,0.8665088217881415,ok,located,false
attentive_eraser_visible_mask_0pct,pen_x_book_cov30_1,0,pen_x_book,0.3,cov30,0.304428,0.16373586654663086,19.78316072347687,0.869123922814194,ok,located,false
attentive_eraser_visible_mask_0pct,pen_x_book_cov30_1,1,pen_x_book,0.3,cov30,0.304428,0.1603507399559021,20.683911639826093,0.8732816699187955,ok,located,false
attentive_eraser_visible_mask_0pct,pen_x_book_cov30_1,2,pen_x_book,0.3,cov30,0.304428,0.18691962957382202,19.30420681957967,0.8469608637851036,ok,located,false
attentive_eraser_visible_mask_0pct,pen_x_book_cov30_1,3,pen_x_book,0.3,cov30,0.304428,0.17445027828216553,19.74525331018924,0.8060266349465347,ok,located,true
attentive_eraser_visible_mask_0pct,pen_x_book_cov30_1,4,pen_x_book,0.3,cov30,0.304428,0.20683307945728302,19.340926539141922,0.8063813171806226,ok,located,false
attentive_eraser_visible_mask_0pct,pen_x_book_cov30_2,0,pen_x_book,0.3,cov30,0.306125,0.05294431000947952,28.780046053723787,0.922261541566083,ok,located,false
attentive_eraser_visible_mask_0pct,pen_x_book_cov30_2,1,pen_x_book,0.3,cov30,0.306125,0.135898619890213,23.50953445912808,0.8751896097544744,ok,located,false
attentive_eraser_visible_mask_0pct,pen_x_book_cov30_2,2,pen_x_book,0.3,cov30,0.306125,0.10282566398382187,24.908487804163137,0.8877703792969093,ok,located,false
attentive_eraser_visible_mask_0pct,pen_x_book_cov30_2,3,pen_x_book,0.3,cov30,0.306125,0.1392716020345688,22.753567343342127,0.8980176086544694,ok,located,false
attentive_eraser_visible_mask_0pct,pen_x_book_cov30_2,4,pen_x_book,0.3,cov30,0.306125,0.12192685902118683,23.383050178281902,0.9045468043359236,ok,located,true
attentive_eraser_visible_mask_0pct,sword_x_shield_cov30_0,0,sword_x_shield,0.3,cov30,0.286166,0.0663486123085022,22.179988376392448,0.8181793372274684,ok,located,false
attentive_eraser_visible_mask_0pct,sword_x_shield_cov30_0,1,sword_x_shield,0.3,cov30,0.286166,0.0875428318977356,19.72382744816912,0.7274375585999658,ok,located,false
attentive_eraser_visible_mask_0pct,sword_x_shield_cov30_0,2,sword_x_shield,0.3,cov30,0.286166,0.1251251995563507,15.951461182791078,0.650198624062607,ok,located,false
attentive_eraser_visible_mask_0pct,sword_x_shield_cov30_0,3,sword_x_shield,0.3,cov30,0.286166,0.1928524225950241,15.077905223012419,0.6326467953407154,ok,located,false
attentive_eraser_visible_mask_0pct,sword_x_shield_cov30_0,4,sword_x_shield,0.3,cov30,0.286166,0.11433042585849762,17.01292040518227,0.7152158968923509,ok,located,true
attentive_eraser_visible_mask_0pct,sword_x_shield_cov30_1,0,sword_x_shield,0.3,cov30,0.280355,0.1591259092092514,14.995639464392145,0.6662467077659607,ok,located,false
attentive_eraser_visible_mask_0pct,sword_x_shield_cov30_1,1,sword_x_shield,0.3,cov30,0.280355,0.26357659697532654,11.880895684133215,0.5099579777379519,ok,located,false
attentive_eraser_visible_mask_0pct,sword_x_shield_cov30_1,2,sword_x_shield,0.3,cov30,0.280355,0.20922119915485382,12.665759883470162,0.5360265215091945,ok,located,true
attentive_eraser_visible_mask_0pct,sword_x_shield_cov30_1,3,sword_x_shield,0.3,cov30,0.280355,0.2508079409599304,11.915535303560656,0.5076297744503622,ok,located,false
attentive_eraser_visible_mask_0pct,sword_x_shield_cov30_1,4,sword_x_shield,0.3,cov30,0.280355,0.16929063200950623,14.501649530272516,0.6467035621450811,ok,located,false
attentive_eraser_visible_mask_0pct,sword_x_shield_cov30_2,0,sword_x_shield,0.3,cov30,0.284125,0.13761620223522186,15.127570339374902,0.673972094430205,ok,located,false
attentive_eraser_visible_mask_0pct,sword_x_shield_cov30_2,1,sword_x_shield,0.3,cov30,0.284125,0.1575094759464264,15.550532288917317,0.6557314748317216,ok,located,false
attentive_eraser_visible_mask_0pct,sword_x_shield_cov30_2,2,sword_x_shield,0.3,cov30,0.284125,0.18703895807266235,13.51732025717256,0.6006589202182345,ok,located,true
attentive_eraser_visible_mask_0pct,sword_x_shield_cov30_2,3,sword_x_shield,0.3,cov30,0.284125,0.27455979585647583,12.459756982796257,0.5830570071464172,ok,located,false
attentive_eraser_visible_mask_0pct,sword_x_shield_cov30_2,4,sword_x_shield,0.3,cov30,0.284125,0.24364851415157318,12.296815985174565,0.5667010533007217,ok,located,false
attentive_eraser_visible_mask_0pct,hammer_x_anvil_cov30_0,0,hammer_x_anvil,0.3,cov30,0.310627,0.34512436389923096,13.9268777359292,0.6942654447863742,ok,located,false
attentive_eraser_visible_mask_0pct,hammer_x_anvil_cov30_0,1,hammer_x_anvil,0.3,cov30,0.310627,0.3276800513267517,14.164344821170257,0.708238796770387,ok,located,false
attentive_eraser_visible_mask_0pct,hammer_x_anvil_cov30_0,2,hammer_x_anvil,0.3,cov30,0.310627,0.49874573945999146,12.076590415991909,0.5222500232469394,ok,located,true
attentive_eraser_visible_mask_0pct,hammer_x_anvil_cov30_0,3,hammer_x_anvil,0.3,cov30,0.310627,0.5086958408355713,11.818038208875201,0.5100217787862199,ok,located,false
attentive_eraser_visible_mask_0pct,hammer_x_anvil_cov30_0,4,hammer_x_anvil,0.3,cov30,0.310627,0.500007688999176,12.284805772751197,0.5295114388539187,ok,located,false
attentive_eraser_visible_mask_0pct,hammer_x_anvil_cov30_1,0,hammer_x_anvil,0.3,cov30,0.280833,0.5903716087341309,11.16913388137559,0.5000035418849915,ok,located,false
attentive_eraser_visible_mask_0pct,hammer_x_anvil_cov30_1,1,hammer_x_anvil,0.3,cov30,0.280833,0.6406584978103638,10.540609970227028,0.4213545089612711,ok,located,false
attentive_eraser_visible_mask_0pct,hammer_x_anvil_cov30_1,2,hammer_x_anvil,0.3,cov30,0.280833,0.6489162445068359,10.317001397268395,0.38984796332053856,ok,located,true
attentive_eraser_visible_mask_0pct,hammer_x_anvil_cov30_1,3,hammer_x_anvil,0.3,cov30,0.280833,0.6777576208114624,9.915297555730934,0.38566745114545503,ok,located,false
attentive_eraser_visible_mask_0pct,hammer_x_anvil_cov30_1,4,hammer_x_anvil,0.3,cov30,0.280833,0.6922816038131714,9.851990937616891,0.37627921770589445,ok,located,false
attentive_eraser_visible_mask_0pct,hammer_x_anvil_cov30_2,0,hammer_x_anvil,0.3,cov30,0.306076,0.19240644574165344,17.179315131040823,0.7834626794314367,ok,located,false
attentive_eraser_visible_mask_0pct,hammer_x_anvil_cov30_2,1,hammer_x_anvil,0.3,cov30,0.306076,0.184036985039711,18.206624205061047,0.8116720183219113,ok,located,false
attentive_eraser_visible_mask_0pct,hammer_x_anvil_cov30_2,2,hammer_x_anvil,0.3,cov30,0.306076,0.18662092089653015,16.812110709313476,0.7917135228386402,ok,located,true
attentive_eraser_visible_mask_0pct,hammer_x_anvil_cov30_2,3,hammer_x_anvil,0.3,cov30,0.306076,0.14625754952430725,18.288117211293617,0.8033547718827604,ok,located,false
attentive_eraser_visible_mask_0pct,hammer_x_anvil_cov30_2,4,hammer_x_anvil,0.3,cov30,0.306076,0.19699040055274963,17.141508417497256,0.7980687583988456,ok,located,false
attentive_eraser_visible_mask_3pct,emblem_x_banner_cov50_0,0,emblem_x_banner,0.5,cov50,0.497214,0.31102821230888367,8.246796618065087,0.6893982286985888,roi_failure,target_bbox_fallback,false
attentive_eraser_visible_mask_3pct,emblem_x_banner_cov50_0,1,emblem_x_banner,0.5,cov50,0.497214,0.31317901611328125,8.304432350835459,0.693207751656962,roi_failure,target_bbox_fallback,false
attentive_eraser_visible_mask_3pct,emblem_x_banner_cov50_0,2,emblem_x_banner,0.5,cov50,0.497214,0.3091048300266266,8.27200742022665,0.6889658962149176,roi_failure,target_bbox_fallback,false
attentive_eraser_visible_mask_3pct,emblem_x_banner_cov50_0,3,emblem_x_banner,0.5,cov50,0.497214,0.3115338981151581,8.267331984485637,0.691343599361628,roi_failure,target_bbox_fallback,true
attentive_eraser_visible_mask_3pct,emblem_x_banner_cov50_0,4,emblem_x_banner,0.5,cov50,0.497214,0.3129459619522095,8.215870663144605,0.6850383865361978,roi_failure,target_bbox_fallback,false
attentive_eraser_visible_mask_3pct,emblem_x_banner_cov50_1,0,emblem_x_banner,0.5,cov50,0.486007,0.2715822458267212,8.736872580819513,0.7421654920067918,roi_failure,target_bbox_fallback,false
attentive_eraser_visible_mask_3pct,emblem_x_banner_cov50_1,1,emblem_x_banner,0.5,cov50,0.486007,0.2753082513809204,8.462127122857886,0.731646542431966,roi_failure,target_bbox_fallback,false
attentive_eraser_visible_mask_3pct,emblem_x_banner_cov50_1,2,emblem_x_banner,0.5,cov50,0.486007,0.2580104470252991,8.570602393361638,0.7373544065153784,roi_failure,target_bbox_fallback,false
attentive_eraser_visible_mask_3pct,emblem_x_banner_cov50_1,3,emblem_x_banner,0.5,cov50,0.486007,0.2645881175994873,8.40310426673806,0.7284929630064033,roi_failure,target_bbox_fallback,false
attentive_eraser_visible_mask_3pct,emblem_x_banner_cov50_1,4,emblem_x_banner,0.5,cov50,0.486007,0.2668725252151489,8.411966548110541,0.7297553998182934,roi_failure,target_bbox_fallback,true
attentive_eraser_visible_mask_3pct,emblem_x_banner_cov50_2,0,emblem_x_banner,0.5,cov50,0.505033,0.31755688786506653,7.239926983480245,0.656834031219014,roi_failure,target_bbox_fallback,false
attentive_eraser_visible_mask_3pct,emblem_x_banner_cov50_2,1,emblem_x_banner,0.5,cov50,0.505033,0.32537972927093506,7.047473547523716,0.6478630376624251,roi_failure,target_bbox_fallback,true
attentive_eraser_visible_mask_3pct,emblem_x_banner_cov50_2,2,emblem_x_banner,0.5,cov50,0.505033,0.3211134374141693,7.143191742658378,0.6507010546548108,roi_failure,target_bbox_fallback,false
attentive_eraser_visible_mask_3pct,emblem_x_banner_cov50_2,3,emblem_x_banner,0.5,cov50,0.505033,0.33222419023513794,7.084329921693433,0.6475504281478197,roi_failure,target_bbox_fallback,false
attentive_eraser_visible_mask_3pct,emblem_x_banner_cov50_2,4,emblem_x_banner,0.5,cov50,0.505033,0.3274930715560913,7.152146783142177,0.6515101623451577,roi_failure,target_bbox_fallback,false
attentive_eraser_visible_mask_3pct,food_x_plate_cov70_0,0,food_x_plate,0.7,cov70,0.713963,0.6274659037590027,3.8264387861636773,0.30860935266431017,roi_failure,target_bbox_fallback,false
attentive_eraser_visible_mask_3pct,food_x_plate_cov70_0,1,food_x_plate,0.7,cov70,0.713963,0.6430262327194214,3.8100050377550865,0.31092729830796473,roi_failure,target_bbox_fallback,false
attentive_eraser_visible_mask_3pct,food_x_plate_cov70_0,2,food_x_plate,0.7,cov70,0.713963,0.631647527217865,3.8445967428206265,0.3145889240111539,roi_failure,target_bbox_fallback,true
attentive_eraser_visible_mask_3pct,food_x_plate_cov70_0,3,food_x_plate,0.7,cov70,0.713963,0.635113537311554,3.8063649841102776,0.30592954843542813,roi_failure,target_bbox_fallback,false
attentive_eraser_visible_mask_3pct,food_x_plate_cov70_0,4,food_x_plate,0.7,cov70,0.713963,0.630217969417572,3.846731491363146,0.31405152036524975,roi_failure,target_bbox_fallback,false
attentive_eraser_visible_mask_3pct,food_x_plate_cov70_1,0,food_x_plate,0.7,cov70,0.695275,0.6204403638839722,4.0939630680844665,0.31862323295910455,roi_failure,target_bbox_fallback,true
attentive_eraser_visible_mask_3pct,food_x_plate_cov70_1,1,food_x_plate,0.7,cov70,0.695275,0.6281318664550781,4.130511515954375,0.3211161031761194,roi_failure,target_bbox_fallback,false
attentive_eraser_visible_mask_3pct,food_x_plate_cov70_1,2,food_x_plate,0.7,cov70,0.695275,0.6160099506378174,4.126850805022547,0.3227820639150266,roi_failure,target_bbox_fallback,false
attentive_eraser_visible_mask_3pct,food_x_plate_cov70_1,3,food_x_plate,0.7,cov70,0.695275,0.6252391934394836,4.105944517122577,0.3213501107524001,roi_failure,target_bbox_fallback,false
attentive_eraser_visible_mask_3pct,food_x_plate_cov70_1,4,food_x_plate,0.7,cov70,0.695275,0.6061172485351562,4.168170245471034,0.33232514053557183,roi_failure,target_bbox_fallback,false
attentive_eraser_visible_mask_3pct,food_x_plate_cov70_2,0,food_x_plate,0.7,cov70,0.695829,0.6123372912406921,4.060954246798807,0.34386316336039674,roi_failure,target_bbox_fallback,false
attentive_eraser_visible_mask_3pct,food_x_plate_cov70_2,1,food_x_plate,0.7,cov70,0.695829,0.6055019497871399,4.095846790238142,0.3470957745820276,roi_failure,target_bbox_fallback,false
attentive_eraser_visible_mask_3pct,food_x_plate_cov70_2,2,food_x_plate,0.7,cov70,0.695829,0.6069344878196716,4.1109779502072294,0.35583847872941937,roi_failure,target_bbox_fallback,true
attentive_eraser_visible_mask_3pct,food_x_plate_cov70_2,3,food_x_plate,0.7,cov70,0.695829,0.6118975877761841,4.07471883365683,0.34117844662291713,roi_failure,target_bbox_fallback,false
attentive_eraser_visible_mask_3pct,food_x_plate_cov70_2,4,food_x_plate,0.7,cov70,0.695829,0.5901077389717102,4.165911209889834,0.36146888614919925,roi_failure,target_bbox_fallback,false
attentive_eraser_visible_mask_3pct,coin_x_chest_cov70_0,0,coin_x_chest,0.7,cov70,0.7127,0.6504552364349365,8.675468108297718,0.4055193084867798,roi_failure,target_bbox_fallback,true
attentive_eraser_visible_mask_3pct,coin_x_chest_cov70_0,1,coin_x_chest,0.7,cov70,0.7127,0.6507806777954102,8.623808558605138,0.3919912612478161,roi_failure,target_bbox_fallback,false
attentive_eraser_visible_mask_3pct,coin_x_chest_cov70_0,2,coin_x_chest,0.7,cov70,0.7127,0.6387224197387695,8.628642626942874,0.41135809358681436,roi_failure,target_bbox_fallback,false
attentive_eraser_visible_mask_3pct,coin_x_chest_cov70_0,3,coin_x_chest,0.7,cov70,0.7127,0.648326575756073,8.593515014712505,0.4077141699646134,roi_failure,target_bbox_fallback,false
attentive_eraser_visible_mask_3pct,coin_x_chest_cov70_0,4,coin_x_chest,0.7,cov70,0.7127,0.6553177237510681,8.661020835651284,0.40878933843108656,roi_failure,target_bbox_fallback,false
attentive_eraser_visible_mask_3pct,coin_x_chest_cov70_1,0,coin_x_chest,0.7,cov70,0.709374,0.6692494750022888,8.881393937668339,0.3650458980156248,roi_failure,target_bbox_fallback,true
attentive_eraser_visible_mask_3pct,coin_x_chest_cov70_1,1,coin_x_chest,0.7,cov70,0.709374,0.6683531999588013,8.84786025510938,0.3655421369924576,roi_failure,target_bbox_fallback,false
attentive_eraser_visible_mask_3pct,coin_x_chest_cov70_1,2,coin_x_chest,0.7,cov70,0.709374,0.6857525110244751,8.75437014563127,0.35638439817003675,roi_failure,target_bbox_fallback,false
attentive_eraser_visible_mask_3pct,coin_x_chest_cov70_1,3,coin_x_chest,0.7,cov70,0.709374,0.6536076068878174,8.914848829733998,0.37041262712909734,roi_failure,target_bbox_fallback,false
attentive_eraser_visible_mask_3pct,coin_x_chest_cov70_1,4,coin_x_chest,0.7,cov70,0.709374,0.6747167110443115,8.882503306665289,0.3614947536356497,roi_failure,target_bbox_fallback,false
attentive_eraser_visible_mask_3pct,coin_x_chest_cov70_2,0,coin_x_chest,0.7,cov70,0.707081,0.7405778169631958,8.095305180387149,0.27072356565855954,roi_failure,target_bbox_fallback,false
attentive_eraser_visible_mask_3pct,coin_x_chest_cov70_2,1,coin_x_chest,0.7,cov70,0.707081,0.7499892711639404,7.9922112704069015,0.2573397046879338,roi_failure,target_bbox_fallback,false
attentive_eraser_visible_mask_3pct,coin_x_chest_cov70_2,2,coin_x_chest,0.7,cov70,0.707081,0.7180653214454651,8.170596415988198,0.27806374996344424,roi_failure,target_bbox_fallback,false
attentive_eraser_visible_mask_3pct,coin_x_chest_cov70_2,3,coin_x_chest,0.7,cov70,0.707081,0.7355636358261108,8.025969451192477,0.27134958413762167,roi_failure,target_bbox_fallback,false
attentive_eraser_visible_mask_3pct,coin_x_chest_cov70_2,4,coin_x_chest,0.7,cov70,0.707081,0.736190915107727,8.090592900960658,0.266808209601549,roi_failure,target_bbox_fallback,true
attentive_eraser_visible_mask_3pct,key_x_lock_cov50_0,0,key_x_lock,0.5,cov50,0.485743,0.41964298486709595,8.308033271092022,0.5869908387448962,roi_failure,target_bbox_fallback,false
attentive_eraser_visible_mask_3pct,key_x_lock_cov50_0,1,key_x_lock,0.5,cov50,0.485743,0.41270899772644043,8.23971075968391,0.609828392010418,roi_failure,target_bbox_fallback,true
attentive_eraser_visible_mask_3pct,key_x_lock_cov50_0,2,key_x_lock,0.5,cov50,0.485743,0.40626052021980286,8.390417872549369,0.6152269917611326,roi_failure,target_bbox_fallback,false
attentive_eraser_visible_mask_3pct,key_x_lock_cov50_0,3,key_x_lock,0.5,cov50,0.485743,0.41404014825820923,8.322610413947944,0.5915363822592864,roi_failure,target_bbox_fallback,false
attentive_eraser_visible_mask_3pct,key_x_lock_cov50_0,4,key_x_lock,0.5,cov50,0.485743,0.3967263996601105,8.480281599356852,0.6009091229779532,roi_failure,target_bbox_fallback,false
attentive_eraser_visible_mask_3pct,key_x_lock_cov50_1,0,key_x_lock,0.5,cov50,0.498359,0.3654881715774536,9.512901540016623,0.6495413803915633,roi_failure,target_bbox_fallback,false
attentive_eraser_visible_mask_3pct,key_x_lock_cov50_1,1,key_x_lock,0.5,cov50,0.498359,0.5921983122825623,6.955199107717823,0.23919035614378847,ok,located,false
attentive_eraser_visible_mask_3pct,key_x_lock_cov50_1,2,key_x_lock,0.5,cov50,0.498359,0.571178138256073,7.996971352451851,0.4899164355800674,ok,located,false
attentive_eraser_visible_mask_3pct,key_x_lock_cov50_1,3,key_x_lock,0.5,cov50,0.498359,0.3656559884548187,9.472751598254538,0.6410449870298452,roi_failure,target_bbox_fallback,false
attentive_eraser_visible_mask_3pct,key_x_lock_cov50_1,4,key_x_lock,0.5,cov50,0.498359,0.38572993874549866,9.248811209969306,0.6339130573499739,roi_failure,target_bbox_fallback,true
attentive_eraser_visible_mask_3pct,key_x_lock_cov50_2,0,key_x_lock,0.5,cov50,0.511836,0.37408506870269775,9.686018818835672,0.6221515417710365,roi_failure,target_bbox_fallback,true
attentive_eraser_visible_mask_3pct,key_x_lock_cov50_2,1,key_x_lock,0.5,cov50,0.511836,0.3642663359642029,9.698518155808765,0.6291992969661571,roi_failure,target_bbox_fallback,false
attentive_eraser_visible_mask_3pct,key_x_lock_cov50_2,2,key_x_lock,0.5,cov50,0.511836,0.3735414445400238,9.578113592818037,0.6191792557081199,roi_failure,target_bbox_fallback,false
attentive_eraser_visible_mask_3pct,key_x_lock_cov50_2,3,key_x_lock,0.5,cov50,0.511836,0.39121007919311523,9.3386773626564,0.6134280856555313,roi_failure,target_bbox_fallback,false
attentive_eraser_visible_mask_3pct,key_x_lock_cov50_2,4,key_x_lock,0.5,cov50,0.511836,0.3871779143810272,9.331292879971869,0.6245354132055027,roi_failure,target_bbox_fallback,false
attentive_eraser_visible_mask_3pct,potion_x_crate_cov50_0,0,potion_x_crate,0.5,cov50,0.518319,0.7614225149154663,9.376035386749844,0.3009192051386978,ok,located,true
attentive_eraser_visible_mask_3pct,potion_x_crate_cov50_0,1,potion_x_crate,0.5,cov50,0.518319,0.7662034630775452,9.473064146547772,0.3014946228345487,ok,located,false
attentive_eraser_visible_mask_3pct,potion_x_crate_cov50_0,2,potion_x_crate,0.5,cov50,0.518319,0.7909799218177795,9.0654402093435,0.29081399872142755,ok,located,false
attentive_eraser_visible_mask_3pct,potion_x_crate_cov50_0,3,potion_x_crate,0.5,cov50,0.518319,0.7580933570861816,9.34643633510298,0.29966416385928424,ok,located,false
attentive_eraser_visible_mask_3pct,potion_x_crate_cov50_0,4,potion_x_crate,0.5,cov50,0.518319,0.7397792935371399,9.567436559173709,0.3155853642993296,ok,located,false
attentive_eraser_visible_mask_3pct,potion_x_crate_cov50_1,0,potion_x_crate,0.5,cov50,0.505658,0.6901335120201111,9.994151819972084,0.36988656260221403,ok,located,true
attentive_eraser_visible_mask_3pct,potion_x_crate_cov50_1,1,potion_x_crate,0.5,cov50,0.505658,0.6860568523406982,10.109426383603404,0.36387569321029983,ok,located,false
attentive_eraser_visible_mask_3pct,potion_x_crate_cov50_1,2,potion_x_crate,0.5,cov50,0.505658,0.7093806266784668,9.82708015563041,0.3735786596170226,ok,located,false
attentive_eraser_visible_mask_3pct,potion_x_crate_cov50_1,3,potion_x_crate,0.5,cov50,0.505658,0.7141003012657166,9.533465002790413,0.37199288029447497,ok,located,false
attentive_eraser_visible_mask_3pct,potion_x_crate_cov50_1,4,potion_x_crate,0.5,cov50,0.505658,0.6862555742263794,9.99357159451437,0.35995085356302464,ok,located,false
attentive_eraser_visible_mask_3pct,potion_x_crate_cov50_2,0,potion_x_crate,0.5,cov50,0.514935,0.6812562942504883,10.652854218491811,0.3580512402537819,ok,located,false
attentive_eraser_visible_mask_3pct,potion_x_crate_cov50_2,1,potion_x_crate,0.5,cov50,0.514935,0.6925040483474731,10.837492380086864,0.3820485710124119,ok,located,true
attentive_eraser_visible_mask_3pct,potion_x_crate_cov50_2,2,potion_x_crate,0.5,cov50,0.514935,0.700669527053833,10.517295510227477,0.3622840362034552,ok,located,false
attentive_eraser_visible_mask_3pct,potion_x_crate_cov50_2,3,potion_x_crate,0.5,cov50,0.514935,0.7313317060470581,10.265044542947113,0.36574635787632664,ok,located,false
attentive_eraser_visible_mask_3pct,potion_x_crate_cov50_2,4,potion_x_crate,0.5,cov50,0.514935,0.6718077063560486,10.817079064215227,0.3704402331571277,ok,located,false
attentive_eraser_visible_mask_3pct,gem_x_ring_cov30_0,0,gem_x_ring,0.3,cov30,0.299812,0.41796234250068665,8.724331683950195,0.45657661486868245,ok,located,false
attentive_eraser_visible_mask_3pct,gem_x_ring_cov30_0,1,gem_x_ring,0.3,cov30,0.299812,0.3978053033351898,8.94884820962173,0.4619094918489572,ok,located,true
attentive_eraser_visible_mask_3pct,gem_x_ring_cov30_0,2,gem_x_ring,0.3,cov30,0.299812,0.4192562997341156,8.71411488452386,0.4559662856850031,ok,located,false
attentive_eraser_visible_mask_3pct,gem_x_ring_cov30_0,3,gem_x_ring,0.3,cov30,0.299812,0.3961241543292999,8.965284595988068,0.47243373872657396,ok,located,false
attentive_eraser_visible_mask_3pct,gem_x_ring_cov30_0,4,gem_x_ring,0.3,cov30,0.299812,0.36596840620040894,9.305621591024352,0.47952038057625046,ok,located,false
attentive_eraser_visible_mask_3pct,gem_x_ring_cov30_1,0,gem_x_ring,0.3,cov30,0.287595,0.4243629276752472,8.418731873841182,0.4725329446209052,ok,located,false
attentive_eraser_visible_mask_3pct,gem_x_ring_cov30_1,1,gem_x_ring,0.3,cov30,0.287595,0.4334627687931061,8.301822084381174,0.4756017746839711,ok,located,false
attentive_eraser_visible_mask_3pct,gem_x_ring_cov30_1,2,gem_x_ring,0.3,cov30,0.287595,0.43400639295578003,8.312155276654012,0.47209705963541354,ok,located,false
attentive_eraser_visible_mask_3pct,gem_x_ring_cov30_1,3,gem_x_ring,0.3,cov30,0.287595,0.42543697357177734,8.418037751104503,0.4751933923138552,ok,located,true
attentive_eraser_visible_mask_3pct,gem_x_ring_cov30_1,4,gem_x_ring,0.3,cov30,0.287595,0.4199017286300659,8.49372375648472,0.48262571219916506,ok,located,false
attentive_eraser_visible_mask_3pct,gem_x_ring_cov30_2,0,gem_x_ring,0.3,cov30,0.290504,0.36380982398986816,8.904442486131426,0.5320861480534317,ok,located,false
attentive_eraser_visible_mask_3pct,gem_x_ring_cov30_2,1,gem_x_ring,0.3,cov30,0.290504,0.362577348947525,8.937996224827945,0.5351259925696226,ok,located,false
attentive_eraser_visible_mask_3pct,gem_x_ring_cov30_2,2,gem_x_ring,0.3,cov30,0.290504,0.3611346185207367,8.894268449521057,0.5349058383769978,ok,located,true
attentive_eraser_visible_mask_3pct,gem_x_ring_cov30_2,3,gem_x_ring,0.3,cov30,0.290504,0.3588186502456665,8.9147494290912,0.5349634729406375,ok,located,false
attentive_eraser_visible_mask_3pct,gem_x_ring_cov30_2,4,gem_x_ring,0.3,cov30,0.290504,0.34876346588134766,9.039542593902144,0.5359928526666581,ok,located,false
attentive_eraser_visible_mask_3pct,pen_x_book_cov30_0,0,pen_x_book,0.3,cov30,0.310811,0.23345597088336945,18.445218400268352,0.8404193972739827,ok,located,false
attentive_eraser_visible_mask_3pct,pen_x_book_cov30_0,1,pen_x_book,0.3,cov30,0.310811,0.31254053115844727,17.530454688587053,0.788914198953406,ok,located,true
attentive_eraser_visible_mask_3pct,pen_x_book_cov30_0,2,pen_x_book,0.3,cov30,0.310811,0.38059201836586,15.914088920099116,0.7432805839923571,ok,located,false
attentive_eraser_visible_mask_3pct,pen_x_book_cov30_0,3,pen_x_book,0.3,cov30,0.310811,0.2145403027534485,19.265515547352756,0.835774444442516,ok,located,false
attentive_eraser_visible_mask_3pct,pen_x_book_cov30_0,4,pen_x_book,0.3,cov30,0.310811,0.37437382340431213,15.988876360334912,0.7406645758182718,ok,located,false
attentive_eraser_visible_mask_3pct,pen_x_book_cov30_1,0,pen_x_book,0.3,cov30,0.304428,0.258613258600235,16.946269724031943,0.7724768080217159,ok,located,false
attentive_eraser_visible_mask_3pct,pen_x_book_cov30_1,1,pen_x_book,0.3,cov30,0.304428,0.22009077668190002,18.173650829913967,0.7960672402663485,ok,located,false
attentive_eraser_visible_mask_3pct,pen_x_book_cov30_1,2,pen_x_book,0.3,cov30,0.304428,0.22704988718032837,18.37109478925638,0.8115436691986816,ok,located,true
attentive_eraser_visible_mask_3pct,pen_x_book_cov30_1,3,pen_x_book,0.3,cov30,0.304428,0.21924430131912231,18.4181232135504,0.7778925746165561,ok,located,false
attentive_eraser_visible_mask_3pct,pen_x_book_cov30_1,4,pen_x_book,0.3,cov30,0.304428,0.23902617394924164,17.804808886776442,0.7794077418333333,ok,located,false
attentive_eraser_visible_mask_3pct,pen_x_book_cov30_2,0,pen_x_book,0.3,cov30,0.306125,0.17965848743915558,20.63649555815633,0.8684974887283636,ok,located,true
attentive_eraser_visible_mask_3pct,pen_x_book_cov30_2,1,pen_x_book,0.3,cov30,0.306125,0.17990636825561523,20.7386303569888,0.8746305104859737,ok,located,false
attentive_eraser_visible_mask_3pct,pen_x_book_cov30_2,2,pen_x_book,0.3,cov30,0.306125,0.04391414672136307,28.490008598602365,0.944354847793587,ok,located,false
attentive_eraser_visible_mask_3pct,pen_x_book_cov30_2,3,pen_x_book,0.3,cov30,0.306125,0.17507605254650116,20.761871402713652,0.8712534031704532,ok,located,false
attentive_eraser_visible_mask_3pct,pen_x_book_cov30_2,4,pen_x_book,0.3,cov30,0.306125,0.24478431046009064,18.882229841017725,0.8323728327651723,ok,located,false
attentive_eraser_visible_mask_3pct,sword_x_shield_cov30_0,0,sword_x_shield,0.3,cov30,0.286166,0.17001855373382568,14.237655206784211,0.623549272941245,ok,located,false
attentive_eraser_visible_mask_3pct,sword_x_shield_cov30_0,1,sword_x_shield,0.3,cov30,0.286166,0.1572214514017105,16.132826065085403,0.6534132762704382,ok,located,false
attentive_eraser_visible_mask_3pct,sword_x_shield_cov30_0,2,sword_x_shield,0.3,cov30,0.286166,0.2151803970336914,13.481938049171587,0.5708427431746879,ok,located,true
attentive_eraser_visible_mask_3pct,sword_x_shield_cov30_0,3,sword_x_shield,0.3,cov30,0.286166,0.25536513328552246,12.809830346710458,0.5557434211802713,ok,located,false
attentive_eraser_visible_mask_3pct,sword_x_shield_cov30_0,4,sword_x_shield,0.3,cov30,0.286166,0.23122915625572205,12.666014574842023,0.5414223828908566,ok,located,false
attentive_eraser_visible_mask_3pct,sword_x_shield_cov30_1,0,sword_x_shield,0.3,cov30,0.280355,0.2276834398508072,12.508813028041772,0.5299481279181854,ok,located,false
attentive_eraser_visible_mask_3pct,sword_x_shield_cov30_1,1,sword_x_shield,0.3,cov30,0.280355,0.3603585958480835,10.35496742658623,0.4660686769315985,ok,located,false
attentive_eraser_visible_mask_3pct,sword_x_shield_cov30_1,2,sword_x_shield,0.3,cov30,0.280355,0.3393251299858093,10.72069086995516,0.4811629411658283,ok,located,true
attentive_eraser_visible_mask_3pct,sword_x_shield_cov30_1,3,sword_x_shield,0.3,cov30,0.280355,0.33801302313804626,10.787976503086693,0.4783325122882694,ok,located,false
attentive_eraser_visible_mask_3pct,sword_x_shield_cov30_1,4,sword_x_shield,0.3,cov30,0.280355,0.3526056408882141,10.510727730414846,0.4639899761681206,ok,located,false
attentive_eraser_visible_mask_3pct,sword_x_shield_cov30_2,0,sword_x_shield,0.3,cov30,0.284125,0.2404213398694992,12.408569860917439,0.5648594344216752,ok,located,false
attentive_eraser_visible_mask_3pct,sword_x_shield_cov30_2,1,sword_x_shield,0.3,cov30,0.284125,0.19578148424625397,14.23792545129585,0.613376430752583,ok,located,false
attentive_eraser_visible_mask_3pct,sword_x_shield_cov30_2,2,sword_x_shield,0.3,cov30,0.284125,0.25804898142814636,12.074673437042723,0.55633898352834,ok,located,false
attentive_eraser_visible_mask_3pct,sword_x_shield_cov30_2,3,sword_x_shield,0.3,cov30,0.284125,0.325431764125824,11.303249652482934,0.5380679914102157,ok,located,false
attentive_eraser_visible_mask_3pct,sword_x_shield_cov30_2,4,sword_x_shield,0.3,cov30,0.284125,0.25420480966567993,12.241939669802171,0.5618166650559527,ok,located,true
attentive_eraser_visible_mask_3pct,hammer_x_anvil_cov30_0,0,hammer_x_anvil,0.3,cov30,0.310627,0.46250027418136597,13.098981130904853,0.5624150285256504,ok,located,true
attentive_eraser_visible_mask_3pct,hammer_x_anvil_cov30_0,1,hammer_x_anvil,0.3,cov30,0.310627,0.5114933848381042,11.92445715408022,0.5041534106371621,ok,located,false
attentive_eraser_visible_mask_3pct,hammer_x_anvil_cov30_0,2,hammer_x_anvil,0.3,cov30,0.310627,0.45766520500183105,13.36657181119161,0.5840529637271342,ok,located,false
attentive_eraser_visible_mask_3pct,hammer_x_anvil_cov30_0,3,hammer_x_anvil,0.3,cov30,0.310627,0.47215646505355835,12.583652352936358,0.54254624378346,ok,located,false
attentive_eraser_visible_mask_3pct,hammer_x_anvil_cov30_0,4,hammer_x_anvil,0.3,cov30,0.310627,0.43889567255973816,14.004817576587861,0.6213628464077949,ok,located,false
attentive_eraser_visible_mask_3pct,hammer_x_anvil_cov30_1,0,hammer_x_anvil,0.3,cov30,0.280833,0.6252671480178833,10.438882375813758,0.4609930808781497,ok,located,false
attentive_eraser_visible_mask_3pct,hammer_x_anvil_cov30_1,1,hammer_x_anvil,0.3,cov30,0.280833,0.6517263650894165,10.437339309406752,0.4466369274295892,ok,located,true
attentive_eraser_visible_mask_3pct,hammer_x_anvil_cov30_1,2,hammer_x_anvil,0.3,cov30,0.280833,0.52546226978302,11.604622193337867,0.5515709893349469,ok,located,false
attentive_eraser_visible_mask_3pct,hammer_x_anvil_cov30_1,3,hammer_x_anvil,0.3,cov30,0.280833,0.6771453022956848,9.8069027528554,0.40263812639206725,ok,located,false
attentive_eraser_visible_mask_3pct,hammer_x_anvil_cov30_1,4,hammer_x_anvil,0.3,cov30,0.280833,0.6738844513893127,9.842517933757266,0.37811410742047435,ok,located,false
attentive_eraser_visible_mask_3pct,hammer_x_anvil_cov30_2,0,hammer_x_anvil,0.3,cov30,0.306076,0.22954975068569183,16.225380468407117,0.7679369796801411,ok,located,false
attentive_eraser_visible_mask_3pct,hammer_x_anvil_cov30_2,1,hammer_x_anvil,0.3,cov30,0.306076,0.2494755983352661,15.45931291962928,0.7574480890523446,ok,located,false
attentive_eraser_visible_mask_3pct,hammer_x_anvil_cov30_2,2,hammer_x_anvil,0.3,cov30,0.306076,0.6174471974372864,10.203360012120994,0.4602547383957096,ok,located,false
attentive_eraser_visible_mask_3pct,hammer_x_anvil_cov30_2,3,hammer_x_anvil,0.3,cov30,0.306076,0.6170393228530884,10.397313924245477,0.44162678886318324,ok,located,false
attentive_eraser_visible_mask_3pct,hammer_x_anvil_cov30_2,4,hammer_x_anvil,0.3,cov30,0.306076,0.2586808204650879,15.220030070772395,0.7506569646483902,ok,located,true
attentive_eraser_visible_mask_10pct,emblem_x_banner_cov50_0,0,emblem_x_banner,0.5,cov50,0.497214,0.3742995858192444,7.400330113288616,0.6237619941461356,roi_failure,target_bbox_fallback,false
attentive_eraser_visible_mask_10pct,emblem_x_banner_cov50_0,1,emblem_x_banner,0.5,cov50,0.497214,0.384868860244751,7.330662420114712,0.616527184632548,roi_failure,target_bbox_fallback,true
attentive_eraser_visible_mask_10pct,emblem_x_banner_cov50_0,2,emblem_x_banner,0.5,cov50,0.497214,0.3868708610534668,7.306296984471375,0.6120804447851245,roi_failure,target_bbox_fallback,false
attentive_eraser_visible_mask_10pct,emblem_x_banner_cov50_0,3,emblem_x_banner,0.5,cov50,0.497214,0.38149550557136536,7.333459493213991,0.6138971147190375,roi_failure,target_bbox_fallback,false
attentive_eraser_visible_mask_10pct,emblem_x_banner_cov50_0,4,emblem_x_banner,0.5,cov50,0.497214,0.3903443217277527,7.288485753723371,0.6116091656583474,roi_failure,target_bbox_fallback,false
attentive_eraser_visible_mask_10pct,emblem_x_banner_cov50_1,0,emblem_x_banner,0.5,cov50,0.486007,0.331999808549881,7.8254863251461675,0.6827951738709844,roi_failure,target_bbox_fallback,false
attentive_eraser_visible_mask_10pct,emblem_x_banner_cov50_1,1,emblem_x_banner,0.5,cov50,0.486007,0.3411901593208313,7.731436980120159,0.609975361977864,roi_failure,target_bbox_fallback,false
attentive_eraser_visible_mask_10pct,emblem_x_banner_cov50_1,2,emblem_x_banner,0.5,cov50,0.486007,0.3269593119621277,7.728495911197379,0.6790495044303175,roi_failure,target_bbox_fallback,false
attentive_eraser_visible_mask_10pct,emblem_x_banner_cov50_1,3,emblem_x_banner,0.5,cov50,0.486007,0.3345990478992462,7.754260397402893,0.6711714866950337,roi_failure,target_bbox_fallback,false
attentive_eraser_visible_mask_10pct,emblem_x_banner_cov50_1,4,emblem_x_banner,0.5,cov50,0.486007,0.3345176875591278,7.659525122568853,0.6683544686759241,roi_failure,target_bbox_fallback,true
attentive_eraser_visible_mask_10pct,emblem_x_banner_cov50_2,0,emblem_x_banner,0.5,cov50,0.505033,0.40804773569107056,6.203877733171973,0.5689923830877999,roi_failure,target_bbox_fallback,false
attentive_eraser_visible_mask_10pct,emblem_x_banner_cov50_2,1,emblem_x_banner,0.5,cov50,0.505033,0.40713727474212646,6.214411663601881,0.5692531613286201,roi_failure,target_bbox_fallback,true
attentive_eraser_visible_mask_10pct,emblem_x_banner_cov50_2,2,emblem_x_banner,0.5,cov50,0.505033,0.4101749360561371,6.180716805744356,0.5666251466931631,roi_failure,target_bbox_fallback,false
attentive_eraser_visible_mask_10pct,emblem_x_banner_cov50_2,3,emblem_x_banner,0.5,cov50,0.505033,0.40580853819847107,6.243111216850576,0.5759673976573776,roi_failure,target_bbox_fallback,false
attentive_eraser_visible_mask_10pct,emblem_x_banner_cov50_2,4,emblem_x_banner,0.5,cov50,0.505033,0.4045965075492859,6.243233243746521,0.5755097501142877,roi_failure,target_bbox_fallback,false
attentive_eraser_visible_mask_10pct,food_x_plate_cov70_0,0,food_x_plate,0.7,cov70,0.713963,0.8653010129928589,3.220891775196888,0.21323548317914928,roi_failure,target_bbox_fallback,false
attentive_eraser_visible_mask_10pct,food_x_plate_cov70_0,1,food_x_plate,0.7,cov70,0.713963,0.8409556150436401,3.2407847785463866,0.2094552819716121,roi_failure,target_bbox_fallback,false
attentive_eraser_visible_mask_10pct,food_x_plate_cov70_0,2,food_x_plate,0.7,cov70,0.713963,0.8521904945373535,3.228275490553812,0.21419807025583382,roi_failure,target_bbox_fallback,false
attentive_eraser_visible_mask_10pct,food_x_plate_cov70_0,3,food_x_plate,0.7,cov70,0.713963,0.8642873764038086,3.227681667084048,0.2083269240987661,roi_failure,target_bbox_fallback,false
attentive_eraser_visible_mask_10pct,food_x_plate_cov70_0,4,food_x_plate,0.7,cov70,0.713963,0.8630534410476685,3.2252339006958257,0.2118195795801728,roi_failure,target_bbox_fallback,true
attentive_eraser_visible_mask_10pct,food_x_plate_cov70_1,0,food_x_plate,0.7,cov70,0.695275,0.81805419921875,3.4390454305743234,0.22489923946986579,roi_failure,target_bbox_fallback,true
attentive_eraser_visible_mask_10pct,food_x_plate_cov70_1,1,food_x_plate,0.7,cov70,0.695275,0.7555389404296875,3.5143782106687316,0.2311477381240843,roi_failure,target_bbox_fallback,false
attentive_eraser_visible_mask_10pct,food_x_plate_cov70_1,2,food_x_plate,0.7,cov70,0.695275,0.7976311445236206,3.457390634946517,0.21787589149455733,roi_failure,target_bbox_fallback,false
attentive_eraser_visible_mask_10pct,food_x_plate_cov70_1,3,food_x_plate,0.7,cov70,0.695275,0.8182437419891357,3.454598014291972,0.20576808616679318,roi_failure,target_bbox_fallback,false
attentive_eraser_visible_mask_10pct,food_x_plate_cov70_1,4,food_x_plate,0.7,cov70,0.695275,0.8190293312072754,3.4496093590324364,0.2261778328759554,roi_failure,target_bbox_fallback,false
attentive_eraser_visible_mask_10pct,food_x_plate_cov70_2,0,food_x_plate,0.7,cov70,0.695829,0.7526519894599915,3.46564764532531,0.2409895608494669,roi_failure,target_bbox_fallback,false
attentive_eraser_visible_mask_10pct,food_x_plate_cov70_2,1,food_x_plate,0.7,cov70,0.695829,0.7507004737854004,3.4692920102155544,0.2446371383227317,roi_failure,target_bbox_fallback,true
attentive_eraser_visible_mask_10pct,food_x_plate_cov70_2,2,food_x_plate,0.7,cov70,0.695829,0.7501291036605835,3.4631102395325817,0.24290553213162636,roi_failure,target_bbox_fallback,false
attentive_eraser_visible_mask_10pct,food_x_plate_cov70_2,3,food_x_plate,0.7,cov70,0.695829,0.7552158236503601,3.4652523317278305,0.24251561854656742,roi_failure,target_bbox_fallback,false
attentive_eraser_visible_mask_10pct,food_x_plate_cov70_2,4,food_x_plate,0.7,cov70,0.695829,0.7474474906921387,3.4771766151054706,0.25190810783648043,roi_failure,target_bbox_fallback,false
attentive_eraser_visible_mask_10pct,coin_x_chest_cov70_0,0,coin_x_chest,0.7,cov70,0.7127,0.8902034759521484,7.719494514485783,0.3042691576630689,roi_failure,target_bbox_fallback,false
attentive_eraser_visible_mask_10pct,coin_x_chest_cov70_0,1,coin_x_chest,0.7,cov70,0.7127,0.8900622725486755,7.721211412103532,0.30400255994589526,roi_failure,target_bbox_fallback,false
attentive_eraser_visible_mask_10pct,coin_x_chest_cov70_0,2,coin_x_chest,0.7,cov70,0.7127,0.8902183771133423,7.720895445406468,0.30366669660265166,roi_failure,target_bbox_fallback,true
attentive_eraser_visible_mask_10pct,coin_x_chest_cov70_0,3,coin_x_chest,0.7,cov70,0.7127,0.8914568424224854,7.720563778773601,0.3033314760869015,roi_failure,target_bbox_fallback,false
attentive_eraser_visible_mask_10pct,coin_x_chest_cov70_0,4,coin_x_chest,0.7,cov70,0.7127,0.8904588222503662,7.719827264969956,0.3025969437914114,roi_failure,target_bbox_fallback,false
attentive_eraser_visible_mask_10pct,coin_x_chest_cov70_1,0,coin_x_chest,0.7,cov70,0.709374,0.853352427482605,8.066445220259675,0.2578151844898794,roi_failure,target_bbox_fallback,false
attentive_eraser_visible_mask_10pct,coin_x_chest_cov70_1,1,coin_x_chest,0.7,cov70,0.709374,0.8374466896057129,8.03419346672825,0.2587939319530889,roi_failure,target_bbox_fallback,false
attentive_eraser_visible_mask_10pct,coin_x_chest_cov70_1,2,coin_x_chest,0.7,cov70,0.709374,0.8476095199584961,8.026432078343769,0.2596313664065124,roi_failure,target_bbox_fallback,false
attentive_eraser_visible_mask_10pct,coin_x_chest_cov70_1,3,coin_x_chest,0.7,cov70,0.709374,0.8390990495681763,8.057656462249552,0.261323487569084,roi_failure,target_bbox_fallback,false
attentive_eraser_visible_mask_10pct,coin_x_chest_cov70_1,4,coin_x_chest,0.7,cov70,0.709374,0.84712153673172,8.012559142429508,0.25767225955724743,roi_failure,target_bbox_fallback,true
attentive_eraser_visible_mask_10pct,coin_x_chest_cov70_2,0,coin_x_chest,0.7,cov70,0.707081,0.9771541953086853,7.266544192370931,0.17400660686838373,roi_failure,target_bbox_fallback,false
attentive_eraser_visible_mask_10pct,coin_x_chest_cov70_2,1,coin_x_chest,0.7,cov70,0.707081,0.9765616059303284,7.269721646729993,0.17388998216071858,roi_failure,target_bbox_fallback,true
attentive_eraser_visible_mask_10pct,coin_x_chest_cov70_2,2,coin_x_chest,0.7,cov70,0.707081,0.9763357639312744,7.270173249991432,0.1731555636395442,roi_failure,target_bbox_fallback,false
attentive_eraser_visible_mask_10pct,coin_x_chest_cov70_2,3,coin_x_chest,0.7,cov70,0.707081,0.9758074283599854,7.269958421690338,0.17333131994109144,roi_failure,target_bbox_fallback,false
attentive_eraser_visible_mask_10pct,coin_x_chest_cov70_2,4,coin_x_chest,0.7,cov70,0.707081,0.9774167537689209,7.265208278296928,0.17319424767465977,roi_failure,target_bbox_fallback,false
attentive_eraser_visible_mask_10pct,key_x_lock_cov50_0,0,key_x_lock,0.5,cov50,0.485743,0.565332293510437,7.158171338797098,0.5087028373313744,roi_failure,target_bbox_fallback,false
attentive_eraser_visible_mask_10pct,key_x_lock_cov50_0,1,key_x_lock,0.5,cov50,0.485743,0.5607584118843079,7.207472020054027,0.5095793847078789,roi_failure,target_bbox_fallback,false
attentive_eraser_visible_mask_10pct,key_x_lock_cov50_0,2,key_x_lock,0.5,cov50,0.485743,0.5184127688407898,7.486455036250722,0.5302387185725417,roi_failure,target_bbox_fallback,false
attentive_eraser_visible_mask_10pct,key_x_lock_cov50_0,3,key_x_lock,0.5,cov50,0.485743,0.5473235845565796,7.18851548116748,0.5073470182546286,roi_failure,target_bbox_fallback,true
attentive_eraser_visible_mask_10pct,key_x_lock_cov50_0,4,key_x_lock,0.5,cov50,0.485743,0.5465617179870605,7.38605069265947,0.5258457898528496,roi_failure,target_bbox_fallback,false
attentive_eraser_visible_mask_10pct,key_x_lock_cov50_1,0,key_x_lock,0.5,cov50,0.498359,0.5200558304786682,7.979081376973081,0.5217435830736845,roi_failure,target_bbox_fallback,true
attentive_eraser_visible_mask_10pct,key_x_lock_cov50_1,1,key_x_lock,0.5,cov50,0.498359,0.5151958465576172,7.89747117804949,0.5217249258496243,roi_failure,target_bbox_fallback,false
attentive_eraser_visible_mask_10pct,key_x_lock_cov50_1,2,key_x_lock,0.5,cov50,0.498359,0.5216902494430542,7.918918866785568,0.5129330959760563,roi_failure,target_bbox_fallback,false
attentive_eraser_visible_mask_10pct,key_x_lock_cov50_1,3,key_x_lock,0.5,cov50,0.498359,0.5095259547233582,8.092614061314471,0.5152030151656674,roi_failure,target_bbox_fallback,false
attentive_eraser_visible_mask_10pct,key_x_lock_cov50_1,4,key_x_lock,0.5,cov50,0.498359,0.5285688042640686,7.896826202634136,0.5116472735187686,roi_failure,target_bbox_fallback,false
attentive_eraser_visible_mask_10pct,key_x_lock_cov50_2,0,key_x_lock,0.5,cov50,0.511836,0.4989520311355591,8.291925541537612,0.5065401117574427,roi_failure,target_bbox_fallback,false
attentive_eraser_visible_mask_10pct,key_x_lock_cov50_2,1,key_x_lock,0.5,cov50,0.511836,0.55354905128479,7.890612730598484,0.4951095661351728,roi_failure,target_bbox_fallback,false
attentive_eraser_visible_mask_10pct,key_x_lock_cov50_2,2,key_x_lock,0.5,cov50,0.511836,0.5385892391204834,8.08015171441227,0.5085294914219053,roi_failure,target_bbox_fallback,false
attentive_eraser_visible_mask_10pct,key_x_lock_cov50_2,3,key_x_lock,0.5,cov50,0.511836,0.5238790512084961,8.273142003357828,0.4790610743098436,roi_failure,target_bbox_fallback,true
attentive_eraser_visible_mask_10pct,key_x_lock_cov50_2,4,key_x_lock,0.5,cov50,0.511836,0.5000669956207275,8.353572682850283,0.5146212523501951,roi_failure,target_bbox_fallback,false
attentive_eraser_visible_mask_10pct,potion_x_crate_cov50_0,0,potion_x_crate,0.5,cov50,0.518319,0.5817967057228088,10.17497687842705,0.4690425302593432,roi_failure,target_bbox_fallback,false
attentive_eraser_visible_mask_10pct,potion_x_crate_cov50_0,1,potion_x_crate,0.5,cov50,0.518319,0.6353288888931274,9.286398246588481,0.40505116786486384,roi_failure,target_bbox_fallback,false
attentive_eraser_visible_mask_10pct,potion_x_crate_cov50_0,2,potion_x_crate,0.5,cov50,0.518319,0.6425847411155701,9.280640696703555,0.4039810197208671,roi_failure,target_bbox_fallback,true
attentive_eraser_visible_mask_10pct,potion_x_crate_cov50_0,3,potion_x_crate,0.5,cov50,0.518319,0.8114224672317505,8.77776000915296,0.28688553769164676,ok,located,false
attentive_eraser_visible_mask_10pct,potion_x_crate_cov50_0,4,potion_x_crate,0.5,cov50,0.518319,0.6511245965957642,9.164585109056421,0.3962393784534528,roi_failure,target_bbox_fallback,false
attentive_eraser_visible_mask_10pct,potion_x_crate_cov50_1,0,potion_x_crate,0.5,cov50,0.505658,0.6756453514099121,10.334083243331865,0.38260445861108794,ok,located,false
attentive_eraser_visible_mask_10pct,potion_x_crate_cov50_1,1,potion_x_crate,0.5,cov50,0.505658,0.7010205388069153,10.229638727179859,0.36452956926077507,ok,located,false
attentive_eraser_visible_mask_10pct,potion_x_crate_cov50_1,2,potion_x_crate,0.5,cov50,0.505658,0.5194316506385803,10.041509028247619,0.4977546495081406,roi_failure,target_bbox_fallback,false
attentive_eraser_visible_mask_10pct,potion_x_crate_cov50_1,3,potion_x_crate,0.5,cov50,0.505658,0.7167353630065918,9.68221514442722,0.3555536830420066,ok,located,false
attentive_eraser_visible_mask_10pct,potion_x_crate_cov50_1,4,potion_x_crate,0.5,cov50,0.505658,0.687962532043457,10.13711314971576,0.3683055354329809,ok,located,true
attentive_eraser_visible_mask_10pct,potion_x_crate_cov50_2,0,potion_x_crate,0.5,cov50,0.514935,0.4567808508872986,11.652476604502588,0.536573175552676,roi_failure,target_bbox_fallback,false
attentive_eraser_visible_mask_10pct,potion_x_crate_cov50_2,1,potion_x_crate,0.5,cov50,0.514935,0.7451859712600708,10.131533920985252,0.36547576684011207,ok,located,false
attentive_eraser_visible_mask_10pct,potion_x_crate_cov50_2,2,potion_x_crate,0.5,cov50,0.514935,0.49278560280799866,10.877403221105592,0.5068842810914184,roi_failure,target_bbox_fallback,true
attentive_eraser_visible_mask_10pct,potion_x_crate_cov50_2,3,potion_x_crate,0.5,cov50,0.514935,0.4884718060493469,10.971676478621733,0.5155952150283653,roi_failure,target_bbox_fallback,false
attentive_eraser_visible_mask_10pct,potion_x_crate_cov50_2,4,potion_x_crate,0.5,cov50,0.514935,0.5073751211166382,11.02491354762467,0.4842968081123296,roi_failure,target_bbox_fallback,false
attentive_eraser_visible_mask_10pct,gem_x_ring_cov30_0,0,gem_x_ring,0.3,cov30,0.299812,0.5106221437454224,7.685975690418621,0.37064960472297354,ok,located,true
attentive_eraser_visible_mask_10pct,gem_x_ring_cov30_0,1,gem_x_ring,0.3,cov30,0.299812,0.5169101357460022,7.615011183368747,0.37153139091560133,ok,located,false
attentive_eraser_visible_mask_10pct,gem_x_ring_cov30_0,2,gem_x_ring,0.3,cov30,0.299812,0.5142790079116821,7.683298656916417,0.4064309668002634,ok,located,false
attentive_eraser_visible_mask_10pct,gem_x_ring_cov30_0,3,gem_x_ring,0.3,cov30,0.299812,0.47729337215423584,8.08376657605322,0.4149575272003596,ok,located,false
attentive_eraser_visible_mask_10pct,gem_x_ring_cov30_0,4,gem_x_ring,0.3,cov30,0.299812,0.507811427116394,7.727805964582812,0.38223030306769284,ok,located,false
attentive_eraser_visible_mask_10pct,gem_x_ring_cov30_1,0,gem_x_ring,0.3,cov30,0.287595,0.46862176060676575,8.13241034349451,0.4680959883984038,ok,located,false
attentive_eraser_visible_mask_10pct,gem_x_ring_cov30_1,1,gem_x_ring,0.3,cov30,0.287595,0.524146556854248,7.716480706913469,0.44919751284954207,ok,located,false
attentive_eraser_visible_mask_10pct,gem_x_ring_cov30_1,2,gem_x_ring,0.3,cov30,0.287595,0.4822945296764374,7.9495074362686555,0.4560922322444543,ok,located,false
attentive_eraser_visible_mask_10pct,gem_x_ring_cov30_1,3,gem_x_ring,0.3,cov30,0.287595,0.49897798895835876,7.838952639886187,0.4505475451957835,ok,located,true
attentive_eraser_visible_mask_10pct,gem_x_ring_cov30_1,4,gem_x_ring,0.3,cov30,0.287595,0.5122515559196472,7.7659815489402,0.4396867259537634,ok,located,false
attentive_eraser_visible_mask_10pct,gem_x_ring_cov30_2,0,gem_x_ring,0.3,cov30,0.290504,0.4729321599006653,7.829500214660339,0.48575919971734133,ok,located,false
attentive_eraser_visible_mask_10pct,gem_x_ring_cov30_2,1,gem_x_ring,0.3,cov30,0.290504,0.47343242168426514,7.820044700179725,0.485850782286038,ok,located,false
attentive_eraser_visible_mask_10pct,gem_x_ring_cov30_2,2,gem_x_ring,0.3,cov30,0.290504,0.47226524353027344,7.8295806556886465,0.4848424268317504,ok,located,false
attentive_eraser_visible_mask_10pct,gem_x_ring_cov30_2,3,gem_x_ring,0.3,cov30,0.290504,0.47293102741241455,7.826293854633327,0.4794974787735174,ok,located,true
attentive_eraser_visible_mask_10pct,gem_x_ring_cov30_2,4,gem_x_ring,0.3,cov30,0.290504,0.4687125086784363,7.840806007477779,0.48792101572449936,ok,located,false
attentive_eraser_visible_mask_10pct,pen_x_book_cov30_0,0,pen_x_book,0.3,cov30,0.310811,0.11578822880983353,20.723794463329423,0.8711719104849931,ok,located,false
attentive_eraser_visible_mask_10pct,pen_x_book_cov30_0,1,pen_x_book,0.3,cov30,0.310811,0.5579524636268616,12.51719413190763,0.551688095878121,roi_failure,target_bbox_fallback,false
attentive_eraser_visible_mask_10pct,pen_x_book_cov30_0,2,pen_x_book,0.3,cov30,0.310811,0.2723976969718933,16.591452308008346,0.6616500262484644,ok,located,false
attentive_eraser_visible_mask_10pct,pen_x_book_cov30_0,3,pen_x_book,0.3,cov30,0.310811,0.28743085265159607,18.308929236141555,0.8167106771342679,ok,located,true
attentive_eraser_visible_mask_10pct,pen_x_book_cov30_0,4,pen_x_book,0.3,cov30,0.310811,0.535754919052124,13.097678522170035,0.5473158398000878,ok,located,false
attentive_eraser_visible_mask_10pct,pen_x_book_cov30_1,0,pen_x_book,0.3,cov30,0.304428,0.1705799102783203,20.69373758370496,0.8135141093684544,ok,located,false
attentive_eraser_visible_mask_10pct,pen_x_book_cov30_1,1,pen_x_book,0.3,cov30,0.304428,0.36456698179244995,14.120373546479104,0.6434809600018613,ok,located,true
attentive_eraser_visible_mask_10pct,pen_x_book_cov30_1,2,pen_x_book,0.3,cov30,0.304428,0.6962124109268188,10.07248631997511,0.31660490761860344,ok,located,false
attentive_eraser_visible_mask_10pct,pen_x_book_cov30_1,3,pen_x_book,0.3,cov30,0.304428,0.2596524655818939,18.337498455888767,0.7665536412189686,ok,located,false
attentive_eraser_visible_mask_10pct,pen_x_book_cov30_1,4,pen_x_book,0.3,cov30,0.304428,0.4001903831958771,14.408981836023699,0.6388384533805151,ok,located,false
attentive_eraser_visible_mask_10pct,pen_x_book_cov30_2,0,pen_x_book,0.3,cov30,0.306125,0.19973362982273102,24.29888188314065,0.8664392542322922,ok,located,false
attentive_eraser_visible_mask_10pct,pen_x_book_cov30_2,1,pen_x_book,0.3,cov30,0.306125,0.21943266689777374,19.85589807211334,0.8509838710288617,ok,located,true
attentive_eraser_visible_mask_10pct,pen_x_book_cov30_2,2,pen_x_book,0.3,cov30,0.306125,0.06492316722869873,27.44382667538963,0.8996753147530471,ok,located,false
attentive_eraser_visible_mask_10pct,pen_x_book_cov30_2,3,pen_x_book,0.3,cov30,0.306125,0.3506307601928711,17.035345647765677,0.7629505845575798,ok,located,false
attentive_eraser_visible_mask_10pct,pen_x_book_cov30_2,4,pen_x_book,0.3,cov30,0.306125,0.3307284712791443,15.265221457894668,0.6332533339186929,ok,located,false
attentive_eraser_visible_mask_10pct,sword_x_shield_cov30_0,0,sword_x_shield,0.3,cov30,0.286166,0.547130286693573,10.248206695399508,0.5297311934610841,ok,located,false
attentive_eraser_visible_mask_10pct,sword_x_shield_cov30_0,1,sword_x_shield,0.3,cov30,0.286166,0.49289944767951965,10.914966194547496,0.5378678778025132,ok,located,true
attentive_eraser_visible_mask_10pct,sword_x_shield_cov30_0,2,sword_x_shield,0.3,cov30,0.286166,0.48224103450775146,11.067972064143007,0.5637668030557975,ok,located,false
attentive_eraser_visible_mask_10pct,sword_x_shield_cov30_0,3,sword_x_shield,0.3,cov30,0.286166,0.5611239671707153,8.940518866892788,0.30908940090695936,ok,located,false
attentive_eraser_visible_mask_10pct,sword_x_shield_cov30_0,4,sword_x_shield,0.3,cov30,0.286166,0.36520102620124817,11.691220822661876,0.6082932630092827,roi_failure,target_bbox_fallback,false
attentive_eraser_visible_mask_10pct,sword_x_shield_cov30_1,0,sword_x_shield,0.3,cov30,0.280355,0.550040066242218,9.542183759940174,0.521905492431364,ok,located,false
attentive_eraser_visible_mask_10pct,sword_x_shield_cov30_1,1,sword_x_shield,0.3,cov30,0.280355,0.3973289728164673,10.429987227182618,0.47719808357419846,ok,located,true
attentive_eraser_visible_mask_10pct,sword_x_shield_cov30_1,2,sword_x_shield,0.3,cov30,0.280355,0.4538942575454712,10.644545040919738,0.5593941390728632,ok,located,false
attentive_eraser_visible_mask_10pct,sword_x_shield_cov30_1,3,sword_x_shield,0.3,cov30,0.280355,0.36767250299453735,10.262928594898888,0.6138469203176822,roi_failure,target_bbox_fallback,false
attentive_eraser_visible_mask_10pct,sword_x_shield_cov30_1,4,sword_x_shield,0.3,cov30,0.280355,0.38127845525741577,10.12545924493934,0.6146726827459252,roi_failure,target_bbox_fallback,false
attentive_eraser_visible_mask_10pct,sword_x_shield_cov30_2,0,sword_x_shield,0.3,cov30,0.284125,0.5431123375892639,10.522692272801065,0.5404865855489632,ok,located,false
attentive_eraser_visible_mask_10pct,sword_x_shield_cov30_2,1,sword_x_shield,0.3,cov30,0.284125,0.4968522787094116,9.12352112996848,0.38460875152815643,ok,located,true
attentive_eraser_visible_mask_10pct,sword_x_shield_cov30_2,2,sword_x_shield,0.3,cov30,0.284125,0.4488840699195862,11.538002876500336,0.6019318377356054,ok,located,false
attentive_eraser_visible_mask_10pct,sword_x_shield_cov30_2,3,sword_x_shield,0.3,cov30,0.284125,0.48345309495925903,11.002879323500123,0.5589056983737363,ok,located,false
attentive_eraser_visible_mask_10pct,sword_x_shield_cov30_2,4,sword_x_shield,0.3,cov30,0.284125,0.5684120655059814,10.042740334621898,0.4997668503489227,ok,located,false
attentive_eraser_visible_mask_10pct,hammer_x_anvil_cov30_0,0,hammer_x_anvil,0.3,cov30,0.310627,0.4259708523750305,13.604332024861076,0.6101109835477388,ok,located,false
attentive_eraser_visible_mask_10pct,hammer_x_anvil_cov30_0,1,hammer_x_anvil,0.3,cov30,0.310627,0.31831836700439453,15.523171332548703,0.7829492156845834,roi_failure,target_bbox_fallback,false
attentive_eraser_visible_mask_10pct,hammer_x_anvil_cov30_0,2,hammer_x_anvil,0.3,cov30,0.310627,0.3233327269554138,15.512998747743135,0.7809625400528009,roi_failure,target_bbox_fallback,true
attentive_eraser_visible_mask_10pct,hammer_x_anvil_cov30_0,3,hammer_x_anvil,0.3,cov30,0.310627,0.32298168540000916,15.444858127604116,0.7807613129594145,roi_failure,target_bbox_fallback,false
attentive_eraser_visible_mask_10pct,hammer_x_anvil_cov30_0,4,hammer_x_anvil,0.3,cov30,0.310627,0.3250589072704315,15.501202504836268,0.7826348000055997,roi_failure,target_bbox_fallback,false
attentive_eraser_visible_mask_10pct,hammer_x_anvil_cov30_1,0,hammer_x_anvil,0.3,cov30,0.280833,0.30039966106414795,16.31324866085068,0.8088746497587381,roi_failure,target_bbox_fallback,false
attentive_eraser_visible_mask_10pct,hammer_x_anvil_cov30_1,1,hammer_x_anvil,0.3,cov30,0.280833,0.4355425536632538,13.801543249068837,0.6579639385119579,ok,located,false
attentive_eraser_visible_mask_10pct,hammer_x_anvil_cov30_1,2,hammer_x_anvil,0.3,cov30,0.280833,0.3094678521156311,16.24809522513079,0.8101635763433345,roi_failure,target_bbox_fallback,true
attentive_eraser_visible_mask_10pct,hammer_x_anvil_cov30_1,3,hammer_x_anvil,0.3,cov30,0.280833,0.31216391921043396,15.991001517235915,0.795402364571597,roi_failure,target_bbox_fallback,false
attentive_eraser_visible_mask_10pct,hammer_x_anvil_cov30_1,4,hammer_x_anvil,0.3,cov30,0.280833,0.30839550495147705,16.27837260266562,0.7997866557524244,roi_failure,target_bbox_fallback,false
attentive_eraser_visible_mask_10pct,hammer_x_anvil_cov30_2,0,hammer_x_anvil,0.3,cov30,0.306076,0.2901519238948822,16.303944104572306,0.8281028424976541,roi_failure,target_bbox_fallback,true
attentive_eraser_visible_mask_10pct,hammer_x_anvil_cov30_2,1,hammer_x_anvil,0.3,cov30,0.306076,0.43617430329322815,13.904184051615937,0.6677050042192704,ok,located,false
attentive_eraser_visible_mask_10pct,hammer_x_anvil_cov30_2,2,hammer_x_anvil,0.3,cov30,0.306076,0.2851351201534271,16.165236112024377,0.8291577686275385,roi_failure,target_bbox_fallback,false
attentive_eraser_visible_mask_10pct,hammer_x_anvil_cov30_2,3,hammer_x_anvil,0.3,cov30,0.306076,0.3723580241203308,14.105820745131226,0.6694674532467461,ok,located,false
attentive_eraser_visible_mask_10pct,hammer_x_anvil_cov30_2,4,hammer_x_anvil,0.3,cov30,0.306076,0.29011648893356323,16.145723565402907,0.8278764472009278,roi_failure,target_bbox_fallback,false
attentive_eraser_visible_mask_20pct,emblem_x_banner_cov50_0,0,emblem_x_banner,0.5,cov50,0.497214,0.6278278827667236,6.97723876630228,0.5362447407449179,roi_failure,target_bbox_fallback,false
attentive_eraser_visible_mask_20pct,emblem_x_banner_cov50_0,1,emblem_x_banner,0.5,cov50,0.497214,0.6293970346450806,6.97357361553858,0.5411929163115926,roi_failure,target_bbox_fallback,false
attentive_eraser_visible_mask_20pct,emblem_x_banner_cov50_0,2,emblem_x_banner,0.5,cov50,0.497214,0.6280359029769897,6.989048574163373,0.5228837385851531,roi_failure,target_bbox_fallback,true
attentive_eraser_visible_mask_20pct,emblem_x_banner_cov50_0,3,emblem_x_banner,0.5,cov50,0.497214,0.6321277022361755,6.972755936214263,0.5393540388735568,roi_failure,target_bbox_fallback,false
attentive_eraser_visible_mask_20pct,emblem_x_banner_cov50_0,4,emblem_x_banner,0.5,cov50,0.497214,0.6018348932266235,6.980459065283124,0.5446193095928975,roi_failure,target_bbox_fallback,false
attentive_eraser_visible_mask_20pct,emblem_x_banner_cov50_1,0,emblem_x_banner,0.5,cov50,0.486007,0.4884524941444397,7.11636760222616,0.6031861194688911,roi_failure,target_bbox_fallback,false
attentive_eraser_visible_mask_20pct,emblem_x_banner_cov50_1,1,emblem_x_banner,0.5,cov50,0.486007,0.4897181987762451,7.116457363683368,0.6052316749014423,roi_failure,target_bbox_fallback,false
attentive_eraser_visible_mask_20pct,emblem_x_banner_cov50_1,2,emblem_x_banner,0.5,cov50,0.486007,0.4893568158149719,7.119173273464943,0.6029788652075966,roi_failure,target_bbox_fallback,false
attentive_eraser_visible_mask_20pct,emblem_x_banner_cov50_1,3,emblem_x_banner,0.5,cov50,0.486007,0.488733172416687,7.114394501042841,0.6046185946477651,roi_failure,target_bbox_fallback,true
attentive_eraser_visible_mask_20pct,emblem_x_banner_cov50_1,4,emblem_x_banner,0.5,cov50,0.486007,0.488696813583374,7.113029303169248,0.6054269070725832,roi_failure,target_bbox_fallback,false
attentive_eraser_visible_mask_20pct,emblem_x_banner_cov50_2,0,emblem_x_banner,0.5,cov50,0.505033,0.5997340083122253,5.862147979992072,0.4824225164486975,roi_failure,target_bbox_fallback,false
attentive_eraser_visible_mask_20pct,emblem_x_banner_cov50_2,1,emblem_x_banner,0.5,cov50,0.505033,0.5983568429946899,5.8659887234386865,0.481857586192288,roi_failure,target_bbox_fallback,false
attentive_eraser_visible_mask_20pct,emblem_x_banner_cov50_2,2,emblem_x_banner,0.5,cov50,0.505033,0.5974506735801697,5.868463897846306,0.4812939201019155,roi_failure,target_bbox_fallback,false
attentive_eraser_visible_mask_20pct,emblem_x_banner_cov50_2,3,emblem_x_banner,0.5,cov50,0.505033,0.6049644351005554,5.8656760279789495,0.47557716973529635,roi_failure,target_bbox_fallback,false
attentive_eraser_visible_mask_20pct,emblem_x_banner_cov50_2,4,emblem_x_banner,0.5,cov50,0.505033,0.5992692112922668,5.861799575450808,0.48353230848679457,roi_failure,target_bbox_fallback,true
attentive_eraser_visible_mask_20pct,food_x_plate_cov70_0,0,food_x_plate,0.7,cov70,0.713963,0.8992090821266174,3.2170590064024926,0.18330441806570485,roi_failure,target_bbox_fallback,false
attentive_eraser_visible_mask_20pct,food_x_plate_cov70_0,1,food_x_plate,0.7,cov70,0.713963,0.898175835609436,3.2202556166042555,0.1798181743376673,roi_failure,target_bbox_fallback,false
attentive_eraser_visible_mask_20pct,food_x_plate_cov70_0,2,food_x_plate,0.7,cov70,0.713963,0.897925853729248,3.217551914729585,0.18282900365886512,roi_failure,target_bbox_fallback,false
attentive_eraser_visible_mask_20pct,food_x_plate_cov70_0,3,food_x_plate,0.7,cov70,0.713963,0.8980573415756226,3.2167244145201668,0.18653187430297882,roi_failure,target_bbox_fallback,true
attentive_eraser_visible_mask_20pct,food_x_plate_cov70_0,4,food_x_plate,0.7,cov70,0.713963,0.8973738551139832,3.219245789101057,0.1777496617642164,roi_failure,target_bbox_fallback,false
attentive_eraser_visible_mask_20pct,food_x_plate_cov70_1,0,food_x_plate,0.7,cov70,0.695275,0.8940116167068481,3.425844052670213,0.18709028601659292,roi_failure,target_bbox_fallback,false
attentive_eraser_visible_mask_20pct,food_x_plate_cov70_1,1,food_x_plate,0.7,cov70,0.695275,0.8934290409088135,3.4291365303219647,0.18403143350969828,roi_failure,target_bbox_fallback,false
attentive_eraser_visible_mask_20pct,food_x_plate_cov70_1,2,food_x_plate,0.7,cov70,0.695275,0.8931483030319214,3.4278842360279285,0.18276964961143075,roi_failure,target_bbox_fallback,true
attentive_eraser_visible_mask_20pct,food_x_plate_cov70_1,3,food_x_plate,0.7,cov70,0.695275,0.8927475810050964,3.424925707793446,0.18937889088633664,roi_failure,target_bbox_fallback,false
attentive_eraser_visible_mask_20pct,food_x_plate_cov70_1,4,food_x_plate,0.7,cov70,0.695275,0.8930007219314575,3.4281782784824335,0.1818891810009419,roi_failure,target_bbox_fallback,false
attentive_eraser_visible_mask_20pct,food_x_plate_cov70_2,0,food_x_plate,0.7,cov70,0.695829,0.8657727837562561,3.3070220973953712,0.2033155730058731,roi_failure,target_bbox_fallback,false
attentive_eraser_visible_mask_20pct,food_x_plate_cov70_2,1,food_x_plate,0.7,cov70,0.695829,0.8654700517654419,3.3106597377867892,0.20223430920577087,roi_failure,target_bbox_fallback,false
attentive_eraser_visible_mask_20pct,food_x_plate_cov70_2,2,food_x_plate,0.7,cov70,0.695829,0.8648208975791931,3.306053052539365,0.2027746102545789,roi_failure,target_bbox_fallback,true
attentive_eraser_visible_mask_20pct,food_x_plate_cov70_2,3,food_x_plate,0.7,cov70,0.695829,0.8646905422210693,3.30670387598384,0.20471990662738979,roi_failure,target_bbox_fallback,false
attentive_eraser_visible_mask_20pct,food_x_plate_cov70_2,4,food_x_plate,0.7,cov70,0.695829,0.8642978072166443,3.307735436795149,0.20007917962675428,roi_failure,target_bbox_fallback,false
attentive_eraser_visible_mask_20pct,coin_x_chest_cov70_0,0,coin_x_chest,0.7,cov70,0.7127,0.9056692123413086,7.7347838156097914,0.293704974689048,roi_failure,target_bbox_fallback,false
attentive_eraser_visible_mask_20pct,coin_x_chest_cov70_0,1,coin_x_chest,0.7,cov70,0.7127,0.9051339626312256,7.732826606597794,0.2951753654430796,roi_failure,target_bbox_fallback,false
attentive_eraser_visible_mask_20pct,coin_x_chest_cov70_0,2,coin_x_chest,0.7,cov70,0.7127,0.9049060940742493,7.731964832897287,0.29594796971290666,roi_failure,target_bbox_fallback,true
attentive_eraser_visible_mask_20pct,coin_x_chest_cov70_0,3,coin_x_chest,0.7,cov70,0.7127,0.9042911529541016,7.731683236131854,0.2963091131516577,roi_failure,target_bbox_fallback,false
attentive_eraser_visible_mask_20pct,coin_x_chest_cov70_0,4,coin_x_chest,0.7,cov70,0.7127,0.9042258262634277,7.7303948586005165,0.29488490949773555,roi_failure,target_bbox_fallback,false
attentive_eraser_visible_mask_20pct,coin_x_chest_cov70_1,0,coin_x_chest,0.7,cov70,0.709374,0.9606783986091614,7.787068768231671,0.2260885649864076,roi_failure,target_bbox_fallback,false
attentive_eraser_visible_mask_20pct,coin_x_chest_cov70_1,1,coin_x_chest,0.7,cov70,0.709374,0.9598743319511414,7.786227042796897,0.22826159565398232,roi_failure,target_bbox_fallback,true
attentive_eraser_visible_mask_20pct,coin_x_chest_cov70_1,2,coin_x_chest,0.7,cov70,0.709374,0.9590844511985779,7.785057993011925,0.2277423338690867,roi_failure,target_bbox_fallback,false
attentive_eraser_visible_mask_20pct,coin_x_chest_cov70_1,3,coin_x_chest,0.7,cov70,0.709374,0.9599552154541016,7.78458467259169,0.2281800255726343,roi_failure,target_bbox_fallback,false
attentive_eraser_visible_mask_20pct,coin_x_chest_cov70_1,4,coin_x_chest,0.7,cov70,0.709374,0.9589579105377197,7.785634610647916,0.22762415672881606,roi_failure,target_bbox_fallback,false
attentive_eraser_visible_mask_20pct,coin_x_chest_cov70_2,0,coin_x_chest,0.7,cov70,0.707081,0.9762071371078491,7.283771391211951,0.16875069626832148,roi_failure,target_bbox_fallback,false
attentive_eraser_visible_mask_20pct,coin_x_chest_cov70_2,1,coin_x_chest,0.7,cov70,0.707081,0.9756158590316772,7.283122511293753,0.16865160692125267,roi_failure,target_bbox_fallback,true
attentive_eraser_visible_mask_20pct,coin_x_chest_cov70_2,2,coin_x_chest,0.7,cov70,0.707081,0.976029098033905,7.282656696595735,0.1684135871184633,roi_failure,target_bbox_fallback,false
attentive_eraser_visible_mask_20pct,coin_x_chest_cov70_2,3,coin_x_chest,0.7,cov70,0.707081,0.9751618504524231,7.282783340012973,0.16806174165039509,roi_failure,target_bbox_fallback,false
attentive_eraser_visible_mask_20pct,coin_x_chest_cov70_2,4,coin_x_chest,0.7,cov70,0.707081,0.9750185608863831,7.280467718867715,0.16726166657187677,roi_failure,target_bbox_fallback,false
attentive_eraser_visible_mask_20pct,key_x_lock_cov50_0,0,key_x_lock,0.5,cov50,0.485743,0.8082213401794434,6.5178669279482,0.43412693213241754,roi_failure,target_bbox_fallback,false
attentive_eraser_visible_mask_20pct,key_x_lock_cov50_0,1,key_x_lock,0.5,cov50,0.485743,0.80666184425354,6.516666701860757,0.43744522422780263,roi_failure,target_bbox_fallback,false
attentive_eraser_visible_mask_20pct,key_x_lock_cov50_0,2,key_x_lock,0.5,cov50,0.485743,0.8058529496192932,6.516213268022224,0.4344028237075382,roi_failure,target_bbox_fallback,false
attentive_eraser_visible_mask_20pct,key_x_lock_cov50_0,3,key_x_lock,0.5,cov50,0.485743,0.8075587749481201,6.516816967897064,0.43384319606201793,roi_failure,target_bbox_fallback,false
attentive_eraser_visible_mask_20pct,key_x_lock_cov50_0,4,key_x_lock,0.5,cov50,0.485743,0.8071580529212952,6.515676534112346,0.4392082830559798,roi_failure,target_bbox_fallback,true
attentive_eraser_visible_mask_20pct,key_x_lock_cov50_1,0,key_x_lock,0.5,cov50,0.498359,0.7881852388381958,7.185835028829372,0.4306161001117377,roi_failure,target_bbox_fallback,false
attentive_eraser_visible_mask_20pct,key_x_lock_cov50_1,1,key_x_lock,0.5,cov50,0.498359,0.7879571318626404,7.1874632109167935,0.43368067587989517,roi_failure,target_bbox_fallback,true
attentive_eraser_visible_mask_20pct,key_x_lock_cov50_1,2,key_x_lock,0.5,cov50,0.498359,0.7870966196060181,7.186329274872114,0.4323427608314229,roi_failure,target_bbox_fallback,false
attentive_eraser_visible_mask_20pct,key_x_lock_cov50_1,3,key_x_lock,0.5,cov50,0.498359,0.7881346344947815,7.186568904575722,0.4299037904272029,roi_failure,target_bbox_fallback,false
attentive_eraser_visible_mask_20pct,key_x_lock_cov50_1,4,key_x_lock,0.5,cov50,0.498359,0.7868147492408752,7.184922994714258,0.4330529380070744,roi_failure,target_bbox_fallback,false
attentive_eraser_visible_mask_20pct,key_x_lock_cov50_2,0,key_x_lock,0.5,cov50,0.511836,0.8097088932991028,7.150253361798815,0.3965242216630293,roi_failure,target_bbox_fallback,false
attentive_eraser_visible_mask_20pct,key_x_lock_cov50_2,1,key_x_lock,0.5,cov50,0.511836,0.8086875677108765,7.150065316376031,0.400637952663367,roi_failure,target_bbox_fallback,true
attentive_eraser_visible_mask_20pct,key_x_lock_cov50_2,2,key_x_lock,0.5,cov50,0.511836,0.8079153895378113,7.149331297189154,0.3981279652400611,roi_failure,target_bbox_fallback,false
attentive_eraser_visible_mask_20pct,key_x_lock_cov50_2,3,key_x_lock,0.5,cov50,0.511836,0.809963583946228,7.149216459475369,0.3960905400570271,roi_failure,target_bbox_fallback,false
attentive_eraser_visible_mask_20pct,key_x_lock_cov50_2,4,key_x_lock,0.5,cov50,0.511836,0.8081979155540466,7.147382572374065,0.3991830443818534,roi_failure,target_bbox_fallback,false
attentive_eraser_visible_mask_20pct,potion_x_crate_cov50_0,0,potion_x_crate,0.5,cov50,0.518319,0.9197893738746643,8.072576267621924,0.2370199919211798,roi_failure,target_bbox_fallback,false
attentive_eraser_visible_mask_20pct,potion_x_crate_cov50_0,1,potion_x_crate,0.5,cov50,0.518319,0.9210048317909241,8.07330402813008,0.23858066115794485,roi_failure,target_bbox_fallback,false
attentive_eraser_visible_mask_20pct,potion_x_crate_cov50_0,2,potion_x_crate,0.5,cov50,0.518319,0.9200757741928101,8.070848312768174,0.23818493976841038,roi_failure,target_bbox_fallback,true
attentive_eraser_visible_mask_20pct,potion_x_crate_cov50_0,3,potion_x_crate,0.5,cov50,0.518319,0.9205025434494019,8.070607530615714,0.2394075162323167,roi_failure,target_bbox_fallback,false
attentive_eraser_visible_mask_20pct,potion_x_crate_cov50_0,4,potion_x_crate,0.5,cov50,0.518319,0.9200530052185059,8.071741148036597,0.23768127151531102,roi_failure,target_bbox_fallback,false
attentive_eraser_visible_mask_20pct,potion_x_crate_cov50_1,0,potion_x_crate,0.5,cov50,0.505658,0.7801733016967773,8.457867986111715,0.34707652908307796,roi_failure,target_bbox_fallback,false
attentive_eraser_visible_mask_20pct,potion_x_crate_cov50_1,1,potion_x_crate,0.5,cov50,0.505658,0.7741543650627136,8.480757892873662,0.3388264387509083,roi_failure,target_bbox_fallback,false
attentive_eraser_visible_mask_20pct,potion_x_crate_cov50_1,2,potion_x_crate,0.5,cov50,0.505658,0.7789300084114075,8.470692567828177,0.3419542251838286,roi_failure,target_bbox_fallback,true
attentive_eraser_visible_mask_20pct,potion_x_crate_cov50_1,3,potion_x_crate,0.5,cov50,0.505658,0.7813473343849182,8.462067793778733,0.34492814293129553,roi_failure,target_bbox_fallback,false
attentive_eraser_visible_mask_20pct,potion_x_crate_cov50_1,4,potion_x_crate,0.5,cov50,0.505658,0.7210623621940613,8.50830022450307,0.3399636157908971,roi_failure,target_bbox_fallback,false
attentive_eraser_visible_mask_20pct,potion_x_crate_cov50_2,0,potion_x_crate,0.5,cov50,0.514935,0.7112337946891785,9.315589950927768,0.35989882913890203,roi_failure,target_bbox_fallback,false
attentive_eraser_visible_mask_20pct,potion_x_crate_cov50_2,1,potion_x_crate,0.5,cov50,0.514935,0.7053226232528687,9.289166178347404,0.36070204146082024,roi_failure,target_bbox_fallback,false
attentive_eraser_visible_mask_20pct,potion_x_crate_cov50_2,2,potion_x_crate,0.5,cov50,0.514935,0.7043845653533936,9.316098465124181,0.3603901284634852,roi_failure,target_bbox_fallback,true
attentive_eraser_visible_mask_20pct,potion_x_crate_cov50_2,3,potion_x_crate,0.5,cov50,0.514935,0.6836090683937073,9.393380254770547,0.3522162498599948,roi_failure,target_bbox_fallback,false
attentive_eraser_visible_mask_20pct,potion_x_crate_cov50_2,4,potion_x_crate,0.5,cov50,0.514935,0.6917261481285095,9.297041895486233,0.36182615020270154,roi_failure,target_bbox_fallback,false
attentive_eraser_visible_mask_20pct,gem_x_ring_cov30_0,0,gem_x_ring,0.3,cov30,0.299812,0.6403683423995972,7.088388727970283,0.4021061938369867,ok,located,false
attentive_eraser_visible_mask_20pct,gem_x_ring_cov30_0,1,gem_x_ring,0.3,cov30,0.299812,0.6445112824440002,7.060536262477383,0.40846420417503043,ok,located,true
attentive_eraser_visible_mask_20pct,gem_x_ring_cov30_0,2,gem_x_ring,0.3,cov30,0.299812,0.6502096056938171,7.009903256393551,0.40579147284076783,ok,located,false
attentive_eraser_visible_mask_20pct,gem_x_ring_cov30_0,3,gem_x_ring,0.3,cov30,0.299812,0.6399718523025513,7.032958389454973,0.3962988037047032,ok,located,false
attentive_eraser_visible_mask_20pct,gem_x_ring_cov30_0,4,gem_x_ring,0.3,cov30,0.299812,0.6546001434326172,7.028207744298801,0.4066837890683226,ok,located,false
attentive_eraser_visible_mask_20pct,gem_x_ring_cov30_1,0,gem_x_ring,0.3,cov30,0.287595,0.63172447681427,7.3527999476282115,0.4427096505359092,ok,located,false
attentive_eraser_visible_mask_20pct,gem_x_ring_cov30_1,1,gem_x_ring,0.3,cov30,0.287595,0.6313788294792175,7.41336777063818,0.4424813887924108,ok,located,true
attentive_eraser_visible_mask_20pct,gem_x_ring_cov30_1,2,gem_x_ring,0.3,cov30,0.287595,0.6365965008735657,7.392764963971765,0.4406100402022673,ok,located,false
attentive_eraser_visible_mask_20pct,gem_x_ring_cov30_1,3,gem_x_ring,0.3,cov30,0.287595,0.6306154727935791,7.352395862018164,0.4245377920853177,ok,located,false
attentive_eraser_visible_mask_20pct,gem_x_ring_cov30_1,4,gem_x_ring,0.3,cov30,0.287595,0.6023573279380798,7.447459003498789,0.44986665463245945,ok,located,false
attentive_eraser_visible_mask_20pct,gem_x_ring_cov30_2,0,gem_x_ring,0.3,cov30,0.290504,0.6056072115898132,7.450838288273398,0.4656348564310471,ok,located,false
attentive_eraser_visible_mask_20pct,gem_x_ring_cov30_2,1,gem_x_ring,0.3,cov30,0.290504,0.623304009437561,7.377564805872183,0.4824103108867637,ok,located,false
attentive_eraser_visible_mask_20pct,gem_x_ring_cov30_2,2,gem_x_ring,0.3,cov30,0.290504,0.6261696815490723,7.382002015572419,0.47410991744043723,ok,located,false
attentive_eraser_visible_mask_20pct,gem_x_ring_cov30_2,3,gem_x_ring,0.3,cov30,0.290504,0.6142669916152954,7.450244776360716,0.4705725047615208,ok,located,true
attentive_eraser_visible_mask_20pct,gem_x_ring_cov30_2,4,gem_x_ring,0.3,cov30,0.290504,0.5974602699279785,7.435119360358708,0.4605402576014259,ok,located,false
attentive_eraser_visible_mask_20pct,pen_x_book_cov30_0,0,pen_x_book,0.3,cov30,0.310811,0.6678628921508789,11.928361900833268,0.4457583832631264,ok,located,false
attentive_eraser_visible_mask_20pct,pen_x_book_cov30_0,1,pen_x_book,0.3,cov30,0.310811,0.5239835381507874,13.78207017887541,0.5737063751830025,roi_failure,target_bbox_fallback,false
attentive_eraser_visible_mask_20pct,pen_x_book_cov30_0,2,pen_x_book,0.3,cov30,0.310811,0.26309502124786377,19.543186258003548,0.7648287634472224,ok,located,false
attentive_eraser_visible_mask_20pct,pen_x_book_cov30_0,3,pen_x_book,0.3,cov30,0.310811,0.13462835550308228,22.14452305264178,0.7864014481781082,ok,located,false
attentive_eraser_visible_mask_20pct,pen_x_book_cov30_0,4,pen_x_book,0.3,cov30,0.310811,0.43729880452156067,15.269283844181139,0.6806767821254333,ok,located,true
attentive_eraser_visible_mask_20pct,pen_x_book_cov30_1,0,pen_x_book,0.3,cov30,0.304428,0.4859195053577423,14.626273375707768,0.44329106871123597,ok,located,false
attentive_eraser_visible_mask_20pct,pen_x_book_cov30_1,1,pen_x_book,0.3,cov30,0.304428,0.6498820781707764,11.237012682289695,0.3467694536381569,roi_failure,target_bbox_fallback,false
attentive_eraser_visible_mask_20pct,pen_x_book_cov30_1,2,pen_x_book,0.3,cov30,0.304428,0.6694080829620361,10.928807161707105,0.3235250050448287,roi_failure,target_bbox_fallback,false
attentive_eraser_visible_mask_20pct,pen_x_book_cov30_1,3,pen_x_book,0.3,cov30,0.304428,0.5249407291412354,14.593106602152858,0.4337660168772368,ok,located,false
attentive_eraser_visible_mask_20pct,pen_x_book_cov30_1,4,pen_x_book,0.3,cov30,0.304428,0.6133122444152832,12.109577137256117,0.3089378543967197,ok,located,true
attentive_eraser_visible_mask_20pct,pen_x_book_cov30_2,0,pen_x_book,0.3,cov30,0.306125,0.09506380558013916,27.18963684472985,0.911660841400845,ok,located,false
attentive_eraser_visible_mask_20pct,pen_x_book_cov30_2,1,pen_x_book,0.3,cov30,0.306125,0.16927675902843475,25.359755430232916,0.8801496692674314,ok,located,false
attentive_eraser_visible_mask_20pct,pen_x_book_cov30_2,2,pen_x_book,0.3,cov30,0.306125,0.3121066093444824,18.531568368194424,0.7607738137538561,ok,located,false
attentive_eraser_visible_mask_20pct,pen_x_book_cov30_2,3,pen_x_book,0.3,cov30,0.306125,0.20506347715854645,24.25057981357328,0.8543950344923904,ok,located,true
attentive_eraser_visible_mask_20pct,pen_x_book_cov30_2,4,pen_x_book,0.3,cov30,0.306125,0.5190804600715637,13.864054514939703,0.5950800794745114,ok,located,false
attentive_eraser_visible_mask_20pct,sword_x_shield_cov30_0,0,sword_x_shield,0.3,cov30,0.286166,0.5871353149414062,9.903679693275022,0.4389983918508469,roi_failure,target_bbox_fallback,false
attentive_eraser_visible_mask_20pct,sword_x_shield_cov30_0,1,sword_x_shield,0.3,cov30,0.286166,0.5824567079544067,9.968673044740662,0.4391290543874839,roi_failure,target_bbox_fallback,true
attentive_eraser_visible_mask_20pct,sword_x_shield_cov30_0,2,sword_x_shield,0.3,cov30,0.286166,0.5803084373474121,9.840163839924353,0.43088204795103485,roi_failure,target_bbox_fallback,false
attentive_eraser_visible_mask_20pct,sword_x_shield_cov30_0,3,sword_x_shield,0.3,cov30,0.286166,0.5712743401527405,9.955640808758169,0.4417826688953494,roi_failure,target_bbox_fallback,false
attentive_eraser_visible_mask_20pct,sword_x_shield_cov30_0,4,sword_x_shield,0.3,cov30,0.286166,0.5966018438339233,9.8651052410367,0.4305233743003914,roi_failure,target_bbox_fallback,false
attentive_eraser_visible_mask_20pct,sword_x_shield_cov30_1,0,sword_x_shield,0.3,cov30,0.280355,0.5616472363471985,8.517143498109764,0.45379803596565393,roi_failure,target_bbox_fallback,false
attentive_eraser_visible_mask_20pct,sword_x_shield_cov30_1,1,sword_x_shield,0.3,cov30,0.280355,0.5608661770820618,8.416918941263095,0.4412710386177005,roi_failure,target_bbox_fallback,false
attentive_eraser_visible_mask_20pct,sword_x_shield_cov30_1,2,sword_x_shield,0.3,cov30,0.280355,0.5580669045448303,8.513761312777993,0.45184697287919867,roi_failure,target_bbox_fallback,true
attentive_eraser_visible_mask_20pct,sword_x_shield_cov30_1,3,sword_x_shield,0.3,cov30,0.280355,0.531531035900116,8.473838529830182,0.46526031548170105,roi_failure,target_bbox_fallback,false
attentive_eraser_visible_mask_20pct,sword_x_shield_cov30_1,4,sword_x_shield,0.3,cov30,0.280355,0.5574734210968018,8.402928185849632,0.45429513857032083,roi_failure,target_bbox_fallback,false
attentive_eraser_visible_mask_20pct,sword_x_shield_cov30_2,0,sword_x_shield,0.3,cov30,0.284125,0.4722001552581787,10.02560435062394,0.48324399306992,roi_failure,target_bbox_fallback,false
attentive_eraser_visible_mask_20pct,sword_x_shield_cov30_2,1,sword_x_shield,0.3,cov30,0.284125,0.4614325761795044,10.362005760708561,0.5031583127013289,roi_failure,target_bbox_fallback,true
attentive_eraser_visible_mask_20pct,sword_x_shield_cov30_2,2,sword_x_shield,0.3,cov30,0.284125,0.4489516019821167,10.009126872024726,0.4903046164504204,roi_failure,target_bbox_fallback,false
attentive_eraser_visible_mask_20pct,sword_x_shield_cov30_2,3,sword_x_shield,0.3,cov30,0.284125,0.45495468378067017,10.364123875437413,0.5051258421373676,roi_failure,target_bbox_fallback,false
attentive_eraser_visible_mask_20pct,sword_x_shield_cov30_2,4,sword_x_shield,0.3,cov30,0.284125,0.47954052686691284,10.141278068647019,0.49271210584754427,roi_failure,target_bbox_fallback,false
attentive_eraser_visible_mask_20pct,hammer_x_anvil_cov30_0,0,hammer_x_anvil,0.3,cov30,0.310627,0.3678746223449707,14.645339836643176,0.7379674295192515,roi_failure,target_bbox_fallback,false
attentive_eraser_visible_mask_20pct,hammer_x_anvil_cov30_0,1,hammer_x_anvil,0.3,cov30,0.310627,0.3640625476837158,14.875435022583638,0.740846703895488,roi_failure,target_bbox_fallback,false
attentive_eraser_visible_mask_20pct,hammer_x_anvil_cov30_0,2,hammer_x_anvil,0.3,cov30,0.310627,0.3712613582611084,14.634353498261605,0.7365871425045829,roi_failure,target_bbox_fallback,true
attentive_eraser_visible_mask_20pct,hammer_x_anvil_cov30_0,3,hammer_x_anvil,0.3,cov30,0.310627,0.3799144923686981,14.547413843236889,0.7352812559996535,roi_failure,target_bbox_fallback,false
attentive_eraser_visible_mask_20pct,hammer_x_anvil_cov30_0,4,hammer_x_anvil,0.3,cov30,0.310627,0.3762967586517334,14.628360612539177,0.7392160396102994,roi_failure,target_bbox_fallback,false
attentive_eraser_visible_mask_20pct,hammer_x_anvil_cov30_1,0,hammer_x_anvil,0.3,cov30,0.280833,0.39093923568725586,15.401047579876973,0.7609031851000633,roi_failure,target_bbox_fallback,false
attentive_eraser_visible_mask_20pct,hammer_x_anvil_cov30_1,1,hammer_x_anvil,0.3,cov30,0.280833,0.37647756934165955,15.946930399001747,0.7733889001134066,roi_failure,target_bbox_fallback,false
attentive_eraser_visible_mask_20pct,hammer_x_anvil_cov30_1,2,hammer_x_anvil,0.3,cov30,0.280833,0.40158069133758545,15.252838754843236,0.7625162932606049,roi_failure,target_bbox_fallback,false
attentive_eraser_visible_mask_20pct,hammer_x_anvil_cov30_1,3,hammer_x_anvil,0.3,cov30,0.280833,0.41101542115211487,15.15879322274306,0.7623266729382303,roi_failure,target_bbox_fallback,false
attentive_eraser_visible_mask_20pct,hammer_x_anvil_cov30_1,4,hammer_x_anvil,0.3,cov30,0.280833,0.40112221240997314,15.169900740039727,0.7612532780924459,roi_failure,target_bbox_fallback,true
attentive_eraser_visible_mask_20pct,hammer_x_anvil_cov30_2,0,hammer_x_anvil,0.3,cov30,0.306076,0.32445722818374634,16.11558728757633,0.7918011087470153,roi_failure,target_bbox_fallback,false
attentive_eraser_visible_mask_20pct,hammer_x_anvil_cov30_2,1,hammer_x_anvil,0.3,cov30,0.306076,0.43213123083114624,13.886542122569239,0.6509895135122808,ok,located,false
attentive_eraser_visible_mask_20pct,hammer_x_anvil_cov30_2,2,hammer_x_anvil,0.3,cov30,0.306076,0.3569139242172241,15.364468301015124,0.7785430829964991,roi_failure,target_bbox_fallback,false
attentive_eraser_visible_mask_20pct,hammer_x_anvil_cov30_2,3,hammer_x_anvil,0.3,cov30,0.306076,0.3325878381729126,15.650369832966577,0.7804537103220488,roi_failure,target_bbox_fallback,false
attentive_eraser_visible_mask_20pct,hammer_x_anvil_cov30_2,4,hammer_x_anvil,0.3,cov30,0.306076,0.3550351858139038,15.314560348009964,0.7793755690843222,roi_failure,target_bbox_fallback,true
qwen2511_class_word_prompt_v2_oracle,emblem_x_banner_cov50_0,0,emblem_x_banner,0.5,cov50,0.497214,0.021213630214333534,31.03926410409352,0.9639081345243943,ok,located,false
qwen2511_class_word_prompt_v2_oracle,emblem_x_banner_cov50_0,1,emblem_x_banner,0.5,cov50,0.497214,0.014376580715179443,36.958169567497286,0.9818549223982665,ok,located,false
qwen2511_class_word_prompt_v2_oracle,emblem_x_banner_cov50_0,2,emblem_x_banner,0.5,cov50,0.497214,0.01951736956834793,31.31324562286718,0.9702495808477742,ok,located,false
qwen2511_class_word_prompt_v2_oracle,emblem_x_banner_cov50_0,3,emblem_x_banner,0.5,cov50,0.497214,0.024707775563001633,32.33850339108289,0.9704377253254252,ok,located,false
qwen2511_class_word_prompt_v2_oracle,emblem_x_banner_cov50_0,4,emblem_x_banner,0.5,cov50,0.497214,0.020932555198669434,29.605715031057045,0.9613624844138638,ok,located,true
qwen2511_class_word_prompt_v2_oracle,emblem_x_banner_cov50_1,0,emblem_x_banner,0.5,cov50,0.486007,0.015247581526637077,34.035283043039364,0.9792856262390425,ok,located,false
qwen2511_class_word_prompt_v2_oracle,emblem_x_banner_cov50_1,1,emblem_x_banner,0.5,cov50,0.486007,0.01406768336892128,31.863796321592073,0.9789932465194714,ok,located,false
qwen2511_class_word_prompt_v2_oracle,emblem_x_banner_cov50_1,2,emblem_x_banner,0.5,cov50,0.486007,0.010983574204146862,31.842976391786898,0.9808531628812656,ok,located,false
qwen2511_class_word_prompt_v2_oracle,emblem_x_banner_cov50_1,3,emblem_x_banner,0.5,cov50,0.486007,0.006476004607975483,35.8976466317044,0.9872321266574028,ok,located,false
qwen2511_class_word_prompt_v2_oracle,emblem_x_banner_cov50_1,4,emblem_x_banner,0.5,cov50,0.486007,0.013397729024291039,34.80622894244814,0.9802309854840686,ok,located,true
qwen2511_class_word_prompt_v2_oracle,emblem_x_banner_cov50_2,0,emblem_x_banner,0.5,cov50,0.505033,0.041258059442043304,28.6082858410003,0.9616934210982526,ok,located,false
qwen2511_class_word_prompt_v2_oracle,emblem_x_banner_cov50_2,1,emblem_x_banner,0.5,cov50,0.505033,0.03832534700632095,25.82315624528608,0.9395797328903818,ok,located,false
qwen2511_class_word_prompt_v2_oracle,emblem_x_banner_cov50_2,2,emblem_x_banner,0.5,cov50,0.505033,0.027889516204595566,29.031988966885525,0.9731798444913631,ok,located,true
qwen2511_class_word_prompt_v2_oracle,emblem_x_banner_cov50_2,3,emblem_x_banner,0.5,cov50,0.505033,0.02276415377855301,29.69590560244407,0.9690530642878391,ok,located,false
qwen2511_class_word_prompt_v2_oracle,emblem_x_banner_cov50_2,4,emblem_x_banner,0.5,cov50,0.505033,0.02657431550323963,29.284313700702242,0.9668693457686812,ok,located,false
qwen2511_class_word_prompt_v2_oracle,food_x_plate_cov70_0,0,food_x_plate,0.7,cov70,0.713963,0.03505608066916466,34.928707917669904,0.9685319394300308,ok,located,false
qwen2511_class_word_prompt_v2_oracle,food_x_plate_cov70_0,1,food_x_plate,0.7,cov70,0.713963,0.07931967079639435,23.586447187780696,0.9003301712869175,ok,located,false
qwen2511_class_word_prompt_v2_oracle,food_x_plate_cov70_0,2,food_x_plate,0.7,cov70,0.713963,0.04607309773564339,31.107618284110856,0.9672032290459054,ok,located,true
qwen2511_class_word_prompt_v2_oracle,food_x_plate_cov70_0,3,food_x_plate,0.7,cov70,0.713963,0.04708801582455635,30.550728103156835,0.9592821247419664,ok,located,false
qwen2511_class_word_prompt_v2_oracle,food_x_plate_cov70_0,4,food_x_plate,0.7,cov70,0.713963,0.03623952716588974,34.812506580952885,0.9736459704473911,ok,located,false
qwen2511_class_word_prompt_v2_oracle,food_x_plate_cov70_1,0,food_x_plate,0.7,cov70,0.695275,0.020167170092463493,30.32773540384502,0.9642299584930255,ok,located,false
qwen2511_class_word_prompt_v2_oracle,food_x_plate_cov70_1,1,food_x_plate,0.7,cov70,0.695275,0.05420026555657387,24.611927916628108,0.914313228804262,ok,located,false
qwen2511_class_word_prompt_v2_oracle,food_x_plate_cov70_1,2,food_x_plate,0.7,cov70,0.695275,0.04705977439880371,24.29743209752552,0.9117818588610009,ok,located,false
qwen2511_class_word_prompt_v2_oracle,food_x_plate_cov70_1,3,food_x_plate,0.7,cov70,0.695275,0.03954160585999489,27.585829148875032,0.9527263269233991,ok,located,true
qwen2511_class_word_prompt_v2_oracle,food_x_plate_cov70_1,4,food_x_plate,0.7,cov70,0.695275,0.024862708523869514,29.423543026580056,0.9594107291079391,ok,located,false
qwen2511_class_word_prompt_v2_oracle,food_x_plate_cov70_2,0,food_x_plate,0.7,cov70,0.695829,0.01493576355278492,29.757236466003747,0.9677082218622338,ok,located,false
qwen2511_class_word_prompt_v2_oracle,food_x_plate_cov70_2,1,food_x_plate,0.7,cov70,0.695829,0.027536774054169655,26.450742193297742,0.9485266777362674,ok,located,false
qwen2511_class_word_prompt_v2_oracle,food_x_plate_cov70_2,2,food_x_plate,0.7,cov70,0.695829,0.01773015409708023,30.269240842832303,0.9657965196919971,ok,located,true
qwen2511_class_word_prompt_v2_oracle,food_x_plate_cov70_2,3,food_x_plate,0.7,cov70,0.695829,0.026862531900405884,25.873775409606118,0.9482482344451052,ok,located,false
qwen2511_class_word_prompt_v2_oracle,food_x_plate_cov70_2,4,food_x_plate,0.7,cov70,0.695829,0.014966577291488647,30.14622458877159,0.9679101040846153,ok,located,false
qwen2511_class_word_prompt_v2_oracle,coin_x_chest_cov70_0,0,coin_x_chest,0.7,cov70,0.7127,0.10513496398925781,19.86366324280999,0.7862473690202755,ok,located,false
qwen2511_class_word_prompt_v2_oracle,coin_x_chest_cov70_0,1,coin_x_chest,0.7,cov70,0.7127,0.21584583818912506,14.58455197480296,0.6666518194262463,ok,located,false
qwen2511_class_word_prompt_v2_oracle,coin_x_chest_cov70_0,2,coin_x_chest,0.7,cov70,0.7127,0.14896366000175476,19.158466914494213,0.7344089868921588,ok,located,false
qwen2511_class_word_prompt_v2_oracle,coin_x_chest_cov70_0,3,coin_x_chest,0.7,cov70,0.7127,0.13503114879131317,19.39495213844024,0.7640584051714328,ok,located,true
qwen2511_class_word_prompt_v2_oracle,coin_x_chest_cov70_0,4,coin_x_chest,0.7,cov70,0.7127,0.12301036715507507,19.356493485297797,0.7780978488236482,ok,located,false
qwen2511_class_word_prompt_v2_oracle,coin_x_chest_cov70_1,0,coin_x_chest,0.7,cov70,0.709374,0.163046732544899,18.492237474218747,0.735813531761146,ok,located,true
qwen2511_class_word_prompt_v2_oracle,coin_x_chest_cov70_1,1,coin_x_chest,0.7,cov70,0.709374,0.18038251996040344,18.062059750170626,0.729648831115802,ok,located,false
qwen2511_class_word_prompt_v2_oracle,coin_x_chest_cov70_1,2,coin_x_chest,0.7,cov70,0.709374,0.13495780527591705,19.042763088584792,0.7663628485468994,ok,located,false
qwen2511_class_word_prompt_v2_oracle,coin_x_chest_cov70_1,3,coin_x_chest,0.7,cov70,0.709374,0.12567387521266937,18.587393612339767,0.7767068003050177,ok,located,false
qwen2511_class_word_prompt_v2_oracle,coin_x_chest_cov70_1,4,coin_x_chest,0.7,cov70,0.709374,0.2208988517522812,13.323341628831455,0.34314432692882146,ok,located,false
qwen2511_class_word_prompt_v2_oracle,coin_x_chest_cov70_2,0,coin_x_chest,0.7,cov70,0.707081,0.13559608161449432,17.696904610309478,0.6673606027691554,ok,located,false
qwen2511_class_word_prompt_v2_oracle,coin_x_chest_cov70_2,1,coin_x_chest,0.7,cov70,0.707081,0.2205183207988739,14.822085915267959,0.6774917853652308,ok,located,false
qwen2511_class_word_prompt_v2_oracle,coin_x_chest_cov70_2,2,coin_x_chest,0.7,cov70,0.707081,0.16812384128570557,18.211327634104663,0.7021999954811498,ok,located,true
qwen2511_class_word_prompt_v2_oracle,coin_x_chest_cov70_2,3,coin_x_chest,0.7,cov70,0.707081,0.1888318806886673,18.666067891411245,0.7173824087364574,ok,located,false
qwen2511_class_word_prompt_v2_oracle,coin_x_chest_cov70_2,4,coin_x_chest,0.7,cov70,0.707081,0.16676615178585052,18.01956168702206,0.6830525839290855,ok,located,false
qwen2511_class_word_prompt_v2_oracle,key_x_lock_cov50_0,0,key_x_lock,0.5,cov50,0.485743,0.136355459690094,20.28344875414682,0.89627537067892,ok,located,false
qwen2511_class_word_prompt_v2_oracle,key_x_lock_cov50_0,1,key_x_lock,0.5,cov50,0.485743,0.1038881242275238,20.470458642372662,0.9493955061930471,ok,located,false
qwen2511_class_word_prompt_v2_oracle,key_x_lock_cov50_0,2,key_x_lock,0.5,cov50,0.485743,0.10375252366065979,21.084398066635146,0.9438165829034654,ok,located,false
qwen2511_class_word_prompt_v2_oracle,key_x_lock_cov50_0,3,key_x_lock,0.5,cov50,0.485743,0.10562620311975479,21.264009649540697,0.954407208377159,ok,located,true
qwen2511_class_word_prompt_v2_oracle,key_x_lock_cov50_0,4,key_x_lock,0.5,cov50,0.485743,0.10829740762710571,20.991869401105532,0.9509569914447846,ok,located,false
qwen2511_class_word_prompt_v2_oracle,key_x_lock_cov50_1,0,key_x_lock,0.5,cov50,0.498359,0.09426449984312057,21.49514819790521,0.863994352779924,ok,located,false
qwen2511_class_word_prompt_v2_oracle,key_x_lock_cov50_1,1,key_x_lock,0.5,cov50,0.498359,0.11437951773405075,20.895475040280168,0.8503758456216595,ok,located,false
qwen2511_class_word_prompt_v2_oracle,key_x_lock_cov50_1,2,key_x_lock,0.5,cov50,0.498359,0.08624374866485596,23.51237564330953,0.9553815157717852,ok,located,false
qwen2511_class_word_prompt_v2_oracle,key_x_lock_cov50_1,3,key_x_lock,0.5,cov50,0.498359,0.10991846024990082,21.533483922599807,0.8715098092693299,ok,located,false
qwen2511_class_word_prompt_v2_oracle,key_x_lock_cov50_1,4,key_x_lock,0.5,cov50,0.498359,0.10651805996894836,21.42786466093868,0.8750465321273723,ok,located,true
qwen2511_class_word_prompt_v2_oracle,key_x_lock_cov50_2,0,key_x_lock,0.5,cov50,0.511836,0.09842877089977264,22.973476964965684,0.9463553467939132,ok,located,true
qwen2511_class_word_prompt_v2_oracle,key_x_lock_cov50_2,1,key_x_lock,0.5,cov50,0.511836,0.09965773671865463,21.98909854415295,0.9520615367895843,ok,located,false
qwen2511_class_word_prompt_v2_oracle,key_x_lock_cov50_2,2,key_x_lock,0.5,cov50,0.511836,0.09807631373405457,22.309274180727204,0.956615266967248,ok,located,false
qwen2511_class_word_prompt_v2_oracle,key_x_lock_cov50_2,3,key_x_lock,0.5,cov50,0.511836,0.10759841650724411,22.56931672229473,0.9501867924412633,ok,located,false
qwen2511_class_word_prompt_v2_oracle,key_x_lock_cov50_2,4,key_x_lock,0.5,cov50,0.511836,0.09629441052675247,22.25888160522764,0.9575628532223499,ok,located,false
qwen2511_class_word_prompt_v2_oracle,potion_x_crate_cov50_0,0,potion_x_crate,0.5,cov50,0.518319,0.040656678378582,26.179988411675644,0.8843542757914783,ok,located,true
qwen2511_class_word_prompt_v2_oracle,potion_x_crate_cov50_0,1,potion_x_crate,0.5,cov50,0.518319,0.04008479043841362,26.36944395249469,0.8880440608243299,ok,located,false
qwen2511_class_word_prompt_v2_oracle,potion_x_crate_cov50_0,2,potion_x_crate,0.5,cov50,0.518319,0.06063004583120346,26.425016743847767,0.891562725325859,ok,located,false
qwen2511_class_word_prompt_v2_oracle,potion_x_crate_cov50_0,3,potion_x_crate,0.5,cov50,0.518319,0.03693152219057083,26.5727989201941,0.8930266264496441,ok,located,false
qwen2511_class_word_prompt_v2_oracle,potion_x_crate_cov50_0,4,potion_x_crate,0.5,cov50,0.518319,0.04342345893383026,26.21464009029761,0.8820237161406607,ok,located,false
qwen2511_class_word_prompt_v2_oracle,potion_x_crate_cov50_1,0,potion_x_crate,0.5,cov50,0.505658,0.021035006269812584,30.033522175635824,0.9337968809246756,ok,located,false
qwen2511_class_word_prompt_v2_oracle,potion_x_crate_cov50_1,1,potion_x_crate,0.5,cov50,0.505658,0.012831371277570724,34.884717964617536,0.953866124523039,ok,located,true
qwen2511_class_word_prompt_v2_oracle,potion_x_crate_cov50_1,2,potion_x_crate,0.5,cov50,0.505658,0.01272976491600275,33.2339548964423,0.9468705717376645,ok,located,false
qwen2511_class_word_prompt_v2_oracle,potion_x_crate_cov50_1,3,potion_x_crate,0.5,cov50,0.505658,0.01299988105893135,32.575648311769626,0.943978137637144,ok,located,false
qwen2511_class_word_prompt_v2_oracle,potion_x_crate_cov50_1,4,potion_x_crate,0.5,cov50,0.505658,0.011145800352096558,33.021906616709146,0.9426788375320122,ok,located,false
qwen2511_class_word_prompt_v2_oracle,potion_x_crate_cov50_2,0,potion_x_crate,0.5,cov50,0.514935,0.03254089877009392,27.585512150246792,0.9167353673638944,ok,located,false
qwen2511_class_word_prompt_v2_oracle,potion_x_crate_cov50_2,1,potion_x_crate,0.5,cov50,0.514935,0.03673581779003143,27.38801526302412,0.9165947282324981,ok,located,false
qwen2511_class_word_prompt_v2_oracle,potion_x_crate_cov50_2,2,potion_x_crate,0.5,cov50,0.514935,0.03437887877225876,27.917042680669763,0.9219937294514474,ok,located,true
qwen2511_class_word_prompt_v2_oracle,potion_x_crate_cov50_2,3,potion_x_crate,0.5,cov50,0.514935,0.014226868748664856,34.79734514513297,0.9653801797626348,ok,located,false
qwen2511_class_word_prompt_v2_oracle,potion_x_crate_cov50_2,4,potion_x_crate,0.5,cov50,0.514935,0.07677105069160461,27.407729673912232,0.9086552660041668,ok,located,false
qwen2511_class_word_prompt_v2_oracle,gem_x_ring_cov30_0,0,gem_x_ring,0.3,cov30,0.299812,0.012612409889698029,27.41813472203163,0.9504594062598398,ok,located,true
qwen2511_class_word_prompt_v2_oracle,gem_x_ring_cov30_0,1,gem_x_ring,0.3,cov30,0.299812,0.06367961317300797,18.05737449461371,0.8660967677372836,ok,located,false
qwen2511_class_word_prompt_v2_oracle,gem_x_ring_cov30_0,2,gem_x_ring,0.3,cov30,0.299812,0.015088502317667007,25.103111234898073,0.91265106014341,ok,located,false
qwen2511_class_word_prompt_v2_oracle,gem_x_ring_cov30_0,3,gem_x_ring,0.3,cov30,0.299812,0.010960275307297707,28.743083965539977,0.9545979767014513,ok,located,false
qwen2511_class_word_prompt_v2_oracle,gem_x_ring_cov30_0,4,gem_x_ring,0.3,cov30,0.299812,0.008543960750102997,28.90476361191956,0.9610318163963929,ok,located,false
qwen2511_class_word_prompt_v2_oracle,gem_x_ring_cov30_1,0,gem_x_ring,0.3,cov30,0.287595,0.31443220376968384,8.570875863384018,0.520573234907202,ok,located,false
qwen2511_class_word_prompt_v2_oracle,gem_x_ring_cov30_1,1,gem_x_ring,0.3,cov30,0.287595,0.029714109376072884,19.883096224842078,0.7960633744703904,ok,located,false
qwen2511_class_word_prompt_v2_oracle,gem_x_ring_cov30_1,2,gem_x_ring,0.3,cov30,0.287595,0.029200324788689613,22.662726557624502,0.8690424839020802,ok,located,true
qwen2511_class_word_prompt_v2_oracle,gem_x_ring_cov30_1,3,gem_x_ring,0.3,cov30,0.287595,0.015467828139662743,23.104979068365136,0.892941412382036,ok,located,false
qwen2511_class_word_prompt_v2_oracle,gem_x_ring_cov30_1,4,gem_x_ring,0.3,cov30,0.287595,0.00990400929003954,27.11625006363873,0.9472943603600097,ok,located,false
qwen2511_class_word_prompt_v2_oracle,gem_x_ring_cov30_2,0,gem_x_ring,0.3,cov30,0.290504,0.2617158889770508,9.206725347230433,0.5910855835849406,ok,located,false
qwen2511_class_word_prompt_v2_oracle,gem_x_ring_cov30_2,1,gem_x_ring,0.3,cov30,0.290504,0.05453822761774063,15.753082138819414,0.7708287052404788,ok,located,true
qwen2511_class_word_prompt_v2_oracle,gem_x_ring_cov30_2,2,gem_x_ring,0.3,cov30,0.290504,0.013233515433967113,25.726757077038723,0.933402726774517,ok,located,false
qwen2511_class_word_prompt_v2_oracle,gem_x_ring_cov30_2,3,gem_x_ring,0.3,cov30,0.290504,0.08549721539020538,15.360565452676486,0.8494237565907875,ok,located,false
qwen2511_class_word_prompt_v2_oracle,gem_x_ring_cov30_2,4,gem_x_ring,0.3,cov30,0.290504,0.03203268349170685,23.429392895888334,0.9130640177411443,ok,located,false
qwen2511_class_word_prompt_v2_oracle,pen_x_book_cov30_0,0,pen_x_book,0.3,cov30,0.310811,0.26991066336631775,16.592441548510322,0.7238360066938174,ok,located,false
qwen2511_class_word_prompt_v2_oracle,pen_x_book_cov30_0,1,pen_x_book,0.3,cov30,0.310811,0.11801528930664062,19.42785180402905,0.7925471040863273,ok,located,false
qwen2511_class_word_prompt_v2_oracle,pen_x_book_cov30_0,2,pen_x_book,0.3,cov30,0.310811,0.0742923766374588,24.987288601316145,0.8688940463868965,ok,located,true
qwen2511_class_word_prompt_v2_oracle,pen_x_book_cov30_0,3,pen_x_book,0.3,cov30,0.310811,0.025078698992729187,27.691678767213716,0.9492879435853699,ok,located,false
qwen2511_class_word_prompt_v2_oracle,pen_x_book_cov30_0,4,pen_x_book,0.3,cov30,0.310811,0.02582891285419464,30.03284645319144,0.9685638399258533,ok,located,false
qwen2511_class_word_prompt_v2_oracle,pen_x_book_cov30_1,0,pen_x_book,0.3,cov30,0.304428,0.3837547302246094,13.59786663600703,0.5862213470386572,ok,located,false
qwen2511_class_word_prompt_v2_oracle,pen_x_book_cov30_1,1,pen_x_book,0.3,cov30,0.304428,0.023581286892294884,28.71104243922573,0.9384539703379099,ok,located,true
qwen2511_class_word_prompt_v2_oracle,pen_x_book_cov30_1,2,pen_x_book,0.3,cov30,0.304428,0.09329423308372498,28.448150113822315,0.9053003806198534,ok,located,false
qwen2511_class_word_prompt_v2_oracle,pen_x_book_cov30_1,3,pen_x_book,0.3,cov30,0.304428,0.01903689280152321,30.624896350463136,0.9482316015062263,ok,located,false
qwen2511_class_word_prompt_v2_oracle,pen_x_book_cov30_1,4,pen_x_book,0.3,cov30,0.304428,0.020173707976937294,30.12523935493983,0.9454200972686486,ok,located,false
qwen2511_class_word_prompt_v2_oracle,pen_x_book_cov30_2,0,pen_x_book,0.3,cov30,0.306125,0.25731825828552246,17.668419217802665,0.8127889497511247,ok,located,false
qwen2511_class_word_prompt_v2_oracle,pen_x_book_cov30_2,1,pen_x_book,0.3,cov30,0.306125,0.25729045271873474,20.024535319556527,0.7682867019887635,ok,located,false
qwen2511_class_word_prompt_v2_oracle,pen_x_book_cov30_2,2,pen_x_book,0.3,cov30,0.306125,0.03441811725497246,30.49254788530211,0.9517480266729051,ok,located,true
qwen2511_class_word_prompt_v2_oracle,pen_x_book_cov30_2,3,pen_x_book,0.3,cov30,0.306125,0.02879786491394043,31.64926053014973,0.946829109392353,ok,located,false
qwen2511_class_word_prompt_v2_oracle,pen_x_book_cov30_2,4,pen_x_book,0.3,cov30,0.306125,0.012743399478495121,38.03218296237318,0.9805407799540484,ok,located,false
qwen2511_class_word_prompt_v2_oracle,sword_x_shield_cov30_0,0,sword_x_shield,0.3,cov30,0.286166,0.02009594440460205,31.784960294494073,0.9719948581430594,ok,located,false
qwen2511_class_word_prompt_v2_oracle,sword_x_shield_cov30_0,1,sword_x_shield,0.3,cov30,0.286166,0.06487385183572769,24.23046968163677,0.8983837247702717,ok,located,false
qwen2511_class_word_prompt_v2_oracle,sword_x_shield_cov30_0,2,sword_x_shield,0.3,cov30,0.286166,0.025290440768003464,29.387192757921508,0.9643813822514217,ok,located,false
qwen2511_class_word_prompt_v2_oracle,sword_x_shield_cov30_0,3,sword_x_shield,0.3,cov30,0.286166,0.02806098759174347,24.246190929668003,0.8954339361013206,ok,located,true
qwen2511_class_word_prompt_v2_oracle,sword_x_shield_cov30_0,4,sword_x_shield,0.3,cov30,0.286166,0.08556605130434036,22.927105215824305,0.8821293495221623,ok,located,false
qwen2511_class_word_prompt_v2_oracle,sword_x_shield_cov30_1,0,sword_x_shield,0.3,cov30,0.280355,0.017647486180067062,26.80913173050208,0.9312353321420779,ok,located,false
qwen2511_class_word_prompt_v2_oracle,sword_x_shield_cov30_1,1,sword_x_shield,0.3,cov30,0.280355,0.4221760034561157,10.31533251543393,0.5648112570644811,ok,located,false
qwen2511_class_word_prompt_v2_oracle,sword_x_shield_cov30_1,2,sword_x_shield,0.3,cov30,0.280355,0.05844160541892052,21.036149444199033,0.8469168120573803,ok,located,false
qwen2511_class_word_prompt_v2_oracle,sword_x_shield_cov30_1,3,sword_x_shield,0.3,cov30,0.280355,0.03498515859246254,21.619540602096144,0.867076684704819,ok,located,false
qwen2511_class_word_prompt_v2_oracle,sword_x_shield_cov30_1,4,sword_x_shield,0.3,cov30,0.280355,0.04353712871670723,22.79182230479483,0.8630855098857899,ok,located,true
qwen2511_class_word_prompt_v2_oracle,sword_x_shield_cov30_2,0,sword_x_shield,0.3,cov30,0.284125,0.03704199194908142,22.25741815417791,0.8785628638058912,ok,located,true
qwen2511_class_word_prompt_v2_oracle,sword_x_shield_cov30_2,1,sword_x_shield,0.3,cov30,0.284125,0.06287156045436859,22.84873819098364,0.8973577068577122,ok,located,false
qwen2511_class_word_prompt_v2_oracle,sword_x_shield_cov30_2,2,sword_x_shield,0.3,cov30,0.284125,0.06290554255247116,19.55095950869996,0.8435224980854423,ok,located,false
qwen2511_class_word_prompt_v2_oracle,sword_x_shield_cov30_2,3,sword_x_shield,0.3,cov30,0.284125,0.03234994411468506,23.41565462845348,0.9078764524433125,ok,located,false
qwen2511_class_word_prompt_v2_oracle,sword_x_shield_cov30_2,4,sword_x_shield,0.3,cov30,0.284125,0.02190319634974003,28.97808233275612,0.9611553787324043,ok,located,false
qwen2511_class_word_prompt_v2_oracle,hammer_x_anvil_cov30_0,0,hammer_x_anvil,0.3,cov30,0.310627,0.020773593336343765,32.062392009866926,0.9829876274159682,ok,located,false
qwen2511_class_word_prompt_v2_oracle,hammer_x_anvil_cov30_0,1,hammer_x_anvil,0.3,cov30,0.310627,0.020080329850316048,29.996740796406222,0.9769125099301551,ok,located,false
qwen2511_class_word_prompt_v2_oracle,hammer_x_anvil_cov30_0,2,hammer_x_anvil,0.3,cov30,0.310627,0.014041958376765251,31.506747091074516,0.9832406129195629,ok,located,false
qwen2511_class_word_prompt_v2_oracle,hammer_x_anvil_cov30_0,3,hammer_x_anvil,0.3,cov30,0.310627,0.01459568738937378,29.89992827796715,0.979084483032603,ok,located,false
qwen2511_class_word_prompt_v2_oracle,hammer_x_anvil_cov30_0,4,hammer_x_anvil,0.3,cov30,0.310627,0.017560184001922607,30.80401905265139,0.9762673006555588,ok,located,true
qwen2511_class_word_prompt_v2_oracle,hammer_x_anvil_cov30_1,0,hammer_x_anvil,0.3,cov30,0.280833,0.09941333532333374,19.763552926843193,0.845123684462551,ok,located,false
qwen2511_class_word_prompt_v2_oracle,hammer_x_anvil_cov30_1,1,hammer_x_anvil,0.3,cov30,0.280833,0.03237614035606384,28.71087253132353,0.9641562903399065,ok,located,false
qwen2511_class_word_prompt_v2_oracle,hammer_x_anvil_cov30_1,2,hammer_x_anvil,0.3,cov30,0.280833,0.1045583188533783,19.998457330975864,0.8481826017165771,ok,located,false
qwen2511_class_word_prompt_v2_oracle,hammer_x_anvil_cov30_1,3,hammer_x_anvil,0.3,cov30,0.280833,0.04213383421301842,26.082261828038256,0.9422477934332943,ok,located,true
qwen2511_class_word_prompt_v2_oracle,hammer_x_anvil_cov30_1,4,hammer_x_anvil,0.3,cov30,0.280833,0.036911722272634506,27.188117160517812,0.9522600596305913,ok,located,false
qwen2511_class_word_prompt_v2_oracle,hammer_x_anvil_cov30_2,0,hammer_x_anvil,0.3,cov30,0.306076,0.018071703612804413,33.12505076420657,0.9759407886276459,ok,located,false
qwen2511_class_word_prompt_v2_oracle,hammer_x_anvil_cov30_2,1,hammer_x_anvil,0.3,cov30,0.306076,0.016454391181468964,33.998361392995776,0.981507250305591,ok,located,false
qwen2511_class_word_prompt_v2_oracle,hammer_x_anvil_cov30_2,2,hammer_x_anvil,0.3,cov30,0.306076,0.01366950199007988,33.78451738457842,0.9803102566581288,ok,located,false
qwen2511_class_word_prompt_v2_oracle,hammer_x_anvil_cov30_2,3,hammer_x_anvil,0.3,cov30,0.306076,0.01387312263250351,34.11353038068341,0.9794435288510556,ok,located,false
qwen2511_class_word_prompt_v2_oracle,hammer_x_anvil_cov30_2,4,hammer_x_anvil,0.3,cov30,0.306076,0.015411312691867352,34.55669425080471,0.9804406318304365,ok,located,true
qwen2511_class_word_prompt_v2_lab_noise_mask_oracle_3pct,emblem_x_banner_cov50_0,0,emblem_x_banner,0.5,cov50,0.497214,0.016615884378552437,31.36826761592853,0.9715075724837495,ok,located,false
qwen2511_class_word_prompt_v2_lab_noise_mask_oracle_3pct,emblem_x_banner_cov50_0,1,emblem_x_banner,0.5,cov50,0.497214,0.018794192001223564,31.953312387386383,0.9769711512463598,ok,located,true
qwen2511_class_word_prompt_v2_lab_noise_mask_oracle_3pct,emblem_x_banner_cov50_0,2,emblem_x_banner,0.5,cov50,0.497214,0.021209219470620155,31.435604002826985,0.9739525554676711,ok,located,false
qwen2511_class_word_prompt_v2_lab_noise_mask_oracle_3pct,emblem_x_banner_cov50_0,3,emblem_x_banner,0.5,cov50,0.497214,0.024939507246017456,31.601194441315844,0.9728469408071009,ok,located,false
qwen2511_class_word_prompt_v2_lab_noise_mask_oracle_3pct,emblem_x_banner_cov50_0,4,emblem_x_banner,0.5,cov50,0.497214,0.015767864882946014,31.74456354336131,0.975392385308584,ok,located,false
qwen2511_class_word_prompt_v2_lab_noise_mask_oracle_3pct,emblem_x_banner_cov50_1,0,emblem_x_banner,0.5,cov50,0.486007,0.0156924519687891,34.798413605507896,0.9823432262713014,ok,located,false
qwen2511_class_word_prompt_v2_lab_noise_mask_oracle_3pct,emblem_x_banner_cov50_1,1,emblem_x_banner,0.5,cov50,0.486007,0.008055651560425758,36.073086160781955,0.9887661769494328,ok,located,true
qwen2511_class_word_prompt_v2_lab_noise_mask_oracle_3pct,emblem_x_banner_cov50_1,2,emblem_x_banner,0.5,cov50,0.486007,0.005331221502274275,35.913733155198045,0.9895643136434019,ok,located,false
qwen2511_class_word_prompt_v2_lab_noise_mask_oracle_3pct,emblem_x_banner_cov50_1,3,emblem_x_banner,0.5,cov50,0.486007,0.005851896945387125,36.25831424179308,0.9899642339383803,ok,located,false
qwen2511_class_word_prompt_v2_lab_noise_mask_oracle_3pct,emblem_x_banner_cov50_1,4,emblem_x_banner,0.5,cov50,0.486007,0.011397754773497581,35.22386062131065,0.9843314808119373,ok,located,false
qwen2511_class_word_prompt_v2_lab_noise_mask_oracle_3pct,emblem_x_banner_cov50_2,0,emblem_x_banner,0.5,cov50,0.505033,0.06528612971305847,27.662157370197157,0.943015774604969,ok,located,false
qwen2511_class_word_prompt_v2_lab_noise_mask_oracle_3pct,emblem_x_banner_cov50_2,1,emblem_x_banner,0.5,cov50,0.505033,0.02637331746518612,32.032566844537634,0.9746721837628775,ok,located,false
qwen2511_class_word_prompt_v2_lab_noise_mask_oracle_3pct,emblem_x_banner_cov50_2,2,emblem_x_banner,0.5,cov50,0.505033,0.025770852342247963,31.84922104982272,0.9809925842251147,ok,located,true
qwen2511_class_word_prompt_v2_lab_noise_mask_oracle_3pct,emblem_x_banner_cov50_2,3,emblem_x_banner,0.5,cov50,0.505033,0.022662656381726265,29.7433388572759,0.9699261691204589,ok,located,false
qwen2511_class_word_prompt_v2_lab_noise_mask_oracle_3pct,emblem_x_banner_cov50_2,4,emblem_x_banner,0.5,cov50,0.505033,0.0180724635720253,32.09511309049252,0.979324242017109,ok,located,false
qwen2511_class_word_prompt_v2_lab_noise_mask_oracle_3pct,food_x_plate_cov70_0,0,food_x_plate,0.7,cov70,0.713963,0.03525874391198158,34.13640427087547,0.9725154890391247,ok,located,false
qwen2511_class_word_prompt_v2_lab_noise_mask_oracle_3pct,food_x_plate_cov70_0,1,food_x_plate,0.7,cov70,0.713963,0.02989746257662773,34.34547560173537,0.9780172413931333,ok,located,false
qwen2511_class_word_prompt_v2_lab_noise_mask_oracle_3pct,food_x_plate_cov70_0,2,food_x_plate,0.7,cov70,0.713963,0.04722365736961365,31.738638307171794,0.9731462332649023,ok,located,false
qwen2511_class_word_prompt_v2_lab_noise_mask_oracle_3pct,food_x_plate_cov70_0,3,food_x_plate,0.7,cov70,0.713963,0.055130913853645325,31.293490734637956,0.963815310773744,ok,located,false
qwen2511_class_word_prompt_v2_lab_noise_mask_oracle_3pct,food_x_plate_cov70_0,4,food_x_plate,0.7,cov70,0.713963,0.03654399886727333,34.5735817795357,0.9773257485538821,ok,located,true
qwen2511_class_word_prompt_v2_lab_noise_mask_oracle_3pct,food_x_plate_cov70_1,0,food_x_plate,0.7,cov70,0.695275,0.022900957614183426,29.815810975914783,0.9633118587207087,ok,located,false
qwen2511_class_word_prompt_v2_lab_noise_mask_oracle_3pct,food_x_plate_cov70_1,1,food_x_plate,0.7,cov70,0.695275,0.026122167706489563,29.166114281174686,0.954232750249398,ok,located,true
qwen2511_class_word_prompt_v2_lab_noise_mask_oracle_3pct,food_x_plate_cov70_1,2,food_x_plate,0.7,cov70,0.695275,0.03684200346469879,27.182126827380984,0.9387277427795927,ok,located,false
qwen2511_class_word_prompt_v2_lab_noise_mask_oracle_3pct,food_x_plate_cov70_1,3,food_x_plate,0.7,cov70,0.695275,0.043046314269304276,27.942033778456363,0.9544090558227104,ok,located,false
qwen2511_class_word_prompt_v2_lab_noise_mask_oracle_3pct,food_x_plate_cov70_1,4,food_x_plate,0.7,cov70,0.695275,0.02462567389011383,29.451536631857245,0.9602890353378388,ok,located,false
qwen2511_class_word_prompt_v2_lab_noise_mask_oracle_3pct,food_x_plate_cov70_2,0,food_x_plate,0.7,cov70,0.695829,0.015426738187670708,29.64908477052178,0.9707668634488162,ok,located,false
qwen2511_class_word_prompt_v2_lab_noise_mask_oracle_3pct,food_x_plate_cov70_2,1,food_x_plate,0.7,cov70,0.695829,0.01833290606737137,26.21386633128152,0.9549556866008023,ok,located,true
qwen2511_class_word_prompt_v2_lab_noise_mask_oracle_3pct,food_x_plate_cov70_2,2,food_x_plate,0.7,cov70,0.695829,0.027114909142255783,25.194248528133723,0.9400706568353177,ok,located,false
qwen2511_class_word_prompt_v2_lab_noise_mask_oracle_3pct,food_x_plate_cov70_2,3,food_x_plate,0.7,cov70,0.695829,0.02945389412343502,25.585505210778297,0.9488311744643187,ok,located,false
qwen2511_class_word_prompt_v2_lab_noise_mask_oracle_3pct,food_x_plate_cov70_2,4,food_x_plate,0.7,cov70,0.695829,0.017075303941965103,30.23030675238104,0.9730818995445162,ok,located,false
qwen2511_class_word_prompt_v2_lab_noise_mask_oracle_3pct,coin_x_chest_cov70_0,0,coin_x_chest,0.7,cov70,0.7127,0.10465572774410248,19.857019694747457,0.787034314669529,ok,located,false
qwen2511_class_word_prompt_v2_lab_noise_mask_oracle_3pct,coin_x_chest_cov70_0,1,coin_x_chest,0.7,cov70,0.7127,0.14303138852119446,19.182426603006203,0.7621190533237647,ok,located,false
qwen2511_class_word_prompt_v2_lab_noise_mask_oracle_3pct,coin_x_chest_cov70_0,2,coin_x_chest,0.7,cov70,0.7127,0.14410755038261414,19.440434204247296,0.7733775080652047,ok,located,false
qwen2511_class_word_prompt_v2_lab_noise_mask_oracle_3pct,coin_x_chest_cov70_0,3,coin_x_chest,0.7,cov70,0.7127,0.1282965987920761,19.174596347484073,0.7617511912849991,ok,located,false
qwen2511_class_word_prompt_v2_lab_noise_mask_oracle_3pct,coin_x_chest_cov70_0,4,coin_x_chest,0.7,cov70,0.7127,0.1357702612876892,19.384768770375103,0.7792523419713367,ok,located,true
qwen2511_class_word_prompt_v2_lab_noise_mask_oracle_3pct,coin_x_chest_cov70_1,0,coin_x_chest,0.7,cov70,0.709374,0.1494937241077423,18.51302244337837,0.7413446979891897,ok,located,false
qwen2511_class_word_prompt_v2_lab_noise_mask_oracle_3pct,coin_x_chest_cov70_1,1,coin_x_chest,0.7,cov70,0.709374,0.18261674046516418,17.953142160783393,0.7298273950443747,ok,located,false
qwen2511_class_word_prompt_v2_lab_noise_mask_oracle_3pct,coin_x_chest_cov70_1,2,coin_x_chest,0.7,cov70,0.709374,0.14062801003456116,19.130937387263057,0.7713120372285216,ok,located,true
qwen2511_class_word_prompt_v2_lab_noise_mask_oracle_3pct,coin_x_chest_cov70_1,3,coin_x_chest,0.7,cov70,0.709374,0.1194923147559166,18.80900817202904,0.7858927912544217,ok,located,false
qwen2511_class_word_prompt_v2_lab_noise_mask_oracle_3pct,coin_x_chest_cov70_1,4,coin_x_chest,0.7,cov70,0.709374,0.11958438903093338,18.522749822526137,0.7292131405493106,ok,located,false
qwen2511_class_word_prompt_v2_lab_noise_mask_oracle_3pct,coin_x_chest_cov70_2,0,coin_x_chest,0.7,cov70,0.707081,0.16336296498775482,17.914628845222108,0.6713031884184256,ok,located,false
qwen2511_class_word_prompt_v2_lab_noise_mask_oracle_3pct,coin_x_chest_cov70_2,1,coin_x_chest,0.7,cov70,0.707081,0.2110978066921234,13.781030980523393,0.634129109225461,ok,located,false
qwen2511_class_word_prompt_v2_lab_noise_mask_oracle_3pct,coin_x_chest_cov70_2,2,coin_x_chest,0.7,cov70,0.707081,0.1742193102836609,18.28440804590952,0.7130121947434169,ok,located,true
qwen2511_class_word_prompt_v2_lab_noise_mask_oracle_3pct,coin_x_chest_cov70_2,3,coin_x_chest,0.7,cov70,0.707081,0.17707540094852448,18.54826916128967,0.7129663208912337,ok,located,false
qwen2511_class_word_prompt_v2_lab_noise_mask_oracle_3pct,coin_x_chest_cov70_2,4,coin_x_chest,0.7,cov70,0.707081,0.172040656208992,18.002796280311788,0.6895482042103062,ok,located,false
qwen2511_class_word_prompt_v2_lab_noise_mask_oracle_3pct,key_x_lock_cov50_0,0,key_x_lock,0.5,cov50,0.485743,0.11960453540086746,21.421890108455553,0.9391632028318625,ok,located,false
qwen2511_class_word_prompt_v2_lab_noise_mask_oracle_3pct,key_x_lock_cov50_0,1,key_x_lock,0.5,cov50,0.485743,0.10595519840717316,20.436876514030526,0.9477094694425313,ok,located,false
qwen2511_class_word_prompt_v2_lab_noise_mask_oracle_3pct,key_x_lock_cov50_0,2,key_x_lock,0.5,cov50,0.485743,0.10231348872184753,21.116877735140438,0.9475925419600192,ok,located,false
qwen2511_class_word_prompt_v2_lab_noise_mask_oracle_3pct,key_x_lock_cov50_0,3,key_x_lock,0.5,cov50,0.485743,0.10690423101186752,21.19753776033206,0.9548008585648399,ok,located,false
qwen2511_class_word_prompt_v2_lab_noise_mask_oracle_3pct,key_x_lock_cov50_0,4,key_x_lock,0.5,cov50,0.485743,0.1064009889960289,21.032865552907563,0.9559485741517149,ok,located,true
qwen2511_class_word_prompt_v2_lab_noise_mask_oracle_3pct,key_x_lock_cov50_1,0,key_x_lock,0.5,cov50,0.498359,0.11096912622451782,21.352109999498722,0.8713803746352907,ok,located,false
qwen2511_class_word_prompt_v2_lab_noise_mask_oracle_3pct,key_x_lock_cov50_1,1,key_x_lock,0.5,cov50,0.498359,0.1059705913066864,21.70137052348433,0.8840638354769527,ok,located,true
qwen2511_class_word_prompt_v2_lab_noise_mask_oracle_3pct,key_x_lock_cov50_1,2,key_x_lock,0.5,cov50,0.498359,0.09112659096717834,23.307509959182653,0.9437569673555224,ok,located,false
qwen2511_class_word_prompt_v2_lab_noise_mask_oracle_3pct,key_x_lock_cov50_1,3,key_x_lock,0.5,cov50,0.498359,0.11049753427505493,21.3911205703674,0.8695389550900812,ok,located,false
qwen2511_class_word_prompt_v2_lab_noise_mask_oracle_3pct,key_x_lock_cov50_1,4,key_x_lock,0.5,cov50,0.498359,0.101777084171772,21.56449761157935,0.8873288318881825,ok,located,false
qwen2511_class_word_prompt_v2_lab_noise_mask_oracle_3pct,key_x_lock_cov50_2,0,key_x_lock,0.5,cov50,0.511836,0.09515552222728729,22.34581636302105,0.958456316524752,ok,located,false
qwen2511_class_word_prompt_v2_lab_noise_mask_oracle_3pct,key_x_lock_cov50_2,1,key_x_lock,0.5,cov50,0.511836,0.09770305454730988,22.009230437520934,0.9607777780033393,ok,located,false
qwen2511_class_word_prompt_v2_lab_noise_mask_oracle_3pct,key_x_lock_cov50_2,2,key_x_lock,0.5,cov50,0.511836,0.09523899853229523,22.345532790731973,0.9640672906370225,ok,located,true
qwen2511_class_word_prompt_v2_lab_noise_mask_oracle_3pct,key_x_lock_cov50_2,3,key_x_lock,0.5,cov50,0.511836,0.1005350798368454,22.34565580193052,0.961647278487057,ok,located,false
qwen2511_class_word_prompt_v2_lab_noise_mask_oracle_3pct,key_x_lock_cov50_2,4,key_x_lock,0.5,cov50,0.511836,0.09330686926841736,22.374860681062863,0.9658979545606182,ok,located,false
qwen2511_class_word_prompt_v2_lab_noise_mask_oracle_3pct,potion_x_crate_cov50_0,0,potion_x_crate,0.5,cov50,0.518319,0.043748438358306885,26.249489115776697,0.8901515754801871,ok,located,false
qwen2511_class_word_prompt_v2_lab_noise_mask_oracle_3pct,potion_x_crate_cov50_0,1,potion_x_crate,0.5,cov50,0.518319,0.04046967625617981,26.317183844517782,0.896015160598218,ok,located,false
qwen2511_class_word_prompt_v2_lab_noise_mask_oracle_3pct,potion_x_crate_cov50_0,2,potion_x_crate,0.5,cov50,0.518319,0.04359694570302963,26.480011610683647,0.898686810008348,ok,located,false
qwen2511_class_word_prompt_v2_lab_noise_mask_oracle_3pct,potion_x_crate_cov50_0,3,potion_x_crate,0.5,cov50,0.518319,0.03592207655310631,26.616798578442218,0.9013263543059954,ok,located,false
qwen2511_class_word_prompt_v2_lab_noise_mask_oracle_3pct,potion_x_crate_cov50_0,4,potion_x_crate,0.5,cov50,0.518319,0.04048449918627739,26.28491101746713,0.8912865176030875,ok,located,true
qwen2511_class_word_prompt_v2_lab_noise_mask_oracle_3pct,potion_x_crate_cov50_1,0,potion_x_crate,0.5,cov50,0.505658,0.011935887858271599,33.10654796866315,0.9523931614461997,ok,located,false
qwen2511_class_word_prompt_v2_lab_noise_mask_oracle_3pct,potion_x_crate_cov50_1,1,potion_x_crate,0.5,cov50,0.505658,0.014286773279309273,33.50136185329627,0.9553211508869001,ok,located,false
qwen2511_class_word_prompt_v2_lab_noise_mask_oracle_3pct,potion_x_crate_cov50_1,2,potion_x_crate,0.5,cov50,0.505658,0.011379831470549107,33.69262429474764,0.9533311793749797,ok,located,true
qwen2511_class_word_prompt_v2_lab_noise_mask_oracle_3pct,potion_x_crate_cov50_1,3,potion_x_crate,0.5,cov50,0.505658,0.01098254881799221,33.44885744365953,0.9522364815826313,ok,located,false
qwen2511_class_word_prompt_v2_lab_noise_mask_oracle_3pct,potion_x_crate_cov50_1,4,potion_x_crate,0.5,cov50,0.505658,0.010152929462492466,33.64765285277039,0.9494159562260621,ok,located,false
qwen2511_class_word_prompt_v2_lab_noise_mask_oracle_3pct,potion_x_crate_cov50_2,0,potion_x_crate,0.5,cov50,0.514935,0.02951037511229515,27.654469618256627,0.9218171445722393,ok,located,false
qwen2511_class_word_prompt_v2_lab_noise_mask_oracle_3pct,potion_x_crate_cov50_2,1,potion_x_crate,0.5,cov50,0.514935,0.036187924444675446,27.306514874904924,0.9198385451811065,ok,located,false
qwen2511_class_word_prompt_v2_lab_noise_mask_oracle_3pct,potion_x_crate_cov50_2,2,potion_x_crate,0.5,cov50,0.514935,0.027986232191324234,27.90363442869181,0.9274599210136683,ok,located,false
qwen2511_class_word_prompt_v2_lab_noise_mask_oracle_3pct,potion_x_crate_cov50_2,3,potion_x_crate,0.5,cov50,0.514935,0.03437457233667374,27.535235794544285,0.9181309166457078,ok,located,true
qwen2511_class_word_prompt_v2_lab_noise_mask_oracle_3pct,potion_x_crate_cov50_2,4,potion_x_crate,0.5,cov50,0.514935,0.07300303876399994,27.451414603990806,0.9147456645064258,ok,located,false
qwen2511_class_word_prompt_v2_lab_noise_mask_oracle_3pct,gem_x_ring_cov30_0,0,gem_x_ring,0.3,cov30,0.299812,0.01268681138753891,26.908137550511086,0.9511879895043589,ok,located,true
qwen2511_class_word_prompt_v2_lab_noise_mask_oracle_3pct,gem_x_ring_cov30_0,1,gem_x_ring,0.3,cov30,0.299812,0.1591983288526535,12.299008073744645,0.6440222267818649,ok,located,false
qwen2511_class_word_prompt_v2_lab_noise_mask_oracle_3pct,gem_x_ring_cov30_0,2,gem_x_ring,0.3,cov30,0.299812,0.01403809990733862,26.47569389485648,0.9364538459675238,ok,located,false
qwen2511_class_word_prompt_v2_lab_noise_mask_oracle_3pct,gem_x_ring_cov30_0,3,gem_x_ring,0.3,cov30,0.299812,0.01087474636733532,28.903229866381892,0.9595969593602103,ok,located,false
qwen2511_class_word_prompt_v2_lab_noise_mask_oracle_3pct,gem_x_ring_cov30_0,4,gem_x_ring,0.3,cov30,0.299812,0.01161567959934473,27.392880687241608,0.9581956480369626,ok,located,false
qwen2511_class_word_prompt_v2_lab_noise_mask_oracle_3pct,gem_x_ring_cov30_1,0,gem_x_ring,0.3,cov30,0.287595,0.016534002497792244,22.190250092540897,0.8964800482088476,ok,located,false
qwen2511_class_word_prompt_v2_lab_noise_mask_oracle_3pct,gem_x_ring_cov30_1,1,gem_x_ring,0.3,cov30,0.287595,0.13863492012023926,12.75981412864272,0.6677833512389526,ok,located,false
qwen2511_class_word_prompt_v2_lab_noise_mask_oracle_3pct,gem_x_ring_cov30_1,2,gem_x_ring,0.3,cov30,0.287595,0.013097256422042847,24.969618178946313,0.9298302699298868,ok,located,false
qwen2511_class_word_prompt_v2_lab_noise_mask_oracle_3pct,gem_x_ring_cov30_1,3,gem_x_ring,0.3,cov30,0.287595,0.01450646948069334,23.263457679454458,0.9002193931777741,ok,located,true
qwen2511_class_word_prompt_v2_lab_noise_mask_oracle_3pct,gem_x_ring_cov30_1,4,gem_x_ring,0.3,cov30,0.287595,0.011674640700221062,25.684922124522615,0.9425072543977491,ok,located,false
qwen2511_class_word_prompt_v2_lab_noise_mask_oracle_3pct,gem_x_ring_cov30_2,0,gem_x_ring,0.3,cov30,0.290504,0.03557821363210678,21.32276275568279,0.9303761896778178,ok,located,false
qwen2511_class_word_prompt_v2_lab_noise_mask_oracle_3pct,gem_x_ring_cov30_2,1,gem_x_ring,0.3,cov30,0.290504,0.051673464477062225,16.236015375000513,0.7826478576299314,ok,located,true
qwen2511_class_word_prompt_v2_lab_noise_mask_oracle_3pct,gem_x_ring_cov30_2,2,gem_x_ring,0.3,cov30,0.290504,0.012243276461958885,26.039101589956246,0.9408742800707101,ok,located,false
qwen2511_class_word_prompt_v2_lab_noise_mask_oracle_3pct,gem_x_ring_cov30_2,3,gem_x_ring,0.3,cov30,0.290504,0.07670668512582779,15.820702244696394,0.8892394144420059,ok,located,false
qwen2511_class_word_prompt_v2_lab_noise_mask_oracle_3pct,gem_x_ring_cov30_2,4,gem_x_ring,0.3,cov30,0.290504,0.05830126255750656,20.423388624991233,0.8966394058574682,ok,located,false
qwen2511_class_word_prompt_v2_lab_noise_mask_oracle_3pct,pen_x_book_cov30_0,0,pen_x_book,0.3,cov30,0.310811,0.030382297933101654,30.633579437375495,0.9704126348165304,ok,located,false
qwen2511_class_word_prompt_v2_lab_noise_mask_oracle_3pct,pen_x_book_cov30_0,1,pen_x_book,0.3,cov30,0.310811,0.023688290268182755,31.313677715424156,0.9718814645454762,ok,located,true
qwen2511_class_word_prompt_v2_lab_noise_mask_oracle_3pct,pen_x_book_cov30_0,2,pen_x_book,0.3,cov30,0.310811,0.020403875038027763,31.568630194384202,0.9728168781660504,ok,located,false
qwen2511_class_word_prompt_v2_lab_noise_mask_oracle_3pct,pen_x_book_cov30_0,3,pen_x_book,0.3,cov30,0.310811,0.019824672490358353,31.772700291130967,0.9749760588898247,ok,located,false
qwen2511_class_word_prompt_v2_lab_noise_mask_oracle_3pct,pen_x_book_cov30_0,4,pen_x_book,0.3,cov30,0.310811,0.023970793932676315,30.141645905999674,0.9724884498749299,ok,located,false
qwen2511_class_word_prompt_v2_lab_noise_mask_oracle_3pct,pen_x_book_cov30_1,0,pen_x_book,0.3,cov30,0.304428,0.02657974697649479,26.47031830243052,0.9134835324912688,ok,located,true
qwen2511_class_word_prompt_v2_lab_noise_mask_oracle_3pct,pen_x_book_cov30_1,1,pen_x_book,0.3,cov30,0.304428,0.026766056194901466,26.201742472450043,0.9108221094639756,ok,located,false
qwen2511_class_word_prompt_v2_lab_noise_mask_oracle_3pct,pen_x_book_cov30_1,2,pen_x_book,0.3,cov30,0.304428,0.03901516646146774,26.249965830790366,0.9085700692309512,ok,located,false
qwen2511_class_word_prompt_v2_lab_noise_mask_oracle_3pct,pen_x_book_cov30_1,3,pen_x_book,0.3,cov30,0.304428,0.024548709392547607,26.983089547244866,0.9173285673051917,ok,located,false
qwen2511_class_word_prompt_v2_lab_noise_mask_oracle_3pct,pen_x_book_cov30_1,4,pen_x_book,0.3,cov30,0.304428,0.013089473359286785,31.151296060464063,0.9669462987716444,ok,located,false
qwen2511_class_word_prompt_v2_lab_noise_mask_oracle_3pct,pen_x_book_cov30_2,0,pen_x_book,0.3,cov30,0.306125,0.04282384738326073,27.282036624902197,0.9615977402316677,ok,located,false
qwen2511_class_word_prompt_v2_lab_noise_mask_oracle_3pct,pen_x_book_cov30_2,1,pen_x_book,0.3,cov30,0.306125,0.04701259359717369,28.257775770660526,0.9458527007704758,ok,located,false
qwen2511_class_word_prompt_v2_lab_noise_mask_oracle_3pct,pen_x_book_cov30_2,2,pen_x_book,0.3,cov30,0.306125,0.023402296006679535,34.2742631143079,0.9743418412977882,ok,located,true
qwen2511_class_word_prompt_v2_lab_noise_mask_oracle_3pct,pen_x_book_cov30_2,3,pen_x_book,0.3,cov30,0.306125,0.01571211963891983,34.6071429442675,0.9751580232769813,ok,located,false
qwen2511_class_word_prompt_v2_lab_noise_mask_oracle_3pct,pen_x_book_cov30_2,4,pen_x_book,0.3,cov30,0.306125,0.015203152783215046,34.66361732635712,0.9746080533957865,ok,located,false
qwen2511_class_word_prompt_v2_lab_noise_mask_oracle_3pct,sword_x_shield_cov30_0,0,sword_x_shield,0.3,cov30,0.286166,0.021037496626377106,31.821530776374555,0.9748286730437652,ok,located,false
qwen2511_class_word_prompt_v2_lab_noise_mask_oracle_3pct,sword_x_shield_cov30_0,1,sword_x_shield,0.3,cov30,0.286166,0.06314174830913544,24.650602566334328,0.9057343407833307,ok,located,false
qwen2511_class_word_prompt_v2_lab_noise_mask_oracle_3pct,sword_x_shield_cov30_0,2,sword_x_shield,0.3,cov30,0.286166,0.014262608252465725,30.322201804036798,0.9687226948088785,ok,located,false
qwen2511_class_word_prompt_v2_lab_noise_mask_oracle_3pct,sword_x_shield_cov30_0,3,sword_x_shield,0.3,cov30,0.286166,0.026628101244568825,24.3487337612611,0.8997825644013492,ok,located,true
qwen2511_class_word_prompt_v2_lab_noise_mask_oracle_3pct,sword_x_shield_cov30_0,4,sword_x_shield,0.3,cov30,0.286166,0.09298242628574371,22.16336208560022,0.8758624321318721,ok,located,false
qwen2511_class_word_prompt_v2_lab_noise_mask_oracle_3pct,sword_x_shield_cov30_1,0,sword_x_shield,0.3,cov30,0.280355,0.018179351463913918,24.708925735309126,0.9092213277002384,ok,located,false
qwen2511_class_word_prompt_v2_lab_noise_mask_oracle_3pct,sword_x_shield_cov30_1,1,sword_x_shield,0.3,cov30,0.280355,0.42212340235710144,10.304414393115394,0.5648306329138232,ok,located,false
qwen2511_class_word_prompt_v2_lab_noise_mask_oracle_3pct,sword_x_shield_cov30_1,2,sword_x_shield,0.3,cov30,0.280355,0.03243253380060196,20.746854328682176,0.852377378223888,ok,located,true
qwen2511_class_word_prompt_v2_lab_noise_mask_oracle_3pct,sword_x_shield_cov30_1,3,sword_x_shield,0.3,cov30,0.280355,0.027107715606689453,21.687972762717422,0.8775753819972222,ok,located,false
qwen2511_class_word_prompt_v2_lab_noise_mask_oracle_3pct,sword_x_shield_cov30_1,4,sword_x_shield,0.3,cov30,0.280355,0.05909353867173195,20.565567836666126,0.8312196144482447,ok,located,false
qwen2511_class_word_prompt_v2_lab_noise_mask_oracle_3pct,sword_x_shield_cov30_2,0,sword_x_shield,0.3,cov30,0.284125,0.03833206743001938,24.473151097419915,0.9081775717978346,ok,located,true
qwen2511_class_word_prompt_v2_lab_noise_mask_oracle_3pct,sword_x_shield_cov30_2,1,sword_x_shield,0.3,cov30,0.284125,0.046139758080244064,22.906057870607675,0.8843346132901407,ok,located,false
qwen2511_class_word_prompt_v2_lab_noise_mask_oracle_3pct,sword_x_shield_cov30_2,2,sword_x_shield,0.3,cov30,0.284125,0.032191451638936996,22.306865177189867,0.8905466063239152,ok,located,false
qwen2511_class_word_prompt_v2_lab_noise_mask_oracle_3pct,sword_x_shield_cov30_2,3,sword_x_shield,0.3,cov30,0.284125,0.028253987431526184,24.524828568424248,0.9300851988611128,ok,located,false
qwen2511_class_word_prompt_v2_lab_noise_mask_oracle_3pct,sword_x_shield_cov30_2,4,sword_x_shield,0.3,cov30,0.284125,0.0868065133690834,26.905795649866636,0.9490027271270317,ok,located,false
qwen2511_class_word_prompt_v2_lab_noise_mask_oracle_3pct,hammer_x_anvil_cov30_0,0,hammer_x_anvil,0.3,cov30,0.310627,0.024962497875094414,29.253200640566934,0.9821995633444626,ok,located,false
qwen2511_class_word_prompt_v2_lab_noise_mask_oracle_3pct,hammer_x_anvil_cov30_0,1,hammer_x_anvil,0.3,cov30,0.310627,0.019096149131655693,30.286981060270755,0.9822175859273404,ok,located,false
qwen2511_class_word_prompt_v2_lab_noise_mask_oracle_3pct,hammer_x_anvil_cov30_0,2,hammer_x_anvil,0.3,cov30,0.310627,0.013025538995862007,31.39085931249425,0.9848532626407667,ok,located,false
qwen2511_class_word_prompt_v2_lab_noise_mask_oracle_3pct,hammer_x_anvil_cov30_0,3,hammer_x_anvil,0.3,cov30,0.310627,0.013496688567101955,29.70874178798299,0.9808700171583601,ok,located,false
qwen2511_class_word_prompt_v2_lab_noise_mask_oracle_3pct,hammer_x_anvil_cov30_0,4,hammer_x_anvil,0.3,cov30,0.310627,0.013941250741481781,31.1611254969366,0.981598425649727,ok,located,true
qwen2511_class_word_prompt_v2_lab_noise_mask_oracle_3pct,hammer_x_anvil_cov30_1,0,hammer_x_anvil,0.3,cov30,0.280833,0.04019555076956749,26.133787257212845,0.9456456548880462,ok,located,false
qwen2511_class_word_prompt_v2_lab_noise_mask_oracle_3pct,hammer_x_anvil_cov30_1,1,hammer_x_anvil,0.3,cov30,0.280833,0.03834793344140053,26.782961328809456,0.9527858726167064,ok,located,false
qwen2511_class_word_prompt_v2_lab_noise_mask_oracle_3pct,hammer_x_anvil_cov30_1,2,hammer_x_anvil,0.3,cov30,0.280833,0.03944934904575348,26.214094210728106,0.9467837174685982,ok,located,true
qwen2511_class_word_prompt_v2_lab_noise_mask_oracle_3pct,hammer_x_anvil_cov30_1,3,hammer_x_anvil,0.3,cov30,0.280833,0.04733039066195488,25.39754773194658,0.935174242023009,ok,located,false
qwen2511_class_word_prompt_v2_lab_noise_mask_oracle_3pct,hammer_x_anvil_cov30_1,4,hammer_x_anvil,0.3,cov30,0.280833,0.0391332246363163,26.316731261210975,0.9478338537225214,ok,located,false
qwen2511_class_word_prompt_v2_lab_noise_mask_oracle_3pct,hammer_x_anvil_cov30_2,0,hammer_x_anvil,0.3,cov30,0.306076,0.016184553503990173,33.4910674940776,0.9789703370658138,ok,located,false
qwen2511_class_word_prompt_v2_lab_noise_mask_oracle_3pct,hammer_x_anvil_cov30_2,1,hammer_x_anvil,0.3,cov30,0.306076,0.014764786697924137,34.40433679721093,0.9851902814517896,ok,located,true
qwen2511_class_word_prompt_v2_lab_noise_mask_oracle_3pct,hammer_x_anvil_cov30_2,2,hammer_x_anvil,0.3,cov30,0.306076,0.012748248875141144,34.213343440624335,0.9828529182945941,ok,located,false
qwen2511_class_word_prompt_v2_lab_noise_mask_oracle_3pct,hammer_x_anvil_cov30_2,3,hammer_x_anvil,0.3,cov30,0.306076,0.01363695040345192,34.022372504360575,0.9815952658911901,ok,located,false
qwen2511_class_word_prompt_v2_lab_noise_mask_oracle_3pct,hammer_x_anvil_cov30_2,4,hammer_x_anvil,0.3,cov30,0.306076,0.01598399318754673,34.229012417548375,0.984038578635204,ok,located,false
